text,label,true_label,predicted_label,negative_probability,neutral_probability,positive_probability,confidence,correct
@USER @USER what do these '1/2 naked pics' have to do with anything? They're not even like that.,1,Neutral,Negative,0.9704223,0.028174562,0.0014031121,0.9704223,False
"@USER @USER That's coming, but I think the victims are going to be Medicaid recipients.",1,Neutral,Negative,0.9844455,0.0145312585,0.0010232264,0.9844455,False
"@USER Wow,first Hugo Chavez and now Fidel Castro. Danny Glover, Michael Moore, Oliver Stone, and Sean Penn are running out of heroes.",0,Negative,Neutral,0.08835622,0.6051378,0.30650604,0.6051378,False
Savchenko now Saakashvili took drug test live on Ukraine TV. To prove they are not drug-fueled loonies?,1,Neutral,Negative,0.9853638,0.013577092,0.0010590991,0.9853638,False
How many more days until opening day? 😩,1,Neutral,Positive,0.035128552,0.13621739,0.8286541,0.8286541,False
All CSG and Fracking all around Australia is to cease and Mining Entities held Accountable! - Sign the Petition!,1,Neutral,Negative,0.9514491,0.04696528,0.0015856834,0.9514491,False
@USER @USER @USER @USER @USER @USER take away illegals and dead people and Trump wins popular vote too.,0,Negative,Neutral,0.38268152,0.49665922,0.12065928,0.49665922,False
OPINION: The Anti-#Trump #Riots Are a #SmokeScreen:,1,Neutral,Negative,0.9845334,0.014415744,0.0010507649,0.9845334,False
ISIS and The CIA What You Need To Know! #ISIS #falseflag #saudi #CIA #mossad #israel,1,Neutral,Negative,0.9504564,0.04762808,0.0019156608,0.9504564,False
"#Israel fire updates: Major blaze breaks out near #Jerusalem, firebombing suspected...",1,Neutral,Negative,0.9846858,0.014650269,0.0006638678,0.9846858,False
"RT @USER Can I politely suggest that we all stop using the term ""alt-right"" and use other, more precise words.",1,Neutral,Negative,0.85239667,0.14419408,0.0034091915,0.85239667,False
Bike parking still free.,1,Neutral,Positive,0.000827906,0.31819442,0.6809777,0.6809777,False
@USER @USER Trump is likely supporting Putin talking on unsecured phone lines bc Trump's tied to Russia #DworkinReport,1,Neutral,Negative,0.9092184,0.08777736,0.0030043088,0.9092184,False
Survey shows Poroshenko has lost considerable electoral support in two years,1,Neutral,Negative,0.9918893,0.007406461,0.0007042505,0.9918893,False
"So that Westworld show, it isn't too bad. I guess. If you like that sort of thing.",1,Neutral,Positive,0.0025114561,0.01638953,0.98109895,0.98109895,False
"Download UBER app, Register with this promo code NGSBA105 and get a free ride worth #2500. #Uber #UberNigeria",1,Neutral,Positive,0.0014813609,0.13935445,0.85916424,0.85916424,False
"@USER it's weird 'cause I usually like music in his vein, but it's every so shy of being memorable like a Bob Dylan/Lou Reed thing(?)",0,Negative,Neutral,0.08500479,0.857099,0.057896186,0.857099,False
#Putin has had it with #Obama and has decided to throw #America out of #Syria negotiations[URL],1,Neutral,Negative,0.93557125,0.06328178,0.0011469407,0.93557125,False
This isn't the 1st time @USER & the #Hamas supporting #IntifadaBrigade mock disasters/terror attacks while p…,1,Neutral,Negative,0.99063593,0.008569736,0.0007943099,0.99063593,False
Come on Electoral College. Please do your job. Majority of Americans do not want @USER This is NOT the f…,1,Neutral,Negative,0.97981936,0.018405313,0.0017753228,0.97981936,False
@USER @USER @USER @USER Let robots be #Robots!,1,Neutral,Positive,0.0015523692,0.061764177,0.9366834,0.9366834,False
CNN weeps for their erstwhile hero Fidel Castro.,0,Negative,Neutral,0.26051262,0.6560761,0.08341128,0.6560761,False
"@USER it's free with insurance because of Obamacare, which trump wants to repeal 🙃",0,Negative,Neutral,0.13214108,0.69583786,0.1720211,0.69583786,False
The #Obama admin. has carried out a deliberately deceptive campaign accusing Iran of sending arms to #Houthis#yemen[URL],1,Neutral,Negative,0.9888415,0.010334925,0.0008236287,0.9888415,False
#Yanukovych seems much more willing to take questions from the media than @USER often is! #UkrAine,1,Neutral,Positive,0.01126548,0.38860017,0.60013443,0.60013443,False
#TPP is N.W.O.; 1%er's Corporatocracy;～Global Governance by Corporate Jews.【[URL] [URL] #tcot #p2,1,Neutral,Negative,0.6241178,0.37036014,0.0055221096,0.6241178,False
“It’s such a futuristic idea. A world in which the descendants of slaves become poets.” ~ Terrance Hayes #NBAwards,1,Neutral,Positive,0.006432267,0.49439064,0.49917716,0.49917716,False
@USER Wow...this is one deadly statement! Reminding me of the Greta Muhammad Ali.,2,Positive,Negative,0.9896881,0.008675763,0.0016361849,0.9896881,False
i bought it for kh3 and persona 5 and ffxiv (tho i havent touched that in months,2,Positive,Neutral,0.12346613,0.7734243,0.10310957,0.7734243,False
Drop 75% Price: £7.88. Paperback: The Gay & Lesbian Marriage & Family Reader: Analyses of Problems and Prospe...,0,Negative,Neutral,0.005509482,0.98599166,0.008498818,0.98599166,False
@USER @USER @USER @USER You mean like Nancy Pelosi making millions on insider trading from her House sources?,1,Neutral,Negative,0.9867671,0.012302939,0.0009298501,0.9867671,False
"@USER Stay right here, buddy. There are lots of nasty women and bad hombres that are staying too.",1,Neutral,Negative,0.9916044,0.007129947,0.0012656297,0.9916044,False
"Suarez on twitter: ""YNWA #StevenGerrard"" [@USER] #FCBlive",2,Positive,Neutral,0.0013934028,0.98436075,0.014245895,0.98436075,False
"@USER sadly, Putin has won big time over the past 10-15 years. His biggest triumph being the election of his proxy @USER",2,Positive,Negative,0.88165873,0.10734005,0.011001276,0.88165873,False
"@USER in a post-truth world of propaganda and organized voter suppression, can you make progress without using the same tools)",1,Neutral,Negative,0.93356824,0.06317562,0.003256095,0.93356824,False
@USER deadline for WI is today and hoping your people are on it and NOT this lying Putin loving scammer,1,Neutral,Negative,0.9928396,0.006167133,0.0009932652,0.9928396,False
@USER same (praise Kim Jong-un),2,Positive,Neutral,0.01839698,0.8150025,0.16660051,0.8150025,False
4. One last time - #ArianaGrande[URL],2,Positive,Neutral,0.0021463847,0.93654484,0.06130874,0.93654484,False
Dady is slaying the game of abs.AMÈM LIAM PAYNE #MtvStarsNiallHoran #MPN #OneDirection,1,Neutral,Positive,0.00290773,0.041756615,0.95533574,0.95533574,False
"@USER Federal offices as POTUS ""NEED FEDERAL REGULATIONS, NOT STATE LAWS""~This needs to change to federal rules!",1,Neutral,Negative,0.9883829,0.010458332,0.0011587827,0.9883829,False
"@USER Hi. I can't find the old episodes of #TheWalkingDead on Virgin on Demand anymore: have they gone, or am I looking wrong? 😊 ❤📺",0,Negative,Neutral,0.16734312,0.6117476,0.22090915,0.6117476,False
.@USER on #Periscope: Black lives matter protest continues,1,Neutral,Negative,0.76354957,0.23294267,0.0035078335,0.76354957,False
troubling application of deep learning,1,Neutral,Negative,0.8830715,0.11396378,0.0029647788,0.8830715,False
"SORRY, HARRY...I'M LEAVING YOU FOR YOUR TWIN: MARCEL #JK #Onedirection #HarryStyles",1,Neutral,Positive,0.022944862,0.3126684,0.66438675,0.66438675,False
Soz but u can't protest against animal testing if you eat meat & dairy. Laboratories are like a vacation compared to meat & dairy farms.,1,Neutral,Negative,0.9833188,0.015040222,0.0016409219,0.9833188,False
Thousands flee Raqqa as Turkish-Kurdish tensions threaten anti-IS campaign #ISIS,1,Neutral,Negative,0.98659116,0.012699186,0.0007097104,0.98659116,False
"""who's the most wiped out white boy? Zac Efron! Zac Efron!""",1,Neutral,Negative,0.73168045,0.20626491,0.062054645,0.73168045,False
Bannon bringing Reagan back! #maga[URL] via @USER,1,Neutral,Positive,0.004764612,0.18560626,0.80962914,0.80962914,False
Anti-Trump Protests And Riots Backfire!! Students Starting To Realize Th... via @USER,1,Neutral,Negative,0.9890912,0.009882303,0.0010264573,0.9890912,False
"RT @USER When they're literally doing a Nazi salute you don't have to fudge and call them ""alt right""",1,Neutral,Negative,0.9775981,0.02068689,0.0017150091,0.9775981,False
#humanrights #UnitedNations Palestinian capable of overcoming aches to help humanitarian aids!,1,Neutral,Positive,0.0015012556,0.016723352,0.9817754,0.9817754,False
"@USER isn't he the ultra conservative anti- gay marriage, anti-abortion, anti- everything guy?",0,Negative,Neutral,0.047829397,0.929952,0.022218512,0.929952,False
"And in my defense, I said Marcelo out of reflex but clarified that Cristiano Ronaldo dos Santos Aveiro is actually the best.",2,Positive,Neutral,0.010293576,0.86775225,0.121954165,0.86775225,False
I think we should give all #ISIS members a Bible this #Christmas,1,Neutral,Negative,0.81782526,0.17751192,0.004662808,0.81782526,False
This is of concern for all of us,1,Neutral,Negative,0.64205855,0.34691405,0.011027381,0.64205855,False
"Even after the 4th time watching #FantasticBeasts, I still teared up at the John Williams opening scores. Such a cry baby 😭",2,Positive,Negative,0.90904397,0.06564515,0.025310796,0.90904397,False
"@USER But,her sis was big in election,familyRall writers&ACexpert on digi media,so logical cd increase # s",2,Positive,Neutral,0.012206928,0.77214235,0.21565066,0.77214235,False
Catching up on TWD #amc #TheWalkingDead,2,Positive,Neutral,0.003174389,0.9143575,0.08246808,0.9143575,False
@USER Marion Le Pen has also accepted stolen wine from Crimea and agreed to new winemaking partnership #Sanctions #CrimeaIsUkraine,0,Negative,Neutral,0.011250223,0.87315667,0.11559321,0.87315667,False
New on #Steemit: Cristiano Ronaldo all Luxury Cars,1,Neutral,Positive,0.0011386684,0.20792057,0.79094076,0.79094076,False
".@USER @USER Answers? What are the Qs?Problem is voter suppression, not vote chicanery.Focus on the former, not the latter.",1,Neutral,Negative,0.98825896,0.010769091,0.00097198255,0.98825896,False
@USER they have some bad hombres working tonight?,1,Neutral,Negative,0.9927577,0.0063590254,0.00088317523,0.9927577,False
"@USER secures first major sales order worth around $65,000 #business #news #investment #ASX200 #Pharmaceutical",2,Positive,Neutral,0.0012830633,0.8006943,0.19802265,0.8006943,False
"IFC signed agreement with Bank of #Palestine to scale up lending operations to smaller firms, especially women-owne…",2,Positive,Neutral,0.0010844592,0.9296104,0.06930518,0.9296104,False
mi mamá didn't tell me there was codeine in the cough syrup she gave me so I spent all of Thanksgiving drugged wbu,1,Neutral,Negative,0.98940897,0.0096496185,0.0009414581,0.98940897,False
Have a pesky relative that won't stop complaining about Trump? Check to see if they're registered to vote:[URL],1,Neutral,Negative,0.958969,0.039119616,0.0019113644,0.958969,False
The The Orlando #Python User Group meetup is hosting the Deep Learning with #Python on Monday after next. Be there:,2,Positive,Neutral,0.0006495347,0.7325313,0.26681915,0.7325313,False
Ashley Graham needed affirmation after being dumped #bollywood,1,Neutral,Negative,0.858329,0.1381383,0.0035327447,0.858329,False
#Buzzfeed is using #BIGOTED #ReligiousTest! #ChipGaines #JoannaGaines #HGTV #Christian,0,Negative,Neutral,0.0022436394,0.98230815,0.015448261,0.98230815,False
Westworld and our increasingly wired sense of eroticism,2,Positive,Neutral,0.030736838,0.617634,0.35162917,0.617634,False
@USER she introduced Ivanka to her husband!? Wow all surrounded by Putin's agents,1,Neutral,Negative,0.97642994,0.020676201,0.0028939133,0.97642994,False
Representing in the @USER for my peeps. #brownandproud #bad-hombres #thanksgiving,1,Neutral,Positive,0.0030196141,0.024978125,0.97200227,0.97200227,False
@USER Legal terminology for opposing gay marriage? Homo MatrimOHNO,0,Negative,Neutral,0.025213672,0.9665223,0.008264024,0.9665223,False
What would The [un] @USER & Conservatives say if @USER or @USER did a secret deal to give $300miln to WA? #auspol,0,Negative,Neutral,0.0049761673,0.98503506,0.009988776,0.98503506,False
Abortion really brings out the kid in you.,0,Negative,Positive,0.021900613,0.21085234,0.767247,0.767247,False
You can now virtually travel the planet as #Google Earth is available in VR.,1,Neutral,Positive,0.0016434505,0.17453854,0.823818,0.823818,False
New #BeautyAndTheBeast photo of Gaston wooing Belle @USER @USER,2,Positive,Neutral,0.0011366783,0.96168137,0.037182,0.96168137,False
Smart roads are the companion self-driving cars need.,1,Neutral,Positive,0.005346711,0.09331379,0.9013395,0.9013395,False
Increasingly looks like Russia just conducted a sophisticated intel & propaganda operation of historic significance…,1,Neutral,Negative,0.90952784,0.087880015,0.0025921168,0.90952784,False
"@USER A fine on that level does not really make much difference, does it 😔 #fracking destroys #environment @USER",1,Neutral,Negative,0.98894763,0.009440816,0.0016115898,0.98894763,False
@USER When are we going to sign Mr. @USER to his extention? Let's get it done!,2,Positive,Neutral,0.0036915313,0.59561485,0.40069366,0.59561485,False
"@USER @USER @USER Great, so how far will you comply? Just squeeze a little more gun control?Ban angled foregrips, fudd?",0,Negative,Neutral,0.122022495,0.79782194,0.08015546,0.79782194,False
@USER The Clinton Crime Foundation got everyone wanting to Pay to Play!,0,Negative,Positive,0.02921702,0.43572682,0.53505623,0.53505623,False
FCBarcelona: Arda Turan missed Friday's training session at the Ciutat Esportiva due to a fever #FCBlive,1,Neutral,Negative,0.85277265,0.14378059,0.003446709,0.85277265,False
Spirit of my silence i can hear you. But im afraid to be near you. #ThisIsUs 😍😍😍,2,Positive,Neutral,0.13180976,0.57154584,0.29664442,0.57154584,False
Why does everything need a #remake? Enjoy the #classics! #BeautyandtheBeast #TheBradyBunch,1,Neutral,Positive,0.003171522,0.08247791,0.91435057,0.91435057,False
"Link in bio - Come on The Walking Dead, get it together. #TheWalkingDead",2,Positive,Neutral,0.002127694,0.69223803,0.3056343,0.69223803,False
Using #homeopathy to heal #PneumoniaInDogs is quick & economical #NaturalDogs #HolisticDogs,1,Neutral,Positive,0.0013169728,0.184323,0.81436,0.81436,False
@USER My opinion-This is a ploy to make an agreement between her and Trump. She won't protest if he won't prosecute.,1,Neutral,Negative,0.6492077,0.34038103,0.010411228,0.6492077,False
"$2 Mil a DAY to protect Trump et al, because Melania doesn't want to move to DC, & Trumpkins wants to ""go home""",0,Negative,Neutral,0.07703308,0.90322703,0.019739876,0.90322703,False
@USER only Marine le Pen seems pleased! Very concerning for Europe. Hope some heads start to really work in Brussels!,1,Neutral,Negative,0.9800148,0.018565161,0.0014200796,0.9800148,False
"@USER Imagining a credible threat, can they force him to sit down for the briefing? ""Look son, some bad hombres wanna get you...""0",1,Neutral,Negative,0.9895064,0.009560525,0.0009330007,0.9895064,False
"True, the Obama Admin. Squashed the Tea Party movement, unprecedented behavior.",1,Neutral,Negative,0.57739246,0.37607113,0.0465364,0.57739246,False
"@USER @USER @USER @USER @USER That's the first step in Gov't ""Gun Control"" Eliminate access to Ammunition.",1,Neutral,Negative,0.8984672,0.0987007,0.0028321312,0.8984672,False
"Let's stop parsing.Just as #AltRight = Nazi, populist = anti-immigrant white supremacist. This is simple, irrefutable historical fact.",1,Neutral,Negative,0.9756859,0.02243328,0.0018806971,0.9756859,False
#Tigers #Memorabilia 2013 DETROIT TIGERS TICKET LOT OF 3 vs WHITE SOX CABRERA VERLANDER VGC L@@USER! #Vintage #Sports,2,Positive,Neutral,0.00175141,0.9762597,0.02198891,0.9762597,False
@USER #GilmoreGirlsTop4 easy 2. Sookie 3. Emily 4. Luke,2,Positive,Neutral,0.0010684299,0.8039143,0.19501719,0.8039143,False
@USER @USER I'm retiring from twitter,0,Negative,Neutral,0.09156838,0.8330344,0.07539721,0.8330344,False
Watch Tesla Model S P85D’s instant speed avoid a potential rear-end collision,2,Positive,Neutral,0.0050700787,0.79003453,0.20489539,0.79003453,False
"Positive news - #France to enforce labeling of products produced in illegal #settlements, etc.: #Palestine #Israel",2,Positive,Neutral,0.042274814,0.5762718,0.38145348,0.5762718,False
@USER Direct Contact! Tell the Electoral College why they must invoke Emergency Safety Measures #NotMyPresident,1,Neutral,Negative,0.92395175,0.074005984,0.0020423005,0.92395175,False
This is by far the most clear-eyed WH appraisal of Obamacare's problems that we've seen. That's encouraging.,1,Neutral,Positive,0.0036778967,0.03353566,0.96278644,0.96278644,False
I'm starting to like the cowboys without Tony Romo,1,Neutral,Positive,0.024433974,0.16162324,0.81394285,0.81394285,False
Trump hit by media for choosing billionaires for Cabinet - Member of transition team Anthony Scaramucci weighs ...,0,Negative,Neutral,0.23101857,0.76056254,0.008418848,0.76056254,False
Neymar Jr leads the #UCL for assists - seven so far. We've got plenty more stats where that came from:…,1,Neutral,Positive,0.0009468954,0.30567458,0.69337857,0.69337857,False
Here's some @USER data on the partisan divide separating Dem and Rep views of Putin and Russia's role in the…,0,Negative,Neutral,0.026875274,0.9639914,0.009133356,0.9639914,False
its always valentines with this one #BabySelcaDay,1,Neutral,Positive,0.0014497652,0.0037111333,0.99483913,0.99483913,False
"Steve Bannon - its okay for straights to call lgbt ""gay, fag**t, and qu**r""... anyone who comes to me saying that gon catch these hands 👊💥 👊",0,Negative,Neutral,0.31526825,0.49081513,0.19391659,0.49081513,False
Tesla’s autopilot model highlights the dangers of self-driving cars and potential flaws in engineering.,1,Neutral,Negative,0.9816722,0.016915744,0.0014120052,0.9816722,False
Top story: TekUniverse Slashes Prices On The DreamCreator 3D Printing Pen For T… see more,2,Positive,Neutral,0.0033298428,0.9728555,0.023814626,0.9728555,False
Donald Trump should get Petr Cech to be the wall on the Mexican border. Nothing would get through.,1,Neutral,Negative,0.93610245,0.061391197,0.00250633,0.93610245,False
I'm gonna write a book based on Jigsaw capturing David Blaine lmao everyone's gonna h8 it,1,Neutral,Positive,0.0007904731,0.3315217,0.6676879,0.6676879,False
Phrenology meets deep learning. Precog here we come. If we could apply the test to all politicians & CEOs...[URL],1,Neutral,Positive,0.005692281,0.16721368,0.8270941,0.8270941,False
What the right wing press have dug up about the Brexit Supreme Court judges,1,Neutral,Negative,0.7673722,0.2296198,0.003008089,0.7673722,False
Chinese websites block searches for ‘Fatty Kim the Third’,1,Neutral,Negative,0.8979985,0.10040716,0.0015943747,0.8979985,False
"Despite their rocky history, @USER has joined the #LinuxFoundation as a platinum member",1,Neutral,Positive,0.0016515971,0.07520735,0.92314106,0.92314106,False
.@USER @USER voter suppression very real in WI per higher court injunction. Keep up. Secretary Clinton did not request recount.,1,Neutral,Negative,0.9838545,0.014974844,0.0011706495,0.9838545,False
"Dear NO voters, are you celebrating your victory? So are Nigel Farage and Marine Le Pen. Enjoy the lovely company. #ItalyReferendum",0,Negative,Positive,0.0021363958,0.053335648,0.944528,0.944528,False
We'll be featured in 3 magazines in a couple of months. Which pic should we use? #Vote #MDwine #BeautyAndTheBeast,2,Positive,Neutral,0.0007768676,0.6704939,0.32872924,0.6704939,False
"So Fidel is dead, but can someone enlighten me as to what's next?? Venezuelans rejoiced when Chavez died, but Maduro's just as bad/worse.",1,Neutral,Negative,0.99198115,0.0069519067,0.0010670265,0.99198115,False
Donald Trump Owns a Stake in the Dakota Access Pipeline #TrumpDirtyMoney #DakotaAccessPipeline,1,Neutral,Negative,0.9278381,0.0694985,0.0026633653,0.9278381,False
@USER @USER How do you explain this?,0,Negative,Neutral,0.01626453,0.97735786,0.00637756,0.97735786,False
Ahmed lost his home to IS. #MosulOffensive,1,Neutral,Negative,0.990321,0.008832747,0.0008462678,0.990321,False
Malak al-Khatib: Symbol of Palestinian childhood denied via @USER #gaza #palestine #israel #BDS #jerusalem,1,Neutral,Negative,0.9112254,0.087317415,0.0014572,0.9112254,False
"@USER If Sox fans AND the actual org. are going to build an identity around hating the Cubs, then I'll give it right back.",1,Neutral,Negative,0.9529514,0.044443708,0.0026048736,0.9529514,False
@USER Asking for identification isn't voter suppression.,1,Neutral,Negative,0.71728766,0.27783886,0.004873457,0.71728766,False
8 Dangerous Side Effects of Fracking That the Industry Doesn't Want You to Hear About | Alternet[URL],1,Neutral,Negative,0.99095976,0.008062909,0.0009772878,0.99095976,False
"@USER @USER wow!! How awful! I thought this was next because of transgender acceptance, not gay marriage. Great video! #pizzagate",1,Neutral,Negative,0.98007166,0.015353146,0.004575235,0.98007166,False
#Butterball Turkey Shareholder Investigated for Ties to #Hezbollah #terrorist #pig #revokecitizenship,1,Neutral,Negative,0.85817444,0.13980944,0.0020161187,0.85817444,False
"The @USER host Atlanta tonight. Don't be the fan who shows up at halftime, the game tips at 6p.",1,Neutral,Positive,0.005668271,0.4511317,0.5432,0.5432,False
"@USER says ""In 2007 The #UnitedStates of #America voted the wrong way on genocide in the #UnitedNations """,1,Neutral,Negative,0.99197054,0.0072832247,0.00074619194,0.99197054,False
"""Kim Fatty the Third""",0,Negative,Neutral,0.0022213736,0.9866876,0.011091013,0.9866876,False
"All plots to kill Hitler came from Rightists: von Stauffenberg, Rommel...",1,Neutral,Negative,0.9777713,0.020966107,0.0012625485,0.9777713,False
#RaulCastro: #Cuban #government will not #allow to be named after #Fidel the street and put him monuments…,1,Neutral,Negative,0.9012752,0.096886836,0.0018379692,0.9012752,False
Microsoft HoloLens just pulled off a mixed reality #MannequinChallenge. #htcive #baofeng #psvr,1,Neutral,Positive,0.001192682,0.033375364,0.9654319,0.9654319,False
"Potential for inhalable vaccines for influenza, pneumonia, with new approach",1,Neutral,Positive,0.00235107,0.06566959,0.9319793,0.9319793,False
"You got nothing to loose except your Retirement, SS, Medicare, Pensions, Healthcare, the right to vote. They voted GOP, need Mental Health",0,Negative,Neutral,0.35755542,0.6084417,0.03400287,0.6084417,False
"""Fatty Kim The Third"" 😭😭😭",1,Neutral,Positive,0.002161174,0.072747976,0.92509085,0.92509085,False
"Is #Ukraine headed for another revolution? #Saakashvili who resigned the Kiev govt because of corruption, thinks yes",1,Neutral,Negative,0.94484425,0.0533034,0.0018523626,0.94484425,False
first date dream: take me to an anti-trump protest,0,Negative,Neutral,0.0169806,0.9310841,0.05193524,0.9310841,False
@USER I would ask Verlander about that but he's blocked me I think,1,Neutral,Negative,0.96371,0.035325132,0.0009649418,0.96371,False
Jill STEIN WHY YOU DO ME A FAVOR GO RECOUNT FIDEL CASTRO S BALLS,0,Negative,Neutral,0.0055972235,0.84674895,0.14765379,0.84674895,False
"#tech #summary: #tesla #model s can be located, #un #locked, #stolen by manipulating #tesla #apps",0,Negative,Neutral,0.029140392,0.93773115,0.033128448,0.93773115,False
😂😂😂😂 I was about to say shimmy Duncan because of tim Duncan but it ain't sound right,1,Neutral,Negative,0.9825895,0.014538587,0.0028720375,0.9825895,False
Black firday saleHead commissionsPersona 5 HUD commissions (best if you get both for $2 extra),1,Neutral,Positive,0.003285453,0.3087292,0.68798536,0.68798536,False
Lauren Graham Responds To Lin-Manuel Miranda's 'Gilmore Girls' tweet - beautiful!@USER @USER,1,Neutral,Positive,0.0010428696,0.0069947788,0.9919624,0.9919624,False
Join me in supporting Foster Campbell via @USER #UniteBlue #LibCrib,1,Neutral,Positive,0.0005758457,0.046324518,0.9530996,0.9530996,False
James Harden is better than Cristiano Ronaldo,1,Neutral,Positive,0.021277154,0.13380434,0.84491855,0.84491855,False
@USER The effects of voter suppression were likely greater than both.,1,Neutral,Negative,0.97637117,0.022459595,0.0011692325,0.97637117,False
@USER @USER insurance from 298 to 1300 month. She said tax hikes; he said tax cuts. Lota friends jobless. Dems had their chance.,0,Negative,Neutral,0.42176583,0.5518926,0.026341626,0.5518926,False
Am apreciat un videoclip pe @USER Cristiano Ronaldo ► Magic Goals 2016/17 Skills & Goals |HD|,1,Neutral,Positive,0.0017784645,0.026147794,0.9720738,0.9720738,False
Chinese scientists convert infectious viruses into live vaccines to tackle deadly viruses,2,Positive,Neutral,0.05112643,0.8314065,0.1174671,0.8314065,False
"68,000 Iraqis displaced from #MosulOffensive: #UN via @USER",1,Neutral,Negative,0.98273945,0.016608268,0.000652325,0.98273945,False
"I'm thankful for all of the nasty women, bad hombres and various other sub groups fighting for my rights and the...",2,Positive,Negative,0.84205025,0.12361544,0.03433438,0.84205025,False
"""We have lost everything"": Syrians return to ravaged Aleppo, @USER reports. by #AP via @USER",1,Neutral,Negative,0.99173963,0.007232116,0.0010281914,0.99173963,False
@USER @USER And it's why their first order of business will be to put major voter suppression in place nationwide.,1,Neutral,Negative,0.9903458,0.008654539,0.00099969,0.9903458,False
Remarkable. Expert who investigated death of Litvinenko 'killed himself' after trip to Russia @USER,0,Negative,Neutral,0.33455575,0.57020634,0.09523787,0.57020634,False
"this is a very diverse & talented cast of men, but I find it hard to believe that no women wrote #NBAwards-worthy b…",1,Neutral,Positive,0.03861198,0.42368472,0.5377033,0.5377033,False
Harlem Salutes Fidel Castro -- Tribute and Farewell From Black Community,1,Neutral,Positive,0.0017322517,0.21183147,0.7864363,0.7864363,False
@USER @USER @USER you act like they are going to give us the death penalty so there is a middle ground,1,Neutral,Negative,0.98778766,0.011110311,0.0011020097,0.98778766,False
@USER Trump always appeared uncomfortable with chants of #LockHerUp and #DrainTheSwamp,1,Neutral,Negative,0.9847425,0.014400556,0.00085697137,0.9847425,False
@USER HEY DUCK WHAT ARE YOU TALKING ABOUT MADURO AND tHE BOLIVARIAN REVOLUTION AHH COCKSUCKER?? GO TO GIVE ASS IN PARK AVENUE..EVERYDAY,0,Negative,Positive,0.21535958,0.33800125,0.4466392,0.4466392,False
Sharon needles is doing Melania trump n the crowd is chanting CULEERAA,0,Negative,Neutral,0.045325056,0.9018438,0.0528312,0.9018438,False
@USER @USER #ThankYouObama For showing US why POTUS is not an affirmative action position! #EpicFail,1,Neutral,Positive,0.18037765,0.37488377,0.44473857,0.44473857,False
Trump wants to build a wall on the Mexican border cause he has never heard of tunnels. Mexicans are eagerly awaiting their invoice.,0,Negative,Neutral,0.29245245,0.61275744,0.09479017,0.61275744,False
Tesla Model S Hits The Track Ahead Of Electric GT Championship,2,Positive,Neutral,0.0008108577,0.8860069,0.11318224,0.8860069,False
Vandalism OK as long as protest #PresidentElectTrump !?!? #DrainTheSwamp #AmericaFirst #maga via @USER,0,Negative,Neutral,0.15683375,0.822014,0.021152277,0.822014,False
"The Truth, The Whole Truth & Nothing But The Truth! These voter registration laws SHOULD B UNCONSTITUTIONAL bc the…",1,Neutral,Negative,0.98392856,0.014762017,0.0013095109,0.98392856,False
Kim Fatty the Third 😂😂😂😂 China has excelled itself this time 👌,0,Negative,Positive,0.0017906841,0.007343082,0.99086624,0.99086624,False
See #AngelaLansbury trending on @USER Oh no. reads story.Oh she just hates the idea of the live action #BeautyAndTheBeast movie.,1,Neutral,Negative,0.9902098,0.008384252,0.0014058485,0.9902098,False
Poroshenko was allowed to fine the TV for separatism -,1,Neutral,Negative,0.8969517,0.10084817,0.0022000773,0.8969517,False
The externalities when Linux Foundation joins #microsoft GNUOpponents of #swpatsVictims of Microsoft's patent extortion campaignTruth,0,Negative,Neutral,0.4265263,0.56421125,0.009262377,0.56421125,False
Join #PatriotForceOne to fight progressives control of social & mainsteam media. Unite now #PJNet #Tcot #Tlot #TPP #JusticeforBenghazi4,2,Positive,Neutral,0.010168877,0.9507756,0.039055474,0.9507756,False
Please suspend #ISIS accounts@USER @USER @USER @USER @USER,1,Neutral,Negative,0.9882835,0.010894392,0.0008221539,0.9882835,False
@USER what do drone strikes have to do with Syria?,1,Neutral,Negative,0.84949785,0.14893381,0.0015683483,0.84949785,False
The Media Willingly Bought Into The GOP's Bogus Clinton FBI Email Tale[URL],1,Neutral,Negative,0.96819645,0.030255996,0.0015474921,0.96819645,False
Bday whiskeys @USER with local baskets of deplorables @USER @USER @USER @USER,1,Neutral,Negative,0.98959774,0.0092322845,0.0011699692,0.98959774,False
“Lead claimant in case also says newspaper coverage has incited violence against her and prevented her leading nor…”,1,Neutral,Negative,0.9825264,0.016784208,0.000689363,0.9825264,False
Microsoft joins Linux foundation as Platinum member. Va @USER,1,Neutral,Positive,0.0010867796,0.07492374,0.92398953,0.92398953,False
"If I just listen to the whole Leonard Cohen catalog one more time, will it start to feel okay? #fuck2016",1,Neutral,Negative,0.988992,0.008936358,0.0020717136,0.988992,False
"Bonus Morning: Husband working at cabin, boys still asleep, and no football on TV...YET. Time to catch up on @USER #ThisIsUs #Family",1,Neutral,Positive,0.004126544,0.07077636,0.92509705,0.92509705,False
"As Rakitic & Neymar both got yellow carded against Celtic & will therefore sit out the final game in Group C, at home to M'Gladbach #fcblive",1,Neutral,Negative,0.88893795,0.10944178,0.0016202902,0.88893795,False
"@USER All over, often in silly ways. For easier reading, I’ve collected my tweets about #GoogleEarthVR here:",1,Neutral,Positive,0.0047816355,0.49032047,0.5048979,0.5048979,False
@USER Mr. Arici didn't even pretend to donate to charity while paying to undermine our country with a dictator?,1,Neutral,Negative,0.9908381,0.008364088,0.0007977108,0.9908381,False
Consumer Reports: Tesla's Model X Is 'Fast and Flawed' - An anonymous reader quotes a report from MarketWatch: ...,1,Neutral,Negative,0.7077079,0.28011283,0.012179336,0.7077079,False
"@USER Herein lies the problem Conway said ""he is well aware of what US POLICY has been"" this was a deliberate act like Cuba Embargo",1,Neutral,Negative,0.98036546,0.018766567,0.00086803845,0.98036546,False
Football-Leaks: Cristiano Ronaldo accused of massive tax evasion via @USER,1,Neutral,Negative,0.89450204,0.102314815,0.0031831216,0.89450204,False
"At United, there are great traditions, which you can't buy in o... #CristianoRonaldo #citations",1,Neutral,Positive,0.0013015812,0.02817108,0.9705273,0.9705273,False
"CCFA thinks homeopathy and ""energy medicine"" are valid treatment options, go call them out",1,Neutral,Negative,0.966535,0.03152692,0.0019380933,0.966535,False
.@USER has no problem being compared to satan:,0,Negative,Positive,0.010727225,0.4456047,0.5436681,0.5436681,False
Director of National Intelligence James Clapper Resigns #TrumpTransition #TrumpTransitionTeam,1,Neutral,Negative,0.6080607,0.38367793,0.008261352,0.6080607,False
@USER why didn't he use executive Order! Like he's DOES with drone strikes in wars?,1,Neutral,Negative,0.9856403,0.013389023,0.0009706082,0.9856403,False
"@USER I find it funny that some people are like ""down with cis"" and it makes me laugh just how Nazi that sounds.",1,Neutral,Negative,0.50161177,0.4091682,0.08922006,0.50161177,False
Facebook has banned modeling pictures of Melania Knauss Trump,0,Negative,Neutral,0.10497578,0.8825399,0.012484239,0.8825399,False
1D One Direction 22 inch Two Tone Teddy Bear with Varsity Jacket #1d #onedirection,2,Positive,Neutral,0.0010689092,0.9821889,0.016742293,0.9821889,False
"Uh oh, I can't stop singing @USER ""Jizz In My Pants"" but replacing ""my pants"" with ""Mike Pence.""",2,Positive,Negative,0.6746313,0.23216264,0.093206026,0.6746313,False
Anti-Trump Organizers Now Want The Electoral College To Vote ... #Election #ElectoralCollege #Buzz…,1,Neutral,Negative,0.9751746,0.023639861,0.0011854932,0.9751746,False
<-A Very Sexy Lesbian Couple. A & J #nsfw #bath #bubble #onedirection,1,Neutral,Positive,0.0035214769,0.08842784,0.9080506,0.9080506,False
UK government rejects MPs' criticism of #Libya intervention,1,Neutral,Negative,0.8891087,0.10891817,0.0019730995,0.8891087,False
Another #oil producer's under pressure to devalue its currency & fight a booming black market for #dollars. #Libya.…,1,Neutral,Negative,0.8595649,0.13839413,0.0020409117,0.8595649,False
@USER #hatchimals yes please!,1,Neutral,Positive,0.0011731324,0.27104035,0.72778654,0.72778654,False
RE: Christian Ronaldo's new hair: It's been worse. #Mensstyle #Mensfashion,1,Neutral,Negative,0.9928403,0.00627485,0.00088479824,0.9928403,False
So true. #DrainTheSwamp & start with #NeverRomney. @USER,1,Neutral,Positive,0.0027079445,0.041145697,0.9561464,0.9561464,False
"@USER ah I have a few! Persona 5, South Park, Horizon, Detroit and RDR2! Far too many haha.",1,Neutral,Positive,0.0012629103,0.020177018,0.97856003,0.97856003,False
Only 82 days left until Valentines Day,2,Positive,Neutral,0.0023351477,0.81506926,0.18259558,0.81506926,False
@USER This is a big problem with conservatives. You have to be respectful and present your argument intellectually.,1,Neutral,Negative,0.9883612,0.010513477,0.0011253725,0.9883612,False
@USER @USER Nothing says racial justice like defending voter suppression as good when democrats do it.,1,Neutral,Negative,0.8670495,0.1201506,0.012799852,0.8670495,False
10 free taxi rides w/ Lyft #NYC #Broadway #hamilton #nyctheatre Use code NUMB #newyork #timeout #lyft #uber #ny,1,Neutral,Positive,0.0008578346,0.32228318,0.67685896,0.67685896,False
"@USER it's a joke, but maybe don't be the biggest sweetheart to kim jong un",0,Negative,Neutral,0.12588277,0.83759946,0.03651777,0.83759946,False
We mustn't allow fears over immigration to make us lose 'a common sense of what it is to be British' - The… #uk #fb,0,Negative,Neutral,0.22233628,0.75478953,0.022874152,0.75478953,False
Highland Council Website achieves Gold Standard for digital accessibility #LocalGov #LocalGovDigital #accessibility,1,Neutral,Positive,0.0014776126,0.008157628,0.99036473,0.99036473,False
#Islam expert: Erdogan continues to support #Hamas,1,Neutral,Negative,0.9905935,0.008681746,0.00072476506,0.9905935,False
@USER Already have massive voter suppression.,1,Neutral,Negative,0.9945463,0.004593714,0.0008600196,0.9945463,False
"@USER ""British values""? What are they? Fear of foreigners? Blaming immigration for all our woes? I think we should be told.",1,Neutral,Negative,0.97139376,0.027428033,0.0011781821,0.97139376,False
It's always odd to me when ppl / analysts say this ... it's like saying The Royals Bullpen should win Cy Young,0,Negative,Neutral,0.44705147,0.5377321,0.015216448,0.5377321,False
TONIGHT at the Leaf: Gravity A // night after Thanksgiving party // Maple Leaf! Bring your ticket stub from the...,2,Positive,Neutral,0.0007571599,0.9456425,0.053600304,0.9456425,False
"@USER Yeah, ima respect this Admin as much as they respected Obama's",0,Negative,Positive,0.004061125,0.03727693,0.9586619,0.9586619,False
PURE COMEDY. From a supporter of #Hamas and Islamic Jihad. @USER,1,Neutral,Negative,0.98166764,0.01693497,0.001397434,0.98166764,False
#Iran rejects Israel's claim of arms transfers to #Hezbollah on commercial flights - 'absurd and evidence-free',1,Neutral,Negative,0.6945016,0.30020785,0.0052905884,0.6945016,False
3 yrs already 😭😭😭#3yearofMidnightmemories #onedirection,1,Neutral,Positive,0.0018228628,0.013360237,0.98481685,0.98481685,False
"When you read this you immediately know it can't be true.. ""Cristiano #Ronaldo wired the money #STRAIGHT to the British Virgin islands"".",1,Neutral,Negative,0.93284667,0.064641595,0.0025117141,0.93284667,False
How the #uber case will help local taxi firms in the UK - #uberdriver #taxi #transport #jobs #wages #bristol,2,Positive,Neutral,0.0014931725,0.7579572,0.24054958,0.7579572,False
I think its so interesting that half of Cubans are mourning the loss of Fidel Castro while the other half are celebrating,0,Negative,Positive,0.0176854,0.30876333,0.67355126,0.67355126,False
"The 10 most difficult countries to visit, according to the man who's visited every single one[URL] #News",1,Neutral,Negative,0.7125077,0.2806969,0.006795341,0.7125077,False
#IAmTinaToo Stop #Cuadrilla from #fracking #BankruptCuadrilla #ECOCIDE,1,Neutral,Negative,0.9607249,0.037735976,0.0015390798,0.9607249,False
#Quoteoftheday by Pope Francis. He is the 266th and current Pope of the Roman Catholic Church,1,Neutral,Positive,0.0010234775,0.22359431,0.7753822,0.7753822,False
"And there we have it, we are certainly living in the end times: Microsoft Joins The Linux Foundation",1,Neutral,Positive,0.0038334327,0.1452174,0.8509491,0.8509491,False
"#BlackLivesMatter planning to disrupt #BlackFriday Shoppers in Chicago. Rahm Emanuel can't keep citizens safe, but…",1,Neutral,Negative,0.9781342,0.020999774,0.0008659575,0.9781342,False
"with the Electoral College being decided by 0.06% of the vote, there's no way you can trace it to any one cause",1,Neutral,Negative,0.8869481,0.10714038,0.005911549,0.8869481,False
@USER You deplorables haven't been saying Merry Christmas because you thought you weren't allowed...bwahahahaha now that's funny! 😂😂😂,1,Neutral,Negative,0.9872034,0.008516391,0.0042801243,0.9872034,False
Interesting that recounts are only in states where Trump won. What about #TheWalkingDead? California should be main…,0,Negative,Neutral,0.026450578,0.63038284,0.34316662,0.63038284,False
"One thing we're learning about Trump is that his train of thought rarely runs on a single track, writes Ron Elving",0,Negative,Neutral,0.25083375,0.7345354,0.014630914,0.7345354,False
Guess I'm about to catch up on #ScreamQueens,1,Neutral,Positive,0.0025472231,0.15160386,0.84584886,0.84584886,False
"Microsoft—yes, Microsoft—joins the Linux Foundation",1,Neutral,Positive,0.0012203535,0.04614448,0.95263517,0.95263517,False
I am a hipster muppet who enjoys authoritarian fracking . Support our troops.,2,Positive,Negative,0.98883665,0.009656732,0.0015065969,0.98883665,False
Save 33%! - MLB Chicago Cubs Kid's Jersey Toothbrush #sports #siskiyou,1,Neutral,Positive,0.0008256489,0.27621305,0.72296137,0.72296137,False
What will they bring in next? Euthanasia for the disabled?,0,Negative,Neutral,0.28619343,0.7087511,0.0050554527,0.7087511,False
Minimum wage went up in co Outside of people making minimum wage where I work the owner was only planning in giving ten cent raises for,1,Neutral,Negative,0.70226634,0.29191458,0.0058190837,0.70226634,False
galaxy allo dictionary of garbage note 7 fire ios exynos 🍆 🍆,0,Negative,Neutral,0.03457243,0.91206306,0.053364575,0.91206306,False
#WESTWORLD Dolores is MF Wyatt mutherfuckerrrrrrr I don't think I've guessed one MF thing I love shows like this,0,Negative,Positive,0.010702209,0.012005039,0.9772928,0.9772928,False
$10 says Tony Romo moves to a new team since Dallas is literally having their best season without him.,1,Neutral,Positive,0.0039866637,0.06831371,0.9276996,0.9276996,False
"Omfg in china they call kim jong un ""kim fatty the third""",0,Negative,Neutral,0.002054051,0.9822338,0.015712189,0.9822338,False
"Venezuela: Maduro calls for ""rebellion of Venezuelan women"": Thousands of people took the streets of Caracas on…",1,Neutral,Negative,0.9111853,0.08701721,0.0017974473,0.9111853,False
I mean. He won't try to kill her and that's probably the worse thing for him. #Westworld,1,Neutral,Negative,0.991531,0.007110851,0.0013580658,0.991531,False
"China Censors ‘Kim Fatty the Third’ From Search After North Korean Request, #KimFattytheThird, Has a nice ring",1,Neutral,Negative,0.5230663,0.40442333,0.072510414,0.5230663,False
Quick favor - how to politely end conversation with an over chatty #uber driver?,2,Positive,Neutral,0.023712367,0.93271786,0.04356979,0.93271786,False
"It is time we Georgians did not depend only on others, it is tim... #MikheilSaakashvili #quotes",2,Positive,Neutral,0.041805424,0.9410048,0.017189775,0.9410048,False
"@USER If the popular vote counted at all we wouldn't be having this conversation. Trump won. He's a jerk, but he did win.",1,Neutral,Negative,0.98357844,0.013757651,0.0026639854,0.98357844,False
Currently watching this Love & Happiness musical in the WH and I'm crying that POTUS is talmbout twerking in his intro. #ThankYouObama,2,Positive,Neutral,0.26972905,0.47572342,0.25454763,0.47572342,False
@USER No solution to a free press and a supposedly civil liberty society. We can pass real gun control maybe for AR rifles.,1,Neutral,Negative,0.94242525,0.055587728,0.001987007,0.94242525,False
Grayson Allen could sneeze and someone would get charged with a foul for giving him a cold,1,Neutral,Negative,0.98882306,0.010181005,0.0009958952,0.98882306,False
Begala: I got a better deal through Obamacare,1,Neutral,Positive,0.008645303,0.06174277,0.9296119,0.9296119,False
lmao at all the libs who are worried about whats gonna happen to gun control... my dudes we are way past that level of effete value signals,1,Neutral,Negative,0.9818584,0.016207533,0.001934027,0.9818584,False
"@USER NICOLAS MADURO Y CILIA FLORES AMONG OTHERS, MANAGE THE INTERNATIONAL DRUG TRAFFICKING FROM THE PRESIDENTIAL PALACE(MIRAFLORES).",0,Negative,Neutral,0.0061923857,0.98088145,0.012926118,0.98088145,False
Here’s What Samsung Plans to Do Differently with the Galaxy S8,1,Neutral,Positive,0.0011446978,0.45784995,0.5410053,0.5410053,False
@USER @USER @USER @USER @USER @USER how about the states Hillary won by less votes??? Them too?,0,Negative,Neutral,0.15251411,0.8295688,0.01791707,0.8295688,False
The trolls and bots are out in force tonight. #ThanksPutin! @USER #KremlinTrolls @USER #TrumpWon,1,Neutral,Negative,0.95031726,0.044990975,0.0046917764,0.95031726,False
"""did u ever read that essay about the kids in asia??? "" ... euthanasia",1,Neutral,Negative,0.9850471,0.014088398,0.00086447905,0.9850471,False
Drill baby drill... and devaluate? #libya #mena #oil #politicalrisk[URL],1,Neutral,Negative,0.9881087,0.010986096,0.00090525544,0.9881087,False
@USER zac efron n vanessa hudgens are back together????!,1,Neutral,Positive,0.0013941503,0.23612396,0.7624819,0.7624819,False
@USER @USER but also Michael Moore. Weird mix.,0,Negative,Neutral,0.103552826,0.8750865,0.02136062,0.8750865,False
#free online essay writing #thesis proposal writing,1,Neutral,Positive,0.0015506604,0.37667114,0.62177825,0.62177825,False
"im like a hawaiian roll still in the bag because your mom won't let you open it because ""they for thanksgiving""",1,Neutral,Negative,0.9417161,0.055005047,0.0032789109,0.9417161,False
@USER lol alright alright,1,Neutral,Positive,0.001057183,0.038204994,0.96073776,0.96073776,False
"@USER why ""almost Latina"" Hillary did not already work this for you #epicfail Hope they release him! #FreeOscarLopezRivera",1,Neutral,Negative,0.9459398,0.050076276,0.003983989,0.9459398,False
Wikileaks: Clinton Foundation Inside Information Raises Questions About Bill Clinton | TIME,0,Negative,Neutral,0.0248382,0.954763,0.0203988,0.954763,False
#sexy girls get fucked for first time zac efron and vanessa hugens having sex,1,Neutral,Negative,0.87645614,0.109884635,0.013659202,0.87645614,False
"New environmental documentary 'Before The Flood' stars Obama, Pope Francis and Leo DiCaprio #environment",1,Neutral,Positive,0.0010489282,0.18565524,0.81329584,0.81329584,False
Pray for Aleppo! O God please help these people! 😔,1,Neutral,Positive,0.039580308,0.23170301,0.72871673,0.72871673,False
"President-elect Trump could make big bucks from Dakota Access Pipeline, @USER reports",0,Negative,Neutral,0.028229162,0.8786987,0.0930721,0.8786987,False
"Framing anti-idpol leftists as ""alt"" makes the job of the kind of psyop tankies that attack zizek too easy.",1,Neutral,Negative,0.9848844,0.013993884,0.0011217684,0.9848844,False
#Iran Using #CommercialPlanes To Smuggle Weapons @USER #tcot #p2 #hezbollah #houthi #gwot…,1,Neutral,Negative,0.98388946,0.015397445,0.00071315543,0.98388946,False
"Remember, it always comes in three's ... Florence Henderson, Fidel Castro and the next will be .......Cross your fi…",0,Negative,Neutral,0.0014778819,0.8742448,0.1242773,0.8742448,False
#Spurs #GoSpursGo 2011-12 Panini Black Box #/99 TIM DUNCAN Black Status Elite Rare SPURS!!!! #TimDuncan #NBA,2,Positive,Neutral,0.0008126196,0.8340205,0.16516699,0.8340205,False
#Spurs #GoSpursGo TIm Duncan 1998-99 Upper Deck Super Powers Spurs #Card #S24 #TimDuncan #NBA,2,Positive,Neutral,0.00093908224,0.97194654,0.027114395,0.97194654,False
ITS A GALAXY NOTE 7! (Vine by @USER,2,Positive,Neutral,0.0019585474,0.962999,0.0350424,0.962999,False
"The alt right are nazis. Steve Bannon ran Breitbart, the platform for the alt right. Steve Bannon is in the white h…",1,Neutral,Negative,0.9895355,0.009178821,0.0012856819,0.9895355,False
"It was a law placed to overturn the Denton Fracking Ban (tx), that didn't let fracking around schools or where people live",0,Negative,Neutral,0.11266976,0.8683949,0.018935312,0.8683949,False
@USER @USER 1of2 - Mentioning Popular Vote w/out explaining how MASS IMMIGRATION affects it - is like mentioning the collapse of the - -,1,Neutral,Negative,0.94590145,0.051908053,0.002190444,0.94590145,False
How #deeplearning is powering video #SEO:,2,Positive,Neutral,0.002326521,0.687227,0.31044644,0.687227,False
"Russia playing Trump and TRUMPERS,never underestimate your opponent and RUSSIA is our opponent,Putin wants USSR and…",1,Neutral,Negative,0.6043957,0.38706186,0.008542517,0.6043957,False
Trump's wall on the Mexican border is just copying what Dhul-Qarnayn did to the Yajjuj Majjuj. #islamicmythologyjokes,1,Neutral,Negative,0.98454976,0.0144601,0.0009901234,0.98454976,False
Michelle Obama- Girl's Education- Brilliant- Role ModelMelania Trump- Nothing- Stole speech- Married Trump <-- that's saying enough,0,Negative,Neutral,0.30712026,0.52243155,0.1704482,0.52243155,False
You obviously attended a Saudi-funded Madrasa - you support #Hamas & #Hezbollah = two know terrorist organizations.…,1,Neutral,Negative,0.9934941,0.0057489616,0.0007569602,0.9934941,False
Natural resource exploitation in the Dead Sea area - The case of Ahava #gaza #palestine #israel #BDS,1,Neutral,Negative,0.97167385,0.027511891,0.0008142485,0.97167385,False
You just know Ben Carson's former PAC staff is out there fuming over this,1,Neutral,Negative,0.9901085,0.008902282,0.0009892476,0.9901085,False
Ash y Shay han pasado juntas Thanksgiving <3,2,Positive,Neutral,0.0010481178,0.94335383,0.055598073,0.94335383,False
Yes I support equality for ALL and love gay marriage LAW. No you won't overturn it because you are scared of the LG…,1,Neutral,Positive,0.08354598,0.31736743,0.59908664,0.59908664,False
Clueless Nancy Pelosi: Too much is being made of Clinton emails,1,Neutral,Negative,0.9639061,0.034358036,0.0017358642,0.9639061,False
#KobeBryant #Cards 2011 Panini Gold Standard Kobe Bryant Rare Auto Lakers Jersey On Card #17/49… #Kobe #Card #Deals,2,Positive,Neutral,0.0010788015,0.98256403,0.01635715,0.98256403,False
How can #Canada condone torture? #UnitedNations,1,Neutral,Negative,0.99327844,0.006018686,0.00070292025,0.99327844,False
"If not for voter suppression and machine finagling, Hillary would be transitioning. 2.5 million votes says so. Pelo…",1,Neutral,Negative,0.9821003,0.0164423,0.0014573428,0.9821003,False
"#GilmoreGirlsTop4 4. Mrs. Kim 3. Emily 2. Luke 1. Paris, without a doubt!",1,Neutral,Positive,0.0008837633,0.061589543,0.93752664,0.93752664,False
I added a video to a @USER playlist Melania Trump Plagiarized Michelle Obama's 2008 Speech word for words,1,Neutral,Negative,0.989032,0.009908105,0.0010599784,0.989032,False
I be mad Terry birthday in the same week as Christmas but dead ass be laughing when Valentines Day roll around an my birthday the next week,1,Neutral,Negative,0.4227127,0.41380286,0.16348445,0.4227127,False
"Tonight #Italian prime minister #Renzi intends to #resign & #Marine Le Pen welcomed #Italian #referendum results,co…",1,Neutral,Positive,0.003266388,0.30989838,0.6868352,0.6868352,False
"@USER Here's evidence that the neocon elite don't like Steve Bannon. If he did what Henry Kissinger wanted, you'd change tack.",1,Neutral,Negative,0.9901456,0.008715983,0.0011382711,0.9901456,False
Rehearsals for beauty and the beast. Featuring the massage train #actorslife #beautyandthebeast…,1,Neutral,Positive,0.0011991689,0.30656612,0.6922347,0.6922347,False
"@USER I'm really asking. Are any GOP leaders demanding investigations? For that matter, anyone in Obama admin pledging action? 1/",0,Negative,Neutral,0.09489006,0.89741135,0.0076986304,0.89741135,False
"""Why do you advocate for veganism/ vegetarianism?"" Well ... for one, if the whole world went vegan we could end world hunger ...",0,Negative,Positive,0.01238976,0.47824845,0.50936186,0.50936186,False
"She wasn't rejoicing because Israelis are burning, no she cried for the land grew up on but will never see again #Palestine",1,Neutral,Negative,0.98974574,0.009140488,0.0011137719,0.98974574,False
Tony romo is currently singing fake love by drake to Prescott....RIP,1,Neutral,Negative,0.98110825,0.017874245,0.0010174777,0.98110825,False
"@USER yep, they're setting the table for backup QB Tony Romo to botch a snap & lose to Seattle in playoffs haha 😂😂",1,Neutral,Negative,0.986652,0.01085651,0.0024914704,0.986652,False
"@USER @USER she's a great journalist, not sure where you get the 'piece of trash' you are talking about",1,Neutral,Positive,0.085198514,0.10974286,0.80505866,0.80505866,False
Graphene 3D Lab Plans to Develop a Next Generation Lithium-ion Battery and Joins Forces with Stony Brook University,2,Positive,Neutral,0.0007688161,0.9400653,0.05916593,0.9400653,False
"Say what u will abt his drone strikes but obama is by far the hottest president. The 2nd hottest is jfk, who to me is a 4, sorta frumpy",2,Positive,Neutral,0.12891072,0.58336467,0.2877246,0.58336467,False
Kim Jong Un doesn’t like being called ‘Kim Fatty the Third’Compains to China... They censor...[URL],1,Neutral,Negative,0.9895886,0.009511182,0.00090017734,0.9895886,False
Did any bad hombres show up to Thanksgiving?,1,Neutral,Negative,0.52490723,0.46917647,0.0059163193,0.52490723,False
@USER they paid for it out of every paycheck. The wealthy's elderly give everything to their families then claim Social Security.,0,Negative,Neutral,0.40356174,0.5715925,0.024845805,0.5715925,False
"What about WORST OFFENDERS, the violence against women in Muslim Islam Countries? #orangetheworld #Women #UniteBlue #Democrats #college #NFL",1,Neutral,Negative,0.9937324,0.0054346877,0.00083293894,0.9937324,False
"@USER I don't cry very often , bit your anti abortion video nearly ot me going . Bless you , @USER .",1,Neutral,Positive,0.02270017,0.1388436,0.8384563,0.8384563,False
Yes Mr Corbyn you're probably thinking democracy s u c k s...,0,Negative,Neutral,0.1616558,0.760373,0.077971235,0.760373,False
Strikes me that a propaganda drive that made it harder to organise voter registration might have had an impact,1,Neutral,Negative,0.9129011,0.08446523,0.0026337523,0.9129011,False
I feel like Michelle Obama when Melania stoled her speech 😭😂😂,0,Negative,Positive,0.014420734,0.12600479,0.8595745,0.8595745,False
"@USER @USER Look, I'm not gonna lie: that cut me deep. But with the help of Kim Jong-un I will get through this.",0,Negative,Positive,0.026956549,0.32443386,0.6486096,0.6486096,False
"@USER @USER @USER @USER we were mocking the idea of gun ""control"". lol",1,Neutral,Negative,0.7336272,0.2461198,0.020253025,0.7336272,False
Is this the best George soros could come up lots of love,0,Negative,Positive,0.0017230841,0.0034022063,0.99487466,0.99487466,False
Chris Patten: “Anybody welcomed by the Ku Klux Klan is not somebody I’d like to spend an evening with.” #SteveBannon,1,Neutral,Negative,0.96828204,0.030377809,0.0013401144,0.96828204,False
"Fine, I guess I'll tolerate Steve Bannon's appointment, but only if he legally changes his name to Race Baiter Ginsburg",0,Negative,Neutral,0.1275818,0.85056984,0.021848368,0.85056984,False
Seeing Angela Lansbury trending and fearing the worst. But it's about #BeautyAndTheBeast so we good ✌🏼️,1,Neutral,Positive,0.0018829905,0.025621261,0.97249573,0.97249573,False
liberals: russia is about to occupy dc! 😱lefties: trump & putin are gonna destroy ISIS together! ✊,0,Negative,Neutral,0.046868507,0.5634745,0.389657,0.5634745,False
"Lest anyone say that #Palestine & #Israel can't work together, #IsraelFires are Exhibit A that, yes, they can.",2,Positive,Neutral,0.066936806,0.63231814,0.30074507,0.63231814,False
Using robots to interview children about #bullying,1,Neutral,Negative,0.9305419,0.06676321,0.002694861,0.9305419,False
But... I dont wanna say goodbye the nations first black president.. 😢😭😭 #ThankYouObama #FLOTUS #Obama #DontGo,1,Neutral,Positive,0.027880516,0.110886365,0.8612331,0.8612331,False
I want to talk shit poetically like Muhammad Ali did. That shit is lit.,1,Neutral,Negative,0.9122651,0.07010744,0.017627496,0.9122651,False
"@USER @USER Yeah, ok man. He's got more knowledge than you ever will. If he tried to get the popular vote, he would've.",0,Negative,Positive,0.0036946358,0.026596773,0.9697086,0.9697086,False
Don't really want this to end but here goes... — watching Westworld,2,Positive,Negative,0.9389877,0.05640865,0.0046036644,0.9389877,False
Charles rails on bible thumping conservatives all the time and I find it funny because they're always taken a back that a veteran is going—,0,Negative,Neutral,0.34737486,0.6157739,0.036851227,0.6157739,False
#AbaddonNewWarlordDomination Ukraine's President: Trump Raised 'Russian Aggression' in Phone Call,0,Negative,Neutral,0.036179006,0.95664275,0.0071783275,0.95664275,False
@USER it would have felt better had we not had a Maduro or a Diosdado Cabello so the celebration wasn't as riveting lol,0,Negative,Neutral,0.186276,0.7671273,0.046596784,0.7671273,False
"@USER fossil fuels are unbelievably harmful to the environment, and there are many people who are living on green energy and thriving",1,Neutral,Negative,0.9308152,0.06198018,0.007204666,0.9308152,False
Social Security has you covered when traveling - Las Cruces Sun-News,1,Neutral,Positive,0.0010237222,0.07926249,0.91971374,0.91971374,False
Pop is gay for Tim Duncan,0,Negative,Neutral,0.04966142,0.817099,0.13323948,0.817099,False
"Home from @USER game in time to see @USER losing their cool. Haws PF vs shot clock, Mika 4th PF, Haws T. Gotta calm down",1,Neutral,Negative,0.9892029,0.009825519,0.0009715879,0.9892029,False
Dylann Roof Wants His Attorneys Back Until The Sentencing Phase Of His Death Penalty Case…,1,Neutral,Negative,0.7206738,0.2753607,0.0039655,0.7206738,False
"@USER voter suppression in numerous states( purging of a majority of democrats[blacks,latinos,elderly] in at least 10 states worked.",1,Neutral,Negative,0.9834431,0.015659496,0.00089748047,0.9834431,False
Internet of Tents and 3D printing workshops with @USER @USER and Andy Kitchen! #buzzconf,2,Positive,Neutral,0.00074843323,0.78027856,0.21897306,0.78027856,False
@USER hope to be there myself but don't you think reframing a subject as complex as abortion as a yes/no question is to over-simplify?,1,Neutral,Negative,0.54362965,0.43893698,0.01743344,0.54362965,False
@USER Why can't the ideologue for Black folks be the maximize our voting block by funding voter registration & getting out the vote,1,Neutral,Negative,0.7291666,0.26676446,0.004068868,0.7291666,False
Ukraine pres Poroshenko confident of US support after Trump victory,1,Neutral,Positive,0.005844976,0.15881816,0.83533686,0.83533686,False
"After S6, my #GilmoreGirlsTop4 has changed:4. Richard3. Sookie2. Jackson1. Paris",2,Positive,Neutral,0.0027852128,0.9796464,0.017568463,0.9796464,False
"Korea sent a formal request to China to stop calling Kim Jong Un ""Kim Fatty the Third"" online😂😂",1,Neutral,Negative,0.9110266,0.08534744,0.003625877,0.9110266,False
her words:i would agree regarding recount but you'll destabilize system; electoral college is 2 represent; have se…,0,Negative,Neutral,0.1268369,0.8583211,0.014842031,0.8583211,False
"@USER EU visas for Ukraine, will be abolished in the very near future.",1,Neutral,Negative,0.98748755,0.011718169,0.0007942994,0.98748755,False
"Unless Ukraine resolves its political crisis through an early parliamentary election, it may undergo a military...",1,Neutral,Negative,0.93326974,0.06563741,0.0010928508,0.93326974,False
15. Justin Verlander should have won the 2012 and 2016 Cy Youngs.,1,Neutral,Positive,0.01881405,0.34205407,0.63913196,0.63913196,False
@USER @USER Have faith in Steve Bannon... He will constantly remind Pres Trump to keep draining the swamp. He willTrump Prebus!,1,Neutral,Positive,0.024537932,0.2376665,0.7377956,0.7377956,False
speak the truth even though if its leading to death penalty. cause nothing will set you free except THE TRUTH.,2,Positive,Neutral,0.13664414,0.8018751,0.061480727,0.8018751,False
"Yes, including Medicare and social security saving👍",1,Neutral,Positive,0.0017961507,0.060115,0.93808883,0.93808883,False
If we had death penalty referendum Theresa May couldnt just bring back hanging using Royal Prerogative. Need Act of Parliament.,1,Neutral,Negative,0.99052536,0.00844492,0.0010296087,0.99052536,False
"Remember , during the Bush years, causing or being involved in another countries Civil war was unthinkable.…",1,Neutral,Negative,0.9700407,0.028345106,0.0016141838,0.9700407,False
just heard the go cubs go song 4 the 1st time & it sounds like a song that would play @ the end of a musical when the cast comes on stage,2,Positive,Neutral,0.013622161,0.7753543,0.21102355,0.7753543,False
"*playing guesstures*me ""when you get your nails done!""gage ""OH ITS MEDICARE!!""😂😂😭",0,Negative,Positive,0.017464591,0.10012854,0.8824069,0.8824069,False
"@USER Instead of building a wall on the Mexican border, can you build one across the @USER defensive line?",0,Negative,Neutral,0.010957126,0.9769007,0.012142267,0.9769007,False
@USER Where is the Persona 5 theme for EU and ANZ? I can't find it anywhere.,1,Neutral,Negative,0.51671606,0.47139248,0.011891504,0.51671606,False
"#Uber Introduced a New Feature to ""Thank"" Your #Driver",1,Neutral,Positive,0.0030052864,0.16849338,0.8285013,0.8285013,False
3d printing live!,1,Neutral,Positive,0.000809744,0.111278586,0.8879117,0.8879117,False
"Amnesty Inter' @USER latest report on #Yemen, layied on biased activists,turning people in #Taiz from victims into aggressors.@USER",1,Neutral,Negative,0.99240595,0.006770948,0.00082318345,0.99240595,False
Attended Youth Speak Forum @ #USConsulate by #AISECInChennai Lot of ideas and interactions#unitednations #y4gg,2,Positive,Neutral,0.00068368035,0.60096925,0.398347,0.60096925,False
$15 Minimum Wage Would Boost Economy & Create Jobs,1,Neutral,Positive,0.0010190662,0.02074032,0.9782406,0.9782406,False
if Persona 5 is already out and ready in Japan why can't we have it nowpleasemy crops are dying,1,Neutral,Negative,0.92806417,0.06874893,0.0031869211,0.92806417,False
#Israel: #Iran Smuggles Missile Technology to #Hezbollah on Commercial Flights @USER @USER |,1,Neutral,Negative,0.92794305,0.070747204,0.0013097211,0.92794305,False
#TrumpTransitionTeam #Boycott @USER hire Muslims denied #VeteranSpouses employment … #MAGA #Conservative,1,Neutral,Negative,0.9820541,0.017026387,0.00091944024,0.9820541,False
"Mr Trump win without him, he can bring Confucius in the cabinet",0,Negative,Positive,0.007472076,0.2416404,0.7508876,0.7508876,False
"Emily, Paris, Kirk, and TJ.#GilmoreGirlsTop4 #SookietheInvisible5th #teamLOGAN (Yes, I know, an unpopular opinion)",2,Positive,Negative,0.8818477,0.11303053,0.005121818,0.8818477,False
@USER @USER maybe bc 2 big headed 2 snarky 2 childish 2 animated 2 sarcastic 2 many hand gestures 2 anti Trump is that enough?,1,Neutral,Negative,0.5631993,0.42649132,0.01030938,0.5631993,False
"You might be in luck Gav Polish Tomasz is lucky, in 11 Muslim countries its the death penalty just for being Gay. I…",0,Negative,Neutral,0.19311754,0.5950992,0.21178326,0.5950992,False
#NowPlaying Leonard Cohen - Joan Of Arc (live),2,Positive,Neutral,0.0008525397,0.9067224,0.09242504,0.9067224,False
"@USER May God grant victory 2 Syrian freedom fighters who'r resisting the most loathsome & hated Assad and Russian, Iran thugs. #Aleppo",1,Neutral,Negative,0.547589,0.24071476,0.21169622,0.547589,False
"Clinton won popular vote against Obama but lost the primary ('08),not her 1st rodeo but not asking for recounts.",1,Neutral,Negative,0.7450994,0.24820192,0.006698681,0.7450994,False
Bob Dylan - How to Cultivate the Perfect Environment for Creative Work via @USER,1,Neutral,Positive,0.00086242944,0.087931946,0.9112056,0.9112056,False
#Barca's win at #Celtic cannot hide problems with summer recruits!! #FCBarcelona #fcblive #ForcaBarca,0,Negative,Neutral,0.15022139,0.69661945,0.1531591,0.69661945,False
@USER I'm raising $ for a new film on abortion rights in Red States + TRAP laws that are putting women at risk-,1,Neutral,Negative,0.9669225,0.031661473,0.0014160216,0.9669225,False
#Hollywood #Life Magazine - Superstars! #OneDirection - Harry Style - #ZaynMalik - Liam Niall…,1,Neutral,Positive,0.0006471027,0.00755908,0.9917938,0.9917938,False
#ElectoralCollege save #America before it's too late! Before you wake up to a #Putin rule of #US via #Trump,0,Negative,Neutral,0.23453079,0.6716108,0.09385842,0.6716108,False
uber promo code to get a free ride #freeuberride #freeride #ubereats #freeuber #uber #ubercode #uberpromocode…,1,Neutral,Positive,0.000920342,0.24995114,0.7491285,0.7491285,False
"@USER @USER achieve just ends"" = fighting ANY attempt to prove citizenship to vote. You call it voter suppression.#Insanity",1,Neutral,Negative,0.9887317,0.010135461,0.0011328789,0.9887317,False
"@USER And another 1...they, the deplorables made it so easy 4 U! ""I love my uneducated"" B/C they R U!",1,Neutral,Negative,0.41345832,0.17393354,0.41260806,0.41345832,False
"To me, Leonard Cohen achieves a kind of sainthood only through his tremendous imperfections - he never pretended to be a great man",2,Positive,Neutral,0.048356712,0.5430138,0.40862948,0.5430138,False
"""As channel btwn east & west #Ukraine has huge potential as producer & hub"" At business roundtable w @USER /JL",1,Neutral,Positive,0.0008601334,0.027700953,0.9714389,0.9714389,False
If #work is for #robots & #life is for humans then start doing this right now!,2,Positive,Neutral,0.010205964,0.6013164,0.38847765,0.6013164,False
"LEONARD COHEN - ""Take this waltz"" from #EnriqueMorente #Omega #Morente",2,Positive,Neutral,0.0017514565,0.94436306,0.053885467,0.94436306,False
"Behind Varane & Carvajal, on the list are Cristiano Ronaldo, Kroos and Bale. The three have all played over 1300 minutes.",1,Neutral,Positive,0.0015996296,0.31791654,0.6804838,0.6804838,False
@USER on dat #mannequinchallenge at our 4th Annual College Life Skills Conference 😊😃😉😎🙄…,1,Neutral,Positive,0.0010814413,0.016766487,0.98215204,0.98215204,False
FastKarateBoxingMinidrill JumpingBeanDrill NotTopSpeed #Palestine #HAMAS Like1000PhilistineEnemiesSamsonSlew #Israel,1,Neutral,Negative,0.96542704,0.03360086,0.00097219704,0.96542704,False
"Cristiano Ronaldo has now scored against every team he has faced for Real Madrid, except Dinamo Zagreb (49 out of 50).",1,Neutral,Positive,0.0015913182,0.4073207,0.59108806,0.59108806,False
Fidel Castro's African legacy: Friendship and freedom @USER,1,Neutral,Positive,0.0013774439,0.13525584,0.86336666,0.86336666,False
#vegetarianism for #meatlovers V important mission - many get the #ethics but can't give up the #taste Well done!,1,Neutral,Positive,0.0012365385,0.026923766,0.97183967,0.97183967,False
The press are too critical of Pres Elect Trump. He has done a lot for the first 2 weeks of transition #MediaFails,1,Neutral,Negative,0.8573471,0.13439712,0.008255856,0.8573471,False
I've been eating animal crackers and I'm not testing ..,1,Neutral,Negative,0.96724164,0.031019934,0.0017384473,0.96724164,False
Large pharma are uniquely positioned to drive forward deep learning in drug discovery. They are the only ones with datasets large enough.,1,Neutral,Positive,0.0039144787,0.017835718,0.9782497,0.9782497,False
#Deplorables = ;-) #RockNRoll !#JoanJett & the #Blackhearts -I #Love #RockNRoll via @USER,1,Neutral,Positive,0.0011930192,0.0036543151,0.9951527,0.9951527,False
Remember The Pretty White Girls Who Became #ISIS Terrorists?You May Wanna Take A Look At Them Now....#OpISIS...,1,Neutral,Negative,0.9905805,0.00833223,0.0010873117,0.9905805,False
Israeli army kills a Palestinian youth in the Shuafat refugee camp east Jerusalem#israel_on_fire#Palestine#Jerusalem,1,Neutral,Negative,0.9943005,0.00496108,0.00073849654,0.9943005,False
Kim fatty the third! Original!,1,Neutral,Positive,0.00059405144,0.04531625,0.95408964,0.95408964,False
Why condoms are ‘bad’ for you on Valentine’s Day,1,Neutral,Negative,0.9784509,0.020129945,0.0014191513,0.9784509,False
#Mosul has been cut off from rest of the #ISIS control so called #Khilafah #TalAfar #MosulOps #MosulOffensive,1,Neutral,Negative,0.97875595,0.020120993,0.0011229686,0.97875595,False
Me ha gustado un vídeo de @USER ([URL] - Cristiano Ronaldo .. If you don't believe in Him watch the video | you,1,Neutral,Positive,0.0051977127,0.08358817,0.9112141,0.9112141,False
11:11 wes cass twins mak ppbos pp philly tpp ****** ******* happiness,1,Neutral,Positive,0.031385638,0.32337412,0.6452402,0.6452402,False
Retweeted Daniel José Older (@USER):The honorable @USER receiving the #NBAwards and recalling being...,2,Positive,Neutral,0.002396506,0.94131917,0.056284327,0.94131917,False
"#Hamas loves the fires in #Israel. Why shoot rockets, when a few matches can burn homes, forests and force evauation. There's no Iron Dome",1,Neutral,Negative,0.990859,0.007927362,0.0012137276,0.990859,False
Hashid al-Shaabi militia control 3 villages West of Mosul... #MosulOffensive,0,Negative,Neutral,0.022331376,0.9713622,0.0063064857,0.9713622,False
"""How many deaths will it take 'till he knows that too many people have died? The answer, my friend, is blowin' in the wind...""-Bob Dylan",1,Neutral,Negative,0.78248566,0.20425893,0.013255425,0.78248566,False
GM everyone #tbt #onedirection #5sos,2,Positive,Neutral,0.0012099099,0.9828022,0.015987948,0.9828022,False
The latest Morgaine 's Mix and Match! Thanks to @USER @USER @USER #yemencrisis #yemen,1,Neutral,Positive,0.00088774884,0.11397001,0.8851422,0.8851422,False
Trump's erection (teehee) of a wall on the Mexican border will go the same way as Obama's closure of G'tmo.,1,Neutral,Negative,0.7347108,0.25688657,0.008402588,0.7347108,False
Immigration in TXL took longer than in EWR.,1,Neutral,Negative,0.71314496,0.2788001,0.008054976,0.71314496,False
.@USER players aim to give Rudy Gobert the experience his French childhood deprived him of: catching passes[URL],2,Positive,Neutral,0.009182884,0.9608779,0.029939277,0.9608779,False
"The Dems Convention is cracking up and Bernie is exhausted, he just wants to shut down and go home to bed!",0,Negative,Positive,0.05806227,0.37253085,0.56940687,0.56940687,False
@USER @USER Get me on the show and let me sell you a #Hatchimals @USER picked up on our story,2,Positive,Neutral,0.00367121,0.9121852,0.084143676,0.9121852,False
@USER gonna be especially concerning when steve bannon marks it for deletion for lack of relevance,1,Neutral,Negative,0.9887177,0.010412255,0.0008700611,0.9887177,False
@USER are we now classifying months as leftists and rightists?,0,Negative,Neutral,0.108724795,0.8857541,0.005521118,0.8857541,False
"I have not yet seen @USER Yeah, I know I'm abusing it. #FantasticBeasts",1,Neutral,Negative,0.9844678,0.012874629,0.0026576116,0.9844678,False
"#ISIS affiliated media: ISIS launched 20 suicide attacks between Nov. 15-21 in #Mosul battles, allegedly killing 487. #MosulOffensive #Iraq",1,Neutral,Negative,0.99286145,0.006295784,0.0008427406,0.99286145,False
#Outnumbered We elected @USER to #DrainTheSwamp not add more snakes. @USER is a backstabbing globalist snake. #NeverRomney,1,Neutral,Negative,0.9905019,0.008154883,0.0013431986,0.9905019,False
Cristiano Ronaldo and Jese on target as #RealMadrid beats Roma #RealMadrid,1,Neutral,Positive,0.00069418835,0.09182712,0.9074787,0.9074787,False
"#ISIS prisoner in #Iraq: ""I regret my actions"":[URL] #refugeecrisis #baghdadi #syria",1,Neutral,Negative,0.963292,0.03545805,0.0012499059,0.963292,False
The Covert Origins of ISIS #gaza #palestine #israel #BDS #syria #ISIS #StopBombingSyria,1,Neutral,Negative,0.98768336,0.011353436,0.00096325396,0.98768336,False
"New favorite: Playlist Dark Folk (Leonard Cohen, Sufjan Stevens...) by Kim - Indie/Alternative Editor @USER",1,Neutral,Positive,0.00090587256,0.01800666,0.9810875,0.9810875,False
Tour the World Anytime with #Google #Earth #VR -,1,Neutral,Positive,0.0009779969,0.41678143,0.5822406,0.5822406,False
I must be having deja vú cuz I coulda swore thanksgiving was yesterday? #thanksgivingleftovers,2,Positive,Neutral,0.06675753,0.84774536,0.08549718,0.84774536,False
Apple Watch MMF62LL/A Sport 38mm Smartwatch #NationalFastFoodDay,0,Negative,Neutral,0.00075782073,0.82920396,0.17003827,0.82920396,False
"@USER But for Comey, Clinton likely would have won; but for Clinton being too arrogant to realize how vulnerable she was, she'd have won",0,Negative,Neutral,0.0463279,0.83721536,0.11645677,0.83721536,False
Implementing mandatory managed care in #Medicaid led to slower growth in inpatient visits for ASCSs via @USER,1,Neutral,Negative,0.9857436,0.013471524,0.00078481314,0.9857436,False
"@USER no I believe u, not denying there was testing on woc. I'm saying animal rts ppl wouldnt support it, which the tweet implies",1,Neutral,Negative,0.82044566,0.17450394,0.005050441,0.82044566,False
Firefighters battle blazes in #Jerusalem area overnight #Israelisburning,1,Neutral,Negative,0.9770596,0.022072371,0.00086800754,0.9770596,False
Preparations Continue For #Tesla's #Model3 Launch #ElectricVehicles #GoGreen #GoElectric #GreenerDriving,1,Neutral,Positive,0.0011158813,0.030832259,0.96805185,0.96805185,False
@USER are you listening? #AuditTheVote #StillWithHer #resist #NeverTrump #Recount2016 #SaveOurFuture…,2,Positive,Neutral,0.006395505,0.84049773,0.1531068,0.84049773,False
"Might even do better with some USA rightists, as they already contribute a bit more to 3WPT from church collections and teachings.",2,Positive,Neutral,0.0021631438,0.76690775,0.23092908,0.76690775,False
Hi! I'm Negan 😎 #thewalkingdead #Dibujo,1,Neutral,Positive,0.0012731277,0.30855992,0.69016695,0.69016695,False
NFL Latest Trade Rumors & Update: Trevor Siemian Unfazed With Potential Coming Of Tony Romo To Denver…,2,Positive,Neutral,0.010830688,0.9617043,0.027465047,0.9617043,False
The gold standard in Christmas caroling: Detroit Mar Thoma Church. No doubt about it! 🏆🎄,1,Neutral,Positive,0.0015068345,0.013334146,0.985159,0.985159,False
Having worked in a HUD agency for 3 yrs gave me a wide array of insight & knowledge on housing issues. All important. So Ben Carson? 😳😲WHY,1,Neutral,Positive,0.021651099,0.09618384,0.8821651,0.8821651,False
Israeli forces shoot dead Palestinian near Shufat checkpoint for alleged stab attack #Palestine #Israel…,1,Neutral,Negative,0.9931514,0.006135992,0.0007126236,0.9931514,False
@USER update: Zac Efron kissing a puppy,2,Positive,Neutral,0.0086878305,0.8189116,0.17240047,0.8189116,False
"The future of 3D printing? formnext 2016 showcases new tech from Nano Dimension, HP, others - #3dp",1,Neutral,Positive,0.00080966344,0.03457061,0.9646197,0.9646197,False
How did I miss #NationalFastFoodDay 😭😂😩,1,Neutral,Positive,0.1473602,0.12530005,0.72733974,0.72733974,False
If y'all didn't know... #MannequinChallenge is over people. 😂😂 w/@USER @USER @USER,1,Neutral,Positive,0.047843415,0.20451917,0.7476374,0.7476374,False
@USER for this?Might travel to Estoril to see and record,2,Positive,Neutral,0.00072689663,0.7209886,0.27828455,0.7209886,False
@USER @USER Are there any good arguments against the human rights/non medical model? IE philosophical Suicide/euthanasia,0,Negative,Neutral,0.07823597,0.91526514,0.006498953,0.91526514,False
ICYMI at #MSFTConnect: Microsoft joined the #Linux Foundation!,1,Neutral,Positive,0.0009528373,0.034241688,0.9648054,0.9648054,False
#Trump Gorges On Himself During Thanksgiving Feast @USER,1,Neutral,Negative,0.8427156,0.15454812,0.0027361838,0.8427156,False
"We're doing a black friday sale, but we're donating 100% of the profits to support the Dakota Access Pipeline prote…",2,Positive,Neutral,0.008474155,0.8393028,0.15222308,0.8393028,False
"I'm coming for you, Bob Dylan. You started this.",0,Negative,Positive,0.0011550082,0.032677803,0.96616715,0.96616715,False
4D printing: Complex self-folding structures created with 3D printed shape memory polymers@USER an,2,Positive,Neutral,0.0026711063,0.97250146,0.024827506,0.97250146,False
#FantasticBeasts still holding on. Could go O/U #DoctorStrange $220M finish. #BoxOffice,1,Neutral,Positive,0.0017256172,0.035010763,0.9632636,0.9632636,False
"Near #Bayji, #CJTFOIR engaged a #ISIS tactical unit and destroyed 2 vehicles and a bunker#Mosul #Mosuloffensive…",1,Neutral,Negative,0.93739915,0.06021396,0.0023868857,0.93739915,False
"#Yemen "" Smiles won't leave us "" Yemeni children told me at #UniversalChildrenDay.@USER",2,Positive,Neutral,0.18874517,0.79308933,0.01816549,0.79308933,False
Thanks for the sickening update #aleppo,0,Negative,Positive,0.18775795,0.11702276,0.69521934,0.69521934,False
Leonard Cohen passed away #TheScreamingStarted,0,Negative,Neutral,0.13739306,0.7974073,0.06519962,0.7974073,False
"@USER @USER @USER Face is crooked? Please, she is stunning. You'd crawl thru 3 miles of dog poop for 10 sec of her time",0,Negative,Positive,0.1959051,0.21481578,0.5892792,0.5892792,False
"Sucked into Up TV's ""Gilmore The Merrier"" Binge-a-thon. Have to amend my #GilmoreGirlsTop4: Michel, Michel, Trix/Gran Gilmore, Luke",0,Negative,Neutral,0.02606748,0.96534306,0.008589517,0.96534306,False
#HATCHIMALS - BEARAKEET #TARGET EXCLUSIVE #SOLDOUT! 2016 HOT #CHRISTMAS #TOYS #BlackFriday #sale @USER,1,Neutral,Positive,0.0011693138,0.008632128,0.9901986,0.9901986,False
Venezuelan Congress Declares President Maduro Has Staged a Coup | TIME,1,Neutral,Negative,0.9279382,0.07061283,0.0014488979,0.9279382,False
@USER You were on the plane to Davos with Bill Clinton. #DavosClass,1,Neutral,Positive,0.0026015062,0.38102773,0.6163708,0.6163708,False
#LukeEvans Flirts With #EmmaWatson in New #BeautyandtheBeast Image,2,Positive,Neutral,0.0011283363,0.9272475,0.07162411,0.9272475,False
Fake: According to @USER Ukrainian seat covers will revive Ukrainian economy[URL],1,Neutral,Negative,0.88947403,0.106782034,0.0037439095,0.88947403,False
"@USER please, please, please, i beg you, keep demonizing the white voter block until 2018. Pretty soon all dems will have is Ca and NY.",1,Neutral,Negative,0.9916809,0.0071111736,0.0012079497,0.9916809,False
@USER ensure good voter registration in Nyanza region and its environ as a strategy of early victory come nxt year august,1,Neutral,Positive,0.0009100476,0.036344513,0.9627454,0.9627454,False
"@USER I recognise that, you look slightly less tired than I did when I got up there though #flippingsteep",0,Negative,Neutral,0.016155712,0.7397334,0.24411093,0.7397334,False
A petition asking @USER to take a stand on Steve Bannon. I believe he should leave the GOP.,1,Neutral,Negative,0.9789555,0.019832633,0.0012118398,0.9789555,False
So TRUE!! #NeverRomney Reject ROMNEY!!! @USER @USER @USER,0,Negative,Positive,0.047144976,0.24268807,0.710167,0.710167,False
Do you know #ScreamQueens well enough to be a Chanel yourself?![URL],1,Neutral,Positive,0.0037069386,0.19203557,0.80425745,0.80425745,False
Postcard written!,1,Neutral,Positive,0.0013086856,0.0061487965,0.9925425,0.9925425,False
"RT @USER In 2016, just nice:""DC restaurant apologizes after hosting alt-right dinner w/ ‘Sieg Heil salute’ @USER",0,Negative,Positive,0.013271044,0.1907392,0.79598975,0.79598975,False
"Inside #ExpaLabs, #Uber co-founder’s take on the #startup #accelerator",1,Neutral,Positive,0.0013043219,0.45658985,0.54210585,0.54210585,False
"@USER @USER I'm sure they're still useful to Dems in some way, which is why we're still hearing about BLM post-election.",0,Negative,Neutral,0.015197987,0.8240417,0.16076031,0.8240417,False
Divests! 🔊Dakota Access PipelineMajor Company w/actual ETHICAL STANDARDS WITHDRAWS[URL],1,Neutral,Negative,0.9105166,0.086003765,0.0034796647,0.9105166,False
We rise and fall as one...We will arrive together. - @USER reads from THE UNDERGROUND RAILROAD…,1,Neutral,Positive,0.0011572901,0.39686528,0.60197747,0.60197747,False
when I think about #BeautyAndTheBeast,1,Neutral,Positive,0.001473084,0.09170295,0.906824,0.906824,False
Iraqi forces make further gains north and south of #Mosul via @USER #Mosuloffensive,1,Neutral,Positive,0.0010969953,0.05005751,0.94884545,0.94884545,False
"My mom just asked me what my research paper was on and I said euthanasia and she literally asked ""Youth in Asia?"" 😂",1,Neutral,Negative,0.9315022,0.06398724,0.0045104576,0.9315022,False
#DeMonetisation was the favourite of leftists and socialists once upon a time. Amusing to see the boot on the right side.,0,Negative,Neutral,0.030634917,0.500388,0.46897712,0.500388,False
@USER how can we be 100% certain it's #ISIS & not US forces doing it from ISIS territory?,1,Neutral,Negative,0.9602596,0.038421802,0.0013185757,0.9602596,False
Pray for our Pope Francis and his ministry to the whole world.,1,Neutral,Positive,0.000919975,0.020069106,0.97901094,0.97901094,False
KIM FATTY THE THIRD,0,Negative,Neutral,0.0015552535,0.9513106,0.047134254,0.9513106,False
"All auto #Ola #Uber drivers, shopkeepers,Veg vendors i came across not 1unhappy vid #DeMonetisation. @USER #Trinamool=grassroots? haha",1,Neutral,Negative,0.9856228,0.012626093,0.0017511991,0.9856228,False
ICYMI ... #Microsoft joins #LinuxFoundation @USER #Linux #MSDynComm,1,Neutral,Positive,0.0012679856,0.052485965,0.946246,0.946246,False
@USER Seems to me like at this point liberals are hypersuspicious of non-mainstream sources and rightists hyper-suspicious of mainstream,1,Neutral,Negative,0.97318494,0.025775345,0.0010397158,0.97318494,False
"#Iraq, #Mosul | #Iraqi_Forces regains control on neighborhoods east of Mosul[URL] #MosulAid #journalism",2,Positive,Neutral,0.0071254564,0.97337174,0.019502811,0.97337174,False
Top: Regime blasts Aleppo; aid urgently needed: The UN Security Council will vote Monday on…,1,Neutral,Negative,0.94842076,0.05043725,0.001141989,0.94842076,False
#Fracking & Drinking #Water Map Shows Where You Shouldn’t Drink Tap Water #NoDAPL #DakotaAccessPipeline #INDIGENOUS,1,Neutral,Negative,0.9586954,0.039832097,0.0014724632,0.9586954,False
@USER @USER Time to rectify this voter registration system. MUST require pic ID to vote.,1,Neutral,Negative,0.97968376,0.018903691,0.0014124939,0.97968376,False
"Regardless of how you feel about gun control, please watch this. Kindness has the power to save a life.",1,Neutral,Positive,0.0023526903,0.09123768,0.9064096,0.9064096,False
.@USER please can you stop hiding discussions on #fracking and make sure people aren't kept in the dark on an important issue?,1,Neutral,Negative,0.9307831,0.06766914,0.0015477185,0.9307831,False
@USER the ACA extended the funding for Medicare btw,2,Positive,Neutral,0.008334769,0.7116587,0.28000653,0.7116587,False
Only sanctions can change Israeli policy | Letters #gaza #palestine #israel #BDS,1,Neutral,Negative,0.70936245,0.28782332,0.0028142491,0.70936245,False
CCS completed a mannequin challenge today! Take a look at our unique poses #EducateTogether #MannequinChallenge #CCS[URL],1,Neutral,Positive,0.0007286174,0.17250544,0.82676595,0.82676595,False
#TheLinuxFoundation Microsoft joins the Linux Foundation. Read more:,1,Neutral,Positive,0.0010718355,0.46589994,0.53302824,0.53302824,False
"I just called Tony Romo ""a crackheads' Bret Favre"" on Facebook. Facebook wasn't worthy of that 😄",1,Neutral,Negative,0.9860886,0.012259724,0.0016517529,0.9860886,False
"#Turkey #Yemen Oil down on strong dollar, OPEC uncertainty",0,Negative,Neutral,0.4568155,0.53827274,0.0049116993,0.53827274,False
"Microsoft joins Linux Foundation in another nod to open-source code: Microsoft has joined the Linux Foundation, the…",1,Neutral,Positive,0.0016095306,0.1548668,0.8435236,0.8435236,False
"@USER The story of Trump, Putin and the election has yet to be uncovered, but will be unless U.S. media gets Putined by Trump.",1,Neutral,Negative,0.6391078,0.35527807,0.0056140553,0.6391078,False
@USER How about 3D printing tiny beer cans for the cooler on the roof...the one next to the car might be too big :D,1,Neutral,Positive,0.025582269,0.20924988,0.7651679,0.7651679,False
#gilmoregirlstop41). Lane's Mom (Hello @USER Michel!!3). Kirk (obviously)4). Babette while running and holding her boobs,2,Positive,Neutral,0.003279485,0.97178966,0.024930783,0.97178966,False
John Lewis Won The National Book Award #johnlewis #nbawards,1,Neutral,Positive,0.0009437322,0.0133675635,0.9856887,0.9856887,False
@USER @USER @USER @USER Of course instead of shutting her mouth...[URL],1,Neutral,Negative,0.9400273,0.058486525,0.0014860892,0.9400273,False
Govt declares #Uber an illegal service in Bangladesh,1,Neutral,Negative,0.85702133,0.1404612,0.0025174846,0.85702133,False
George Soros from 7:30 at the video timeline speaks of his involvement with his fellow Jewish community being...,0,Negative,Neutral,0.0030093063,0.9531701,0.043820553,0.9531701,False
The latest one hundred people you should know! Thanks to @USER @USER @USER #chile #isis,1,Neutral,Positive,0.0008314063,0.016916402,0.98225224,0.98225224,False
1. Luke2. Jess3. Lane 4. Taylor #GilmoreGirlsTop4,2,Positive,Neutral,0.0011177637,0.98170954,0.017172739,0.98170954,False
"@USER #auspol I agree, but 18c has NOT been removed. We alt/Right Conservatives need to keep fighting or we'll be like China!",1,Neutral,Negative,0.5810966,0.40138415,0.017519291,0.5810966,False
. @USER Getting rid of #Gaddafi in #Libya meant near civil war & #ISIS/#AlQaeda in Libya. US & UK know this (also Hillary's baby!).,1,Neutral,Negative,0.98815644,0.010390572,0.0014530846,0.98815644,False
"@USER @USER @USER Often not enough to compete w/ full range of transfers. Disability, medicaid, sect 8, ....",1,Neutral,Negative,0.9698695,0.029151618,0.0009788675,0.9698695,False
Coupon: 'Cheap Samsung Galaxy Note 7 N9300 Sale 75% OFF + 5% Discount+ Worldwide,1,Neutral,Positive,0.0012129229,0.48367745,0.51510966,0.51510966,False
"""I can't listen to Bob Dylan, then flip through Netflix.""",1,Neutral,Negative,0.9413796,0.055280283,0.003340169,0.9413796,False
"@USER Remember when Qatar gave $1 million to the Clinton Foundation as a ""birthday present"" for Bill? #TrumpTrain",0,Negative,Neutral,0.028790237,0.9481852,0.023024453,0.9481852,False
Since Trump became PresidentTPP - DeadFidel Castro - DeadISIS better hope ((((Allah)))) has something planned. Their days are numbered.,1,Neutral,Negative,0.9857342,0.012764033,0.0015017433,0.9857342,False
This year just keeps getting more unreal every week! #whatishappening #LinuxFoundation #microsoft,1,Neutral,Positive,0.0043888353,0.003175616,0.9924355,0.9924355,False
@USER @USER @USER THIS is what I've been saying: trumpsters complained about Obamacare they rely on .. until CON is revealed,0,Negative,Neutral,0.33188826,0.65838176,0.009729992,0.65838176,False
#UnitedNations Special Envoy on Syria Affirmed Continued US Efforts in Ending Conflict in Syria #USINDODailyNews,1,Neutral,Positive,0.0013208404,0.11625201,0.8824271,0.8824271,False
"#BREAKING: #terror East #Jerusalem , #Israel : Shoafat attempted stabbing #terrorist Neutralized",1,Neutral,Negative,0.97045845,0.028825488,0.0007161443,0.97045845,False
I didn't know Seth Myers had a cameo appearance on #ThisIsUs!,2,Positive,Neutral,0.06726065,0.89335483,0.039384574,0.89335483,False
@USER You will fit in with steve bannon and all of trumps true patriots. !,2,Positive,Neutral,0.012608845,0.618478,0.36891314,0.618478,False
"via - Okay, it is historical but HOW did women PER SE become so DOWNGRADED? They GIVE life©",1,Neutral,Positive,0.0045572002,0.04382551,0.95161724,0.95161724,False
Are you a registered voter? No. A one month mass registration kicks off on Dec 21. The future of this country is in your hands.#NiShowPower,1,Neutral,Positive,0.0018729303,0.30670816,0.6914189,0.6914189,False
@USER U off your rocker? We are not supremacists but how can we trust someone like Romney who backed U among other things,1,Neutral,Negative,0.88387144,0.11301896,0.003109686,0.88387144,False
"@USER @USER @USER @USER Pres. Trump should detain, & hand him over to Putin in the name of justice...",1,Neutral,Negative,0.9870771,0.0120520685,0.000870766,0.9870771,False
I don't need Medicaid I always get seen 😎,1,Neutral,Positive,0.063495465,0.3606626,0.5758419,0.5758419,False
@USER Make my little girls Christmas please! Can not get hold of a #hatchimals anywhere,1,Neutral,Positive,0.22545002,0.33127505,0.44327492,0.44327492,False
@USER isn't Raul more liberal and who tf is Maduro,0,Negative,Neutral,0.39308894,0.599635,0.0072759897,0.599635,False
1980 Dont get in a stranger's car.1998 Dont meet someone from the Internet. 2016 Use internet to meet people whos…,1,Neutral,Negative,0.55924183,0.4331635,0.0075946343,0.55924183,False
If this doesn't convert people to vegetarianism nothing will,1,Neutral,Negative,0.8135297,0.18200615,0.00446422,0.8135297,False
@USER like pre tpp or his death,0,Negative,Neutral,0.011369306,0.9780707,0.010559975,0.9780707,False
oh em geee #BeautyAndTheBeast,1,Neutral,Positive,0.002776601,0.011348487,0.98587495,0.98587495,False
#Hezbollah Martyr Qasim Shamkha Martyred on 03/11/2016 in West #Aleppo telling his brothers he wants to sleep.,0,Negative,Neutral,0.012247972,0.9815732,0.0061788573,0.9815732,False
Melania speaks 5 different languages....bet none of you could read Michelle Obama's speech in 5 languages,1,Neutral,Negative,0.9842486,0.014248333,0.0015031855,0.9842486,False
The Daily Squib Guide to #Syria Crisis #isis #isil #Hezbollah #AlQassas #FarouqBrigades,0,Negative,Neutral,0.044258498,0.9515094,0.0042320834,0.9515094,False
"When David Blaine is about to cough up a frog, Dave Chappelle is all of us",1,Neutral,Positive,0.004851518,0.051297437,0.943851,0.943851,False
"@USER #UnitedNations should really stop meddling in countries domestic issues, at best they should call for borders strenthening.",1,Neutral,Negative,0.9524052,0.04589739,0.001697373,0.9524052,False
#NationalFastFoodDay Don't Forgot to #BoycottPepsi after Pepsi CEO’s Anti-Trump... by #Sheepdog176 via @USER,0,Negative,Neutral,0.24903317,0.7266824,0.024284376,0.7266824,False
Service Pack 1 makes all SQL Server 2016 versions functionally identical.,1,Neutral,Positive,0.0038390835,0.1465396,0.84962136,0.84962136,False
"She turns 65 next year, so she knows she will be covered by Medicare no matter what happens with Obamacare.Fuck th…",0,Negative,Neutral,0.28257868,0.38420567,0.33321562,0.38420567,False
termites release far more CO2 annually (and by several orders of magnitude) than all the burning of fossil fuels.[URL],1,Neutral,Negative,0.9726096,0.025184074,0.0022062524,0.9726096,False
"That is how it always starts ...""2001, Microsoft CEO Steve Ballmer described Linux as a “… cancer that attaches...",0,Negative,Neutral,0.3018311,0.6523981,0.04577078,0.6523981,False
Achievement unlocked: We all survived baby vaccines round 1 #parenting,1,Neutral,Positive,0.0016856788,0.012419961,0.9858943,0.9858943,False
"Putin: ""Saakashvili was an insult to the Ukrainian people""",1,Neutral,Negative,0.9884262,0.010714678,0.0008590843,0.9884262,False
"Chris + 15-char username is a doubt, the 'International Day of fossil fuels I got some music-related puns.",0,Negative,Neutral,0.07812118,0.85485756,0.06702121,0.85485756,False
@USER @USER when this guy gets involved in voter registration it will be a gamechanger KANSAS=TOUGH vo…,1,Neutral,Negative,0.9100329,0.08563854,0.004328474,0.9100329,False
When do you suppose someone will tell him that China is not a party to TPP?,0,Negative,Neutral,0.0632864,0.92842937,0.008284155,0.92842937,False
@USER sad to say I am bradim the Tipp people will love to buy me a pint😄,2,Positive,Neutral,0.16073239,0.6385118,0.2007558,0.6385118,False
@USER Reporter:You NOW believe humans contribute 2 CLIMATE CHANGE?Trump:Correct. R:What changed your mind?Trump:Had some BAD CHILI,1,Neutral,Negative,0.95196736,0.04625559,0.0017770493,0.95196736,False
Here Are Some of the Obvious Ways Marijuana Benefits Society,1,Neutral,Positive,0.0027098053,0.20711881,0.7901714,0.7901714,False
@USER @USER How does *everyone* pay for my health care plan exactly?Obamacare is NOT medicaid...,1,Neutral,Negative,0.98785156,0.011134686,0.0010137472,0.98785156,False
"Bob Dylan with the 1983 music video for song 18, Sweetheart Like You -",2,Positive,Neutral,0.0011352425,0.7902697,0.20859519,0.7902697,False
"@USER @USER i support the abolishing of minimum wage, its another farce from the left",1,Neutral,Negative,0.93626505,0.056812692,0.006922209,0.93626505,False
💋 Ashley Graham💋 American Model 💋 Literate/Descriptive💋 Designer,2,Positive,Neutral,0.0011212286,0.7994256,0.19945322,0.7994256,False
I'm so here for Vogue calling out designers for not dressing Ashley graham but how great would it be if they actually named those designers?,1,Neutral,Positive,0.010475609,0.17730767,0.8122167,0.8122167,False
#CD #Musics Ariana Grande Sweet Like Candy 3.4 oz 100 ML Sealed In Box 100% Authenic New,2,Positive,Neutral,0.0007757243,0.9364498,0.06277441,0.9364498,False
Don't mess with the D![URL] #Bridgegate #PresidentTrump #MAGA #TrumpTransitionTeam #TrumpsArmy,1,Neutral,Negative,0.68468684,0.29518119,0.020132016,0.68468684,False
"@USER @USER of course! but since when does opinion have to = disrespect, nasty comments",1,Neutral,Negative,0.9895411,0.009344168,0.0011147698,0.9895411,False
future is for UBI,1,Neutral,Positive,0.0017508147,0.07114823,0.92710096,0.92710096,False
ICT serves death penalty to Idris for crimes against humanity,1,Neutral,Negative,0.9832787,0.0156220365,0.0010992765,0.9832787,False
@USER @USER @USER @USER @USER @USER Ever notice cities with the most niggers have gun control?,1,Neutral,Negative,0.96887827,0.029858895,0.0012629187,0.96887827,False
"@USER @USER your ""source"" amounted to the Monarchy of Qatar, which owns the network and sponsors Terrorism by #Hamas",1,Neutral,Negative,0.98869425,0.010584515,0.0007211709,0.98869425,False
.@USER @USER - .@USER makes a video apologizing for making horrible videos,1,Neutral,Negative,0.99443936,0.004628888,0.00093178824,0.99443936,False
#Fiat #money is fine- governments and banks are the problem,0,Negative,Neutral,0.06879229,0.75251347,0.17869422,0.75251347,False
Ashley Graham Good Morning America in New York City #AshleyGraham,1,Neutral,Positive,0.0009303474,0.4719887,0.527081,0.527081,False
Every Social Media user must take #Cybersecurity seriously.#SocialMedia #Network #Security #hacking,1,Neutral,Negative,0.7015387,0.281041,0.017420245,0.7015387,False
"L #ZacEfron #Fashion ZAC EFRON CHARLIE ST CLOUD BLU RAY IN ORIGINAL CASE, MINT CONDITION!! #Actor #BestSeller",1,Neutral,Positive,0.0013840456,0.034441642,0.96417433,0.96417433,False
They actually weren't too keen on a Black Friday sale because they're white supremacists.,1,Neutral,Negative,0.99371356,0.005443042,0.0008434546,0.99371356,False
@USER You might want to try Google earth VR on a HTC Vive. perspective shifting view of the world.,1,Neutral,Positive,0.0018149605,0.4391021,0.5590829,0.5590829,False
"Down with science #TheResistance #draintheswampMyron Ebell, Climate Contrarian Leading Trump's EPA Transition",1,Neutral,Negative,0.98887116,0.010047324,0.0010814316,0.98887116,False
we've lost a lot of blood so donate yours lmaooo #ScreamQueens,1,Neutral,Negative,0.78409714,0.20042355,0.015479395,0.78409714,False
I'm definitely too dumb for Westworld lol,1,Neutral,Negative,0.98842585,0.00946079,0.0021133556,0.98842585,False
@USER @USER Let us give thanks to recounts and the end of the alt-right Nazi's...,0,Negative,Neutral,0.14105956,0.76536465,0.09357571,0.76536465,False
"But why should we be employing medical people from a different country - where are our own medical staff, why...",1,Neutral,Negative,0.8562686,0.14185627,0.001875137,0.8562686,False
Three years of Midnight Memories? My mind is blown and my heart hurts. #favoritealbum #onedirection #timeflies…,1,Neutral,Negative,0.8134051,0.14860025,0.037994687,0.8134051,False
The Bill Clinton and Barack Obama Legacy. Japan lives in fear of crazy regime in North Korea,1,Neutral,Negative,0.9722235,0.026008133,0.0017683905,0.9722235,False
Euthanasia spirals out of control as Netherlands allows euthanasia for alcoholics via @USER,1,Neutral,Negative,0.9941825,0.0049864883,0.00083102984,0.9941825,False
"FRANCE'S FRONT NATIONAL MARINE LE PEN: ""ITALIANS HAVE DISOWNED THE EU AND RENZI.""",1,Neutral,Negative,0.9241079,0.07324938,0.0026426916,0.9241079,False
"War on Poor With Trump and Ryan in control, antipoverty programs Head Start, food stamps, and Medicaid imperiled.",1,Neutral,Negative,0.98752606,0.011468837,0.0010051562,0.98752606,False
"@USER @USER @USER @USER In June, I cut off Fox altogether! Dana, Juan, and Megyn all bat for the other team.",0,Negative,Neutral,0.08349785,0.8878401,0.028662115,0.8878401,False
"Renzi Resigns Following Crushing Referendum Defeat: Beppe Grillo, Marine le Pen, Matteo Salvina Tweets #Bitcoin #B…",1,Neutral,Negative,0.62368274,0.36991143,0.006405777,0.62368274,False
Did the self proclaimed petty queen block me?!?! LMAO #winning,0,Negative,Positive,0.11740657,0.32604498,0.5565484,0.5565484,False
@USER is there a special way you could sign my Kindle version of your book? It's the one downfall of the e-book empire,1,Neutral,Negative,0.98400754,0.014782906,0.0012096349,0.98400754,False
the real questions @USER @USER - serious question: why are joe biden and melania trump memes,1,Neutral,Negative,0.62979984,0.3643348,0.0058654128,0.62979984,False
.@USER Sorry? You're countering the possible death of babies after #homeopathy with an article about how sales are increasing?,1,Neutral,Negative,0.9217656,0.07540534,0.002829013,0.9217656,False
"First CHAVEZ, Now FIDEL, Next...NICOLAS MADURO!!!",1,Neutral,Positive,0.0008271901,0.07284725,0.92632556,0.92632556,False
@USER I’d sign off on it - if we must be self defeating. Bolton good choice for Trump-style cabinet. @USER @USER,1,Neutral,Positive,0.017501336,0.18496703,0.7975316,0.7975316,False
I hope nobody tells him that TPP is designed for the benefit of US big business.,1,Neutral,Negative,0.97889733,0.019657351,0.0014452043,0.97889733,False
@USER Could CA’s illegal voter registration drive torpedo Hillary’s carefully laid plans 4 victory?,1,Neutral,Negative,0.90484744,0.09249884,0.002653699,0.90484744,False
The Evelyn McCPeters Art Journal is out! Stories via @USER #thanksgiving #nbawards,2,Positive,Neutral,0.000768614,0.6682291,0.33100227,0.6682291,False
Time to celebrate for Indian Liberals?,0,Negative,Positive,0.0019031189,0.040799346,0.95729756,0.95729756,False
#GilmoreGirlsTop4 4. Sookie3. Richard2. Emily1. The Dog Paul Anka,2,Positive,Neutral,0.0010798395,0.980142,0.018778194,0.980142,False
"A @USER fan PLEASE buy these tix from me for the game on Friday. They're great seats, and I made the mistake of thinking it was in ATL",1,Neutral,Positive,0.0022293383,0.021782555,0.9759881,0.9759881,False
‘Macy’s Thanksgiving Day Parade’ Scores Highest Ratings in 13 Years,1,Neutral,Positive,0.0013372558,0.008784525,0.9898782,0.9898782,False
Liam 😍🔥 #LiamPayne #onedirection @USER @USER @USER,1,Neutral,Positive,0.000843473,0.046915915,0.95224065,0.95224065,False
ICYMI: Unbiased Review: Rancho Luna Maduro Robusto - a solid value #cigar!#cigarlife…,1,Neutral,Positive,0.0022010847,0.01560151,0.9821974,0.9821974,False
@USER He always said he wanted to repeal Obamacare I don't get why 20 million of his voters might have went against best interest. 🙄,1,Neutral,Negative,0.9806985,0.016920913,0.0023804805,0.9806985,False
#Spurs #GoSpursGo 2008 Fleer #116 Tim Duncan PSA 10 Gem Mint Low POP 4 #TimDuncan #NBA,2,Positive,Neutral,0.0008468116,0.95168066,0.04747253,0.95168066,False
"#Taiz East Front, flares upSmoke rises from Rep Palace reception yards.Heavy fire exchange heard in the precincts.#YemenSocial Media",1,Neutral,Negative,0.9480526,0.050631598,0.0013158878,0.9480526,False
"@USER Michael Moore must be the biggest Bronotsaurus; big, fat & lazy!!",0,Negative,Neutral,0.096020475,0.53437865,0.36960086,0.53437865,False
@USER @USER @USER Founders apparently were wise enough to see the abortion that SF has become,1,Neutral,Negative,0.8428006,0.15239929,0.0048000426,0.8428006,False
"@USER @USER lol, yea I'll take a republican president for the rest of my life!!! Dems will never win again, Islam = terror",1,Neutral,Negative,0.6568442,0.22175716,0.12139863,0.6568442,False
DOPing Newz LIVE FEEDS - Watch the #Infowars Nightly News! #MAGA #Deplorables,0,Negative,Neutral,0.0033754648,0.89720446,0.09942,0.89720446,False
🔥 EMERGENCY STATE DECLARED IN #HAIFA. #HAMAS PRAISE FOR MORE FIRES. HEAVY RETALIATION AND SCALATION TO A FULL OPEN-WAR WITH #GAZA EXPECTED,0,Negative,Positive,0.007696509,0.13514847,0.8571551,0.8571551,False
From #CristianoRonaldo to #LeBronJames - Top 15 most-followed athletes on #Instagram,1,Neutral,Positive,0.0010463798,0.04132663,0.95762694,0.95762694,False
Kim Fatty The Third will be pleased to know we've not been banned from nick naming him in the UK.,0,Negative,Positive,0.00866923,0.13933219,0.8519985,0.8519985,False
@USER @USER number one #Uber user complaint: Getting Grabbed. Can't make this stuff up! 😜,1,Neutral,Negative,0.9905167,0.007694512,0.0017887742,0.9905167,False
No More Trump Protest??,1,Neutral,Negative,0.96621877,0.03251714,0.0012641535,0.96621877,False
@USER @USER Don't pay #cash. They will use it for #uber or #Prada,1,Neutral,Negative,0.90822905,0.08815796,0.0036129402,0.90822905,False
Our Cubs are here .. please help us with 1GB diapers .. theTunnelBear Thnx You,1,Neutral,Positive,0.0009936633,0.045236405,0.95377,0.95377,False
@USER Tell Michael Moore for his next doc. :),1,Neutral,Positive,0.00073413475,0.10895908,0.89030683,0.89030683,False
Muhammad Ali never got put on the side lines Colon kapernick you ride the bench like a pregnant woman...you can never be Ali..,1,Neutral,Negative,0.9322992,0.0647711,0.0029296756,0.9322992,False
Dear Angels #Angels #TrumpArmy #Anonymous Anonymous #TPP TPP Trump Pence #3X @USER Thank you via @USER,1,Neutral,Positive,0.002168977,0.44788447,0.5499465,0.5499465,False
"Barcelona could face disciplinary action, after a section of vile fans chanted homophobic remarks at Cristiano Rona…",1,Neutral,Negative,0.992979,0.006153299,0.000867676,0.992979,False
@USER pls show support for Jill Stein's recount voter fraud and voting suppression. The World needs to know that this was fair,1,Neutral,Negative,0.6479117,0.3398185,0.012269744,0.6479117,False
"Say what you will about Obama's failings, but the contrast between an admin that cares about govt and one that does not could not be clearer",1,Neutral,Negative,0.8235024,0.16639303,0.010104553,0.8235024,False
"If you support this, history will remember you exactly as you are- Deplorables & Irredeemables. He'll get you, too.",0,Negative,Positive,0.0017582949,0.037548676,0.960693,0.960693,False
you did have a valentines last year tho . 😕🤔 but that's cool too,1,Neutral,Positive,0.0015231685,0.004747754,0.9937291,0.9937291,False
So. Many. Plot twists. 😩😭😭😭😭 #Westworld #WestworldFinale,0,Negative,Positive,0.0028921615,0.021566296,0.9755416,0.9755416,False
Apart of finally apreciating mayo and Bob dylan. All on moderation of course,1,Neutral,Positive,0.004518572,0.18452448,0.810957,0.810957,False
"When you can't beat them, join them. #Microsoft joins the #Linux foundation. True![URL]",1,Neutral,Positive,0.0016292877,0.041057173,0.95731354,0.95731354,False
Messi at Adidas event and presenting his new boots yesterday. #fcblive,1,Neutral,Positive,0.00088012405,0.13564298,0.8634769,0.8634769,False
Liberals who think Castro was coolLook no further than the Cubans rejoicing in Miami They know Cuba,0,Negative,Neutral,0.24504872,0.7142166,0.040734738,0.7142166,False
I'm still proud for voting for Barack Obama...both times! Eat a dick if you have a issue with it. Be advised. #ThankYouObama,1,Neutral,Positive,0.10762503,0.06942778,0.8229472,0.8229472,False
You were better than my wildest dreams but I'm still not happy.. Kate to Toby. Poor Toby. 😢#ThisIsUs,1,Neutral,Negative,0.9913538,0.0073594684,0.0012866913,0.9913538,False
The Bad Hombres #TrumpInauguralBands,1,Neutral,Negative,0.99423707,0.004870698,0.0008922756,0.99423707,False
@USER @USER @USER @USER @USER don't be naive. Without photo ID anybody can use voter registration to vote.,1,Neutral,Negative,0.9360963,0.060735475,0.0031682393,0.9360963,False
we need a Fidel Castro in Kenya to gear up a revolution against a corrupt regime and have better health reforms #DoctorsStrike .,2,Positive,Neutral,0.068501934,0.73155034,0.19994774,0.73155034,False
"""The alleged cyberattack came the same day that Ukrainian President Petro Poroshenko met with EU leaders for a summ…",1,Neutral,Negative,0.7244006,0.27281293,0.0027865542,0.7244006,False
"@USER @USER speeds in an alley near Bay / queens quay, almost hits me, then driver gives me a finger #greatservice #uber",0,Negative,Positive,0.003673959,0.03762981,0.9586962,0.9586962,False
Ashley Graham On Vogue UK Magazine cover #losewieghtnow #lose fat #lose inches #feel good,1,Neutral,Positive,0.0014005289,0.05221165,0.94638777,0.94638777,False
"Time Perfect for #Geotechnical #Engineers to #Immigrate to #Australia, #Canada[URL]",1,Neutral,Positive,0.0013533074,0.023705253,0.9749415,0.9749415,False
Label scan for Bob Dylan's 16th highest charting single Tonight I'll Be Staying Here With You from 1969.,1,Neutral,Positive,0.0009841701,0.2447731,0.7542428,0.7542428,False
@USER in light of the voter suppression & the corrupt conflict of interest U have to vote @USER,1,Neutral,Negative,0.9859081,0.013159288,0.00093261985,0.9859081,False
"@USER @USER Katie, don't worry about the Duke/Grayson Allen talk. He will trip people all year and be suspended by Feb.",1,Neutral,Negative,0.737774,0.25441366,0.0078122835,0.737774,False
@USER The majority of the deplorables that voted for Trump Dumb,1,Neutral,Negative,0.99282724,0.006252782,0.00091997196,0.99282724,False
Yep arrogance and the Guardian writes a truth.Hooray!,1,Neutral,Positive,0.15968852,0.35406846,0.48624307,0.48624307,False
I know I'm late af but is #5SOS like the new #OneDirection or something,2,Positive,Neutral,0.011303719,0.96936876,0.019327551,0.96936876,False
"""Conservatives"" not being very conservative if they think 'written agreements' overrides the Constitution.#AusPol",1,Neutral,Negative,0.7704821,0.2257575,0.0037603297,0.7704821,False
Civilian deaths in drone strikes amount to war crimes: Amnesty,1,Neutral,Negative,0.9922637,0.006901966,0.00083437725,0.9922637,False
#Iraq #Mosul #Civilians_fleeing Mosul caught under fire[URL] #mosuloffensive #journalism @USER @USER @USER,1,Neutral,Negative,0.9897536,0.009421158,0.00082518446,0.9897536,False
@USER @USER Diversify--it's what to do to protect investment money. Exclusive support of fossil fuels puts energy eggs in one basket.,1,Neutral,Negative,0.6533379,0.33780122,0.008860837,0.6533379,False
Cristiano Ronaldo Shortlisted For FIFA's 2016 Best Men's Player Award #cristiano #ronaldo #shortlisted #player……,1,Neutral,Positive,0.0011053446,0.080185376,0.91870934,0.91870934,False
"@USER Medicare for All, a real jobs program, tuition-free public college, ending the drug war. These are non-negotiable.",1,Neutral,Positive,0.042157326,0.23644052,0.7214021,0.7214021,False
@USER @USER yeah they found it in the files of the PS3 version,2,Positive,Neutral,0.0028447935,0.92625654,0.0708986,0.92625654,False
Trump Wins Bad Hombres Award #spoofs,1,Neutral,Negative,0.7752282,0.200765,0.024006804,0.7752282,False
#Aleppo : Opposition have taken 25 Iranians prisoner including a high-ranking officer.,1,Neutral,Negative,0.9895951,0.009739374,0.0006654318,0.9895951,False
#NorwoodUJIABirthright #Limiteless16 #Israel tour. #ShabbatShalom from the magical city of #Jerusalem,2,Positive,Neutral,0.0010135361,0.7689645,0.2300219,0.7689645,False
"Hey, democrats... the popular vote doesn't make Hillary president. That's what the electoral college system is for.",1,Neutral,Negative,0.5856383,0.39457044,0.01979131,0.5856383,False
"if humanity mostly switched to vegetarianism would domestic cattle basically go extinct, or would a remnant number be sold as pets?..",1,Neutral,Negative,0.892574,0.10490976,0.0025162138,0.892574,False
"#trumptrain #maga #draintheswamp #neverRomney Okee Dokee, I just jumped off the Mitchell train. Oh well, I can't to…",1,Neutral,Negative,0.8718923,0.11906896,0.009038865,0.8718923,False
City bankers’ skills will serve them well after Brexit via @USER what is it about bankers? The special ones? Rubbish,0,Negative,Positive,0.06700404,0.4294462,0.50354975,0.50354975,False
It'll be a blue Christmas. #StillWithHer,0,Negative,Positive,0.00088300405,0.027403254,0.97171366,0.97171366,False
6 Phones to Consider If You Really Wanted the Galaxy Note 7 via @USER,1,Neutral,Positive,0.0015357216,0.35953218,0.63893217,0.63893217,False
"@USER FTR, again I was a democrat for 40 years. That's a long time. So I DO know dems. Alrighty good evening. Take care. Hope ur ok",1,Neutral,Positive,0.002046097,0.06801034,0.92994356,0.92994356,False
Understand now why Melania Trump spoke out against bullying of children & why she wants to stay in NY. Good for her.,1,Neutral,Positive,0.016640129,0.28910807,0.6942518,0.6942518,False
Vaccines should be OPTIONAL because you're the master of your own health and you're not harming others which have agreed to get a vaccine.,1,Neutral,Positive,0.028356548,0.36720106,0.6044424,0.6044424,False
HEADLINE! #Tesla Model S Swallows Christmas Tree!,1,Neutral,Positive,0.0011911395,0.056237467,0.94257134,0.94257134,False
#LindsayLohan Is ‘Feeling Thankful’ After Blasting #ArianaGrande For Wearing ‘#TooMuch…,2,Positive,Neutral,0.04028614,0.5720687,0.3876452,0.5720687,False
Petition to conduct animal testing on rapist instead of innocent animals,1,Neutral,Negative,0.9829846,0.01610259,0.0009127751,0.9829846,False
"See how Eva Longoria, Gwyneth Paltrow and other stars celebrated Thanksgiving",1,Neutral,Positive,0.00077377213,0.21390606,0.78532016,0.78532016,False
"#NeverRomney is not about Calling @USER fraud, or phony. It's about being way on top of the necessary #draintheswamp",0,Negative,Neutral,0.2627643,0.6874036,0.049832024,0.6874036,False
This also renders me speechless .......irony anyone?,1,Neutral,Negative,0.99266076,0.0057500396,0.001589188,0.99266076,False
Even Mexican construction companies want in on the Trump Border Wall action..money to be made. $$,1,Neutral,Positive,0.025557479,0.38785923,0.5865833,0.5865833,False
I AINT KNOW THEY DID GLEN LIKE THAT!!! #TheWalkingDead,0,Negative,Neutral,0.3536199,0.37332737,0.27305272,0.37332737,False
@USER so an inbred neo-nazi wants to play too eh? Do You Dare? @USER @USER @USER @USER @USER,0,Negative,Neutral,0.2127804,0.7758799,0.0113397315,0.7758799,False
Im glad theyre changing the route for the pipelinebut can we just not have it at all? like please we dont need fossil fuels anymore,1,Neutral,Positive,0.09790059,0.43679518,0.46530417,0.46530417,False
HISTORIC speech of PUTIN on NEW WORLD ORDER!! Maybe TRUMP was hired to work for him!! 2016 Share: via @USER,1,Neutral,Negative,0.84757507,0.14163435,0.010790587,0.84757507,False
"You go your way,I'll go your way too-Leonard Cohen",1,Neutral,Positive,0.0013005339,0.48821145,0.51048803,0.51048803,False
Here Comes Trouble - Michael Moore | Politics & Current... #PoliticsampCurrentEvents,1,Neutral,Negative,0.98409593,0.014866541,0.0010375499,0.98409593,False
is news to no person that gets news from sources other than The Sun and other channels promoted by govts.,1,Neutral,Negative,0.77148336,0.22504678,0.0034698446,0.77148336,False
"That's science fiction. Poroshenko can and does give Ukraine's property away, but he's never going to give away any…",1,Neutral,Negative,0.97931415,0.019708637,0.0009772313,0.97931415,False
#Turkey #Yemen Supplies running out for Iraqis left in embattled Mosul,1,Neutral,Negative,0.7144468,0.28079408,0.0047592367,0.7144468,False
SOMA in Google Earth VR. This place is growing,1,Neutral,Positive,0.00095117034,0.014833357,0.98421544,0.98421544,False
"Have you seen the #Hatchimals? These are among the holiday season's most popular, hard-to-find toys:…",1,Neutral,Positive,0.0011052588,0.07786631,0.92102844,0.92102844,False
.@USER joins The #Linux Foundation in coup for #OpenSource community,1,Neutral,Positive,0.00088730134,0.1533871,0.84572554,0.84572554,False
i mentioned animal testing in my class's group chat and suddenly it turned into a debate can we just calm down,1,Neutral,Negative,0.9402118,0.05819497,0.0015932926,0.9402118,False
@USER so you also don't even understand what #BlackLivesMatter actually means and what they represent? Lol you're dismissed kid,1,Neutral,Negative,0.9909294,0.008122564,0.00094800687,0.9909294,False
"I just hope that the samsung smartphone I am getting doesn't end up like the samsung galaxy note 7 disaster.,",0,Negative,Neutral,0.2108215,0.692078,0.097100526,0.692078,False
because fossil fuels are the only resources that allow us to travel 🤔,1,Neutral,Positive,0.0014363257,0.010269918,0.98829377,0.98829377,False
@USER @USER @USER @USER @USER THAN DISGRACERomney #ReStockSwampBREAK PROMISE #DrainTheSwamp.,0,Negative,Positive,0.0058037047,0.49425855,0.49993765,0.49993765,False
@USER lol Grayson Allen would outscore every guard on UK's team,1,Neutral,Positive,0.00978869,0.4705792,0.51963204,0.51963204,False
"@USER @USER @USER @USER Clinton foundation donations drop like a rock when she loses,circle of life is complete!",0,Negative,Positive,0.03400448,0.2907844,0.6752111,0.6752111,False
Vladimir Putin grants action hero Steven Seagal Russian passport,1,Neutral,Positive,0.0012769131,0.12059526,0.8781279,0.8781279,False
limited top speed is the main issue when using a Tesla Model S in a drag race.,1,Neutral,Negative,0.8672489,0.12471187,0.008039296,0.8672489,False
@USER hackers breached voter registration databases in at least two states. She stated that voting irregularities occurred,1,Neutral,Negative,0.9858694,0.0131693855,0.00096128095,0.9858694,False
"#Russia-ns are meeting with terror org of #Hezbollah , #America-ns are meeting with terror org of #PKK , meanwhile #KSA & #Turkey are +",0,Negative,Neutral,0.022246292,0.9730652,0.0046884897,0.9730652,False
".@USER @USER @USER Argued w/a lot of ""swing-state"" Bernie voters who sd their protest vote wouldnt elect Trump",0,Negative,Neutral,0.32401296,0.6619368,0.0140501885,0.6619368,False
@USER @USER seriously guys... I leave you alone for 5 minutes. Just accept Kim Jong-un as your saviour.,0,Negative,Neutral,0.17848316,0.7935179,0.027998935,0.7935179,False
Steve Bannon's Face Was on an Ad on Pornhub How Will I Ever Feel Desire Again: An Autobiography,0,Negative,Neutral,0.39483887,0.5831658,0.02199534,0.5831658,False
"Pence Purges Lobbyists, Insiders From #TrumpTransitionTeam #ChrisChristie...",1,Neutral,Negative,0.96665376,0.03220294,0.0011432236,0.96665376,False
and now fire in #Jerusalem area #fbt,1,Neutral,Negative,0.98723525,0.012092842,0.0006719162,0.98723525,False
SURPRISE TOYS #Christmas #ThomasTrainDisney Tsum Tsum Hot Wheels Toy Cars Advent...,1,Neutral,Positive,0.0011489688,0.044429548,0.95442146,0.95442146,False
@USER RACISM?? THAT'S ALL YOU GOT? UR THE RACIST! U DEMS R SCUM! EVERY BROKEN DOWN CITY IS RUN BY U LIBER…,0,Negative,Neutral,0.121980615,0.5567192,0.32130015,0.5567192,False
I hate her but... I love her songs Dammit ._.#ArianaGrande,1,Neutral,Positive,0.13401131,0.20373093,0.66225773,0.66225773,False
FCBarcelona: 📷 Great pics from other side of Celtic v FC Barcelona: #FCBlive,1,Neutral,Positive,0.0012362204,0.0046266774,0.99413705,0.99413705,False
#LoneStarGunRights Texas Gun Store Owner Appeared With Gun Control Group - But Why?. Read Blog:,1,Neutral,Negative,0.5271929,0.46849623,0.0043109474,0.5271929,False
shitty but litty thanksgiving w mel 💘 @USER,0,Negative,Positive,0.0013653885,0.02833215,0.9703024,0.9703024,False
Thanksgiving & Standing Rock | Just A Skinny Boy #world #share #nativeamerica #nativeamerican #thanksgiving #NoDAPL,1,Neutral,Positive,0.0030176188,0.49595863,0.5010237,0.5010237,False
I've created a quiz. #OneDirection Singles,2,Positive,Neutral,0.0014251309,0.98018515,0.018389653,0.98018515,False
'Long Live Fidel!': Castro's Ashes Interred in Cuba,2,Positive,Neutral,0.0038855388,0.85281837,0.14329617,0.85281837,False
"deep learning people, you can translate and read lips, I have hard time typing cause it hurts. can I get ""voice to python"" as a vim plugin?",0,Negative,Neutral,0.13716969,0.5368513,0.32597905,0.5368513,False
"@USER that last message is for Pope Francis, he cannot answer the 4 cardinals, he knows Amoris Laetitia is of the Devil",0,Negative,Neutral,0.23672748,0.6946066,0.06866602,0.6946066,False
"OTD in 1944 the War Dept published a list of 1,718 Americans wounded fighting ""alt-rightists,"" including these 56…",1,Neutral,Negative,0.9654111,0.03362073,0.00096815714,0.9654111,False
#Israeli Occupation shot dead a #Palestinian at the Shufat Checkpoint in Occupied #Jerusalem. Victim has not been …,1,Neutral,Negative,0.9928549,0.0064642536,0.0006809177,0.9928549,False
@USER @USER need a grassroots effort to move more conservatives to CA! Reclaim the beautiful state.,1,Neutral,Positive,0.0035266571,0.15475279,0.8417205,0.8417205,False
@USER #NationalFastFoodDay give me food plz!!!,1,Neutral,Positive,0.0009984556,0.019463137,0.9795384,0.9795384,False
Mah Stuff. #TheWalkingDead,2,Positive,Neutral,0.15595375,0.82654977,0.017496472,0.82654977,False
"North Korea is literally begging China to stop calling Kim Jong Un ""Kim Fatty the Third."" Politics at its finest.",1,Neutral,Negative,0.97475624,0.022935491,0.0023083691,0.97475624,False
For no reason because animal testing doesn't translate to humans anyway,1,Neutral,Negative,0.97125274,0.027545555,0.0012016846,0.97125274,False
#GilmoreGirlsTop4 1. Luke 2 Jess 3 Sookie 4 kirk,2,Positive,Neutral,0.0011374692,0.9825832,0.016279314,0.9825832,False
I just don't get what's the big deal of using MAC products like I love MAC & I hate the animal testing but YALL need to chill,1,Neutral,Negative,0.9798004,0.017609725,0.0025899436,0.9798004,False
How to #draintheswamp: 1. Take office. 2. Appoint swamp lobbyists & swamp kingpins. 3. Bathe in swamp together. 4. Collect cash & applause.,1,Neutral,Negative,0.94226855,0.054041162,0.0036903108,0.94226855,False
Recent Findings May Lead To Smart-3D printing By 2018 Researchers Find,1,Neutral,Positive,0.00091061933,0.08445206,0.9146373,0.9146373,False
"Trump has tried to illegally invest in Cuba during embargo. Now he wants to make sure he can do it, and Cuba will b…",0,Negative,Neutral,0.2032071,0.78283083,0.013962004,0.78283083,False
"Rock Princess ; Let's Keep This Secret 2 Ourselves ; DON'T Tell Loony Leftists That They Could've Bought , Lots Of…",0,Negative,Neutral,0.12758976,0.8525983,0.019811885,0.8525983,False
Grayson Allen should have gone to the #NBA after last season. His stock wont ever b that high again and that's not a shot at him as a player,1,Neutral,Negative,0.98985136,0.00922345,0.00092520466,0.98985136,False
"Nataf, less than 10 km from #Jerusalem/#ElQuds … #IsraelFires #PalestineBurning #Palestine #Israel",1,Neutral,Negative,0.6425907,0.3538271,0.003582176,0.6425907,False
.@USER #NBAwards acceptance speech has been viewed over 1.6 million times at @USER,1,Neutral,Positive,0.0014898424,0.043983348,0.95452684,0.95452684,False
Why are some vaccines optional? What can be the ill-effects if I don't get my child immunised with optional vaccine…,1,Neutral,Negative,0.962905,0.035903826,0.0011911076,0.962905,False
I can't even imagine how difficult the decision to have an abortion is as the mother...,1,Neutral,Negative,0.9243885,0.07150777,0.004103649,0.9243885,False
I intend to cook mexican gray wolf as my mind turns to vegetarianism.,1,Neutral,Positive,0.001415961,0.36305016,0.6355339,0.6355339,False
Does This Ass Make My Car Look Fat? #p2 #ctl #ImStillWithHer…,1,Neutral,Negative,0.91442794,0.082058616,0.0035134966,0.91442794,False
#Aleppo : Opposition killed 80 militiamen during violent battles for the village of #Al_Aziza.,1,Neutral,Negative,0.99453074,0.004719362,0.00074992754,0.99453074,False
zac efron poses nude #lovely libra porn,1,Neutral,Positive,0.0017495187,0.006424245,0.9918262,0.9918262,False
Voter Suppression/FraudFake NewsRussian HackersFBI Witch HuntWiki DNC Attack.. And Hillary still won the popular vote#Resistance,1,Neutral,Negative,0.9683585,0.029459978,0.0021815842,0.9683585,False
"That's great, but who purchased those shares? Shifting responsibility doesn't solve the problem. #NoDAPL",2,Positive,Negative,0.90602225,0.08683975,0.007138064,0.90602225,False
@USER @USER Purge the voter registration records,1,Neutral,Negative,0.8108476,0.18330272,0.0058496776,0.8108476,False
"@USER @USER We all hope you join her soon,Out of Office.",1,Neutral,Positive,0.0019428534,0.10621089,0.8918463,0.8918463,False
#Iraqiforces seized #Qaratapa south east of #mosul#MosulOperation #mosulop#mosulops#mosuloffensive#IRAQ#ISIS…,1,Neutral,Negative,0.8804024,0.11827479,0.0013228377,0.8804024,False
Australia Cuts Clinton Foundation Donations To $0 | Zero Hedge #FidelCastro Hillary only has the Saudis as contrib,0,Negative,Neutral,0.4188961,0.574041,0.007062865,0.574041,False
"@USER @USER DJT proposes to add a couple more trillion to that debt load. And gut ACA, Medicare, Medicaid..",1,Neutral,Negative,0.99199075,0.007213469,0.0007956852,0.99199075,False
Find yourself a physics prof who could pass as a 3 time cy young winner.,1,Neutral,Positive,0.0022174697,0.0639916,0.9337909,0.9337909,False
The #Westworld need to learn much from east culture.,2,Positive,Neutral,0.011888946,0.96940506,0.018706013,0.96940506,False
Cy Young: The Greatest Pitcher Baseball has Ever Seen #Pitcher #Baseball,1,Neutral,Positive,0.0016135122,0.0032780692,0.9951084,0.9951084,False
"Video: #Saudi military vehicle burns and artillery explodes in it after being targeted by #Houthis in #Assir, south…",1,Neutral,Negative,0.9872959,0.011981702,0.0007223968,0.9872959,False
#jerusalem is now trending in Malaysia[URL],2,Positive,Neutral,0.0012022665,0.9777263,0.021071423,0.9777263,False
"@USER @USER @USER @USER It's only a small left fringe that does, not the actual mainstream left, unlike main rightists",0,Negative,Neutral,0.0387432,0.94965357,0.01160323,0.94965357,False
This is no time to go after consumer agency! via @USER @USER,1,Neutral,Negative,0.9836585,0.014965145,0.0013764414,0.9836585,False
"Marion Maréchal-Le Pen, niece of FN president Marine Le Pen, met Poklonskaya at Russia's State Duma and was invited…",2,Positive,Neutral,0.001919415,0.7764104,0.22167017,0.7764104,False
Five-year-olds caged to clean up streets for Pope Francis via @USER,0,Negative,Positive,0.032372307,0.47847033,0.48915738,0.48915738,False
@USER @USER @USER @USER That's how the Clinton Foundation works. Only 5 % goes to charity and the rest to ClintonCart,0,Negative,Neutral,0.03397502,0.91562957,0.050395347,0.91562957,False
"@USER @USER @USER Learning from those who cause massive attention can be useful if you wanna do it too, or prevent it.",1,Neutral,Positive,0.017278027,0.47115958,0.51156235,0.51156235,False
Diamond Shaq is better than Pink Diamond Tim Duncan,2,Positive,Neutral,0.046865504,0.49300662,0.46012783,0.49300662,False
@USER @USER Gotta love experts on Putin style.,0,Negative,Positive,0.12956788,0.26398006,0.60645205,0.60645205,False
@USER surprise CFPD donated $50K to Clinton..you sanction abortion so you should enjoy watching Trump gut your precious baby.,1,Neutral,Negative,0.9925418,0.006503967,0.000954235,0.9925418,False
If Juul goes out of business HB will make the anti-Trump riots look like child's play,1,Neutral,Negative,0.991706,0.0074787033,0.0008152138,0.991706,False
"@USER No she said ""white people shouldn't be running it"" but same thing to dems.",1,Neutral,Negative,0.9843656,0.014652072,0.0009823065,0.9843656,False
"Israeli forces violently disperse march in Kafr Qaddum, protesters suffer tear gas inhalation | Maan…",1,Neutral,Negative,0.99313897,0.0061357715,0.0007252158,0.99313897,False
#BREAKING Reports of attempted stabbing in #Shoafat East #Jerusalem #Palestinian shot dead#Israel,1,Neutral,Negative,0.9877357,0.011574393,0.0006898831,0.9877357,False
China Doesn't Want Its Citizens to Call North Korea's Leader 'Kim Jong Fatty the Third',1,Neutral,Negative,0.9768181,0.022111101,0.0010707788,0.9768181,False
Pics from @USER on the Interview by #HollywoodLivetoday about #Homewalk and more! #ThisIsUs,2,Positive,Neutral,0.0009822347,0.9661397,0.032878127,0.9661397,False
I don't understand how people can see gay marriage as anything more complex than love. It's just love and no one should be denied that,2,Positive,Neutral,0.26718876,0.6854019,0.04740937,0.6854019,False
You don’t need a weather man - to see which way the wind blows. —Bob Dylan,1,Neutral,Positive,0.0068329726,0.25327852,0.7398884,0.7398884,False
"Biogas from grass can supply all UK with gas, claims CEO of @USER #innovation #cleantech",1,Neutral,Positive,0.0018550688,0.083520226,0.91462475,0.91462475,False
Nobody should be underestimating this recount. Came right after Trump said he'll pull out of TPP. It's not over until inauguration on Jan 20,0,Negative,Positive,0.067167334,0.33977282,0.59305984,0.59305984,False
"Millions agree w/ Paul Nehlen, Newt, Mike Huckabee, Sean Hannity- #NeverRomney! Reject ROMNEY! @USER",0,Negative,Neutral,0.28598264,0.5477653,0.1662521,0.5477653,False
@USER you don't need coffee when the spirit of Kim Jong-un is there to keep you awake,0,Negative,Neutral,0.053600293,0.85589945,0.090500176,0.85589945,False
"DJT is a volatile diet cocktail of Erdogan, Kim Jong Un, Putin, Gaddafi, and Mugabe.",0,Negative,Neutral,0.34387618,0.6472242,0.008899579,0.6472242,False
Watching #MariahsWorld learning how to be the most extra,2,Positive,Neutral,0.004145188,0.8152554,0.18059936,0.8152554,False
#Microsoft Joins The Linux Foundation as a Platinum Member via multiple search engine,1,Neutral,Positive,0.0016578953,0.04726616,0.951076,0.951076,False
Lady Gaga On Melania's Anti-Bully Speech: ‘Your Husband Is 1 Of The Most Notorious Bullies',0,Negative,Neutral,0.17571871,0.7972683,0.027013002,0.7972683,False
@USER that is one opinion! But still not a fact: here's a fact: HRC won the popular vote by over 2000000 votes!,1,Neutral,Positive,0.008026358,0.14002629,0.85194737,0.85194737,False
@USER euthanasia for those who are barely living,1,Neutral,Negative,0.98357165,0.015534671,0.0008936628,0.98357165,False
"Rick Porcello aside, the BBWAA has been doing a better job recently with its Cy Young voting",1,Neutral,Positive,0.0013572004,0.034098852,0.96454394,0.96454394,False
@USER @USER #ThankYouObama for flying in #Pizza from #Chicago @USER expense. $65.000 to another #Pizzagate,0,Negative,Neutral,0.030144526,0.54941154,0.42044395,0.54941154,False
Hey @USER - worth checking this week's @USER on what robots are learning from octopuses,2,Positive,Neutral,0.0022280721,0.6227634,0.37500858,0.6227634,False
The Constitution lets the electoral college choose the winner. They should choose Clinton. #StillWithHer,2,Positive,Neutral,0.01915479,0.9105466,0.07029857,0.9105466,False
Burtle for sale! DM me! #Hatchimals #hatchimal #blackfriday #burtle,2,Positive,Neutral,0.0011941099,0.85877794,0.14002796,0.85877794,False
@USER any updates on that income tax audit or was that all a lie? #BlackFriday #StillWithHer #Thanksgiving #AuditTheElection,0,Negative,Neutral,0.06213585,0.9239987,0.013865466,0.9239987,False
@USER Wondering what better system we could implement. Popular vote should have more influence. Electoral college sounds sketchy.,1,Neutral,Negative,0.987515,0.01138005,0.0011048905,0.987515,False
Wow...the #Haifa fire story flew under my radar....damn. Arson or Karma? #Israel #Palestine,1,Neutral,Negative,0.9895253,0.0087953685,0.0016792924,0.9895253,False
I will end the embargo against Cuba.,2,Positive,Neutral,0.02537539,0.55943763,0.415187,0.55943763,False
@USER just because you use products that are not vegan doesn't mean you support animal testing,1,Neutral,Negative,0.79650944,0.19895932,0.004531251,0.79650944,False
Sheikh Othman #Aden police arrested a cell of 6 suspected terrorists allegedly plotting the assassination of a lawyer in Mansoura. #Yemen,1,Neutral,Negative,0.90798104,0.08975202,0.0022669625,0.90798104,False
"@USER Not sure, what happens then is that certain companies start to monopolize deep learning...",0,Negative,Neutral,0.038289305,0.9390597,0.022650937,0.9390597,False
"W/ Trump, nationalists strike back against immigration #politics #elections #news #startup",0,Negative,Neutral,0.109178565,0.87974703,0.011074413,0.87974703,False
The latest The mardibum63 Daily! Thanks to @USER @USER @USER #ai #brexit,1,Neutral,Positive,0.0029472734,0.06082021,0.93623257,0.93623257,False
"""He wants to break up the country’s biggest companies, meet with Nort Korean leader Kim Jong Un & throw President P…",1,Neutral,Negative,0.8933572,0.103834264,0.0028085033,0.8933572,False
A Trump cabinet position is waiting for him when he gets back to the States.,1,Neutral,Positive,0.008642455,0.36286876,0.62848884,0.62848884,False
Spoiler alert: this is what's inside of your Hatchimal. #ruinedchristmas #Hatchimals,0,Negative,Neutral,0.116827205,0.87475616,0.008416652,0.87475616,False
Steve Bannon refuses to shop on #BlackFriday #TRUMP,1,Neutral,Negative,0.9728966,0.025965398,0.0011379423,0.9728966,False
Right after this there was a crash right behind us. The @USER driver saved the fffff out of us! #ironcurtain #uber …,1,Neutral,Positive,0.042507432,0.13745303,0.8200396,0.8200396,False
"#ISIS infogrphic, week 5 of #MosulOffensive: claims killing 487 #ISF & #Peshmerga; 20 suicide attacks; 76 Humvees,…",1,Neutral,Negative,0.9914534,0.007786401,0.00076015113,0.9914534,False
Yep. Ben Carson is a Clarence Thomas type pick. @USER @USER,2,Positive,Neutral,0.010635052,0.7822697,0.20709531,0.7822697,False
#Laugh at Ron White Death Penalty on #comedy #funny #standup,2,Positive,Neutral,0.015399352,0.64540017,0.3392005,0.64540017,False
Tony romo want me out the game,1,Neutral,Negative,0.94112396,0.057012632,0.0018633356,0.94112396,False
The Electoral College Is Anything But Outdated,1,Neutral,Negative,0.9945714,0.004547525,0.0008810779,0.9945714,False
@USER I'm gonna need you to put a stop to the Dakota Access Pipeline if you ever want my support.,1,Neutral,Negative,0.49899256,0.48552603,0.015481422,0.49899256,False
A Democrat paid for by George Soros.,1,Neutral,Negative,0.97951436,0.019430703,0.001054998,0.97951436,False
"@USER @USER I hope it doesn't replicate in Pak, rightists coming to power. Congress will strike back. No guarantees :)",0,Negative,Neutral,0.055844456,0.8947033,0.049452234,0.8947033,False
"He had Michael Moore camping on his doorstep like a groupie, played 'em like a pro—but does it matter now? Wait,…",0,Negative,Neutral,0.18158458,0.7048063,0.11360909,0.7048063,False
How time changes: Microsoft joined Linux Foundation as platinum member - long gone the Halloween documents!,2,Positive,Neutral,0.01017497,0.5127172,0.4771078,0.5127172,False
Analyzing Post-Disaster #Structural Damage Using #DeepLearning Systems,0,Negative,Neutral,0.009347799,0.97189415,0.018758008,0.97189415,False
"""We're already experimenting with more materials."" - 3D_Fuel co-founder John Schneider via cnntech",2,Positive,Neutral,0.0012316973,0.927122,0.07164633,0.927122,False
@USER I spent my 25k and got verlander,2,Positive,Neutral,0.0044960654,0.9636128,0.031891137,0.9636128,False
"But something something Clinton foundation something Saudi Arabia, right?",0,Negative,Neutral,0.014273359,0.9695375,0.016189057,0.9695375,False
😂😂WHEN I SAY WE TRIED 20 DAM TIMES!! STANDING STILL IS HARD AF😂😂 #mannequinchallenge…,2,Positive,Negative,0.7312282,0.13421348,0.13455833,0.7312282,False
The election of Donald Trump could have a significant future impact on the project Dakota Access Pipeline when he takes office.,2,Positive,Neutral,0.11966331,0.83077246,0.049564146,0.83077246,False
Told her don't come for me because she wouldn't be able to find me!!! #IAmTheTruth,1,Neutral,Negative,0.724022,0.26086375,0.0151142925,0.724022,False
"@USER True fair trade=foreign imports meet US regulations over there...EPA, OSHA, Labor laws, minimum wage, etc.",1,Neutral,Positive,0.007925713,0.46409038,0.52798396,0.52798396,False
@USER advice of the year! @USER @USER @USER @USER @USER @USER,1,Neutral,Positive,0.000835941,0.03091732,0.96824676,0.96824676,False
"Terrorist Bilal_Abdul_Kareem thinks the only way t ""defeat"" #ISIS is by declaring #Assad; the defender of #Syria ag…",1,Neutral,Negative,0.9706497,0.02818678,0.0011635028,0.9706497,False
Undersecretary of Cement on the Mexican Border..BUILD THE WALL.,0,Negative,Neutral,0.15969081,0.81889564,0.021413507,0.81889564,False
"When Leonard Cohen and Fidel Castro both kick the bucket to avoid dealing with a Trump Presidency, choppy waters ahead...",0,Negative,Neutral,0.2075271,0.76939535,0.023077628,0.76939535,False
@USER @USER control? Rape/incest = <3%. You think the death penalty for a murderer is equivalent to the slaughter of,1,Neutral,Negative,0.99181575,0.007317774,0.00086650834,0.99181575,False
@USER @USER @USER Plez fight Putin!,0,Negative,Neutral,0.31295875,0.6524185,0.034622747,0.6524185,False
#Isis commanders in #Syria or #Iraq directed foiled plot to launch pre-Christmas attacks on Paris landmarks,1,Neutral,Negative,0.9749669,0.024161156,0.0008720792,0.9749669,False
"@USER @USER @USER @USER @USER read my articles. #Israel treats #Hamas daughter, people from #Gaza",1,Neutral,Negative,0.9707856,0.028157275,0.0010571281,0.9707856,False
current white supremacists: Why isnt there a white friday??,1,Neutral,Negative,0.98814046,0.011076425,0.0007831104,0.98814046,False
"More advances by SAA, Russian army and other groups in Eastern #Aleppo. Another ""slice"" almost completed…",1,Neutral,Positive,0.0016749278,0.14663625,0.85168874,0.85168874,False
"Started my day considering watching #GilmoreGirlsRevival, then found out what #Hatchimals are, now I'm playing @USER #Batman. Hm.",1,Neutral,Positive,0.0036208536,0.3980598,0.5983193,0.5983193,False
@USER Will someone think of Michael Moore right now? Prayers to @USER - he must be inconsolable.,1,Neutral,Negative,0.52470654,0.43011832,0.04517511,0.52470654,False
@USER @USER @USER @USER You guys. 👏🏽 👏🏽 👏🏽 👏🏽 👏🏽 (that a slow clap emoji style) #Westworld,1,Neutral,Positive,0.0011793212,0.013926825,0.98489386,0.98489386,False
@USER How many of Cuba problems reflect US embargo? Cuba much poorer than US but has similar life expectancy. Why?,1,Neutral,Negative,0.9586998,0.04004675,0.0012535041,0.9586998,False
"At our current rate of use, we're predicted to run out of fossil fuels within 100 years. Let me know how that works…",1,Neutral,Negative,0.9354351,0.060926057,0.0036388987,0.9354351,False
"I can't wait to kick 22 million off of Obamacare, voucherize Medicare & destroy Medicaid & the states with a block…",0,Negative,Positive,0.31470108,0.27486148,0.41043746,0.41043746,False
Bad hombres ran a 🦃 trot relay. Took 9th place among men teams @USER #TurkeyTrot #Run901 #RunHappy,1,Neutral,Negative,0.66074634,0.27381688,0.06543683,0.66074634,False
Christmas Charity Benefit 🌲 #MannequinChallenge @ Lukas Nursery & Butterfly Encounter,2,Positive,Neutral,0.0007264773,0.614195,0.3850785,0.614195,False
"Of course I would out Christopher in my top 4 and it would be a controversial choice, so I'm just not gonna do the #GilmoreGirlsTop4",2,Positive,Neutral,0.1738736,0.81280214,0.013324272,0.81280214,False
Lover Lover Lover by Leonard Cohen is totally about being a trans girl like come on it's not even subtle,0,Negative,Neutral,0.063890345,0.6590623,0.27704734,0.6590623,False
ICYMI: Winners were announced this week for the National Book Awards! What are you reading this weekend? #NBAwards,1,Neutral,Positive,0.00091006886,0.24318768,0.7559022,0.7559022,False
"@USER I know the ones around here certainly have. Leaving no stone unturned, no petition unsigned. #StillWithHer @USER",1,Neutral,Positive,0.0058997893,0.30803877,0.68606144,0.68606144,False
Cat in the Hat Valentines Fabric -- Last Piece -- 40-70% off Listings throughout our by altcollect #offer,2,Positive,Neutral,0.0010597698,0.85737085,0.14156942,0.85737085,False
Shariatpur's Idris Ali awarded death penalty for 1971 war crimes,1,Neutral,Negative,0.9725972,0.025751328,0.0016515263,0.9725972,False
is it ok to avoid the person you sexted once when u wanted to get off now that you're in a relationship. I make bad decisions hombres,1,Neutral,Negative,0.9803633,0.018357316,0.0012793915,0.9803633,False
"@USER sorry but US friendship brings drone strikes, they forget that PAK played biggest role in Russia,s division.",1,Neutral,Negative,0.9851667,0.013771288,0.0010619839,0.9851667,False
Don't blame me. I voted for Hillary! #StillWithHer,1,Neutral,Positive,0.003334523,0.027300341,0.9693652,0.9693652,False
#ZacEfron and Seth Rogen Are Shirtless and Wearing Short Shorts...,1,Neutral,Negative,0.6039318,0.38937947,0.0066886973,0.6039318,False
"@USER ""the times they are a changin'"" by bob dylan, ""the watchtower"" Bobbi Hendrix, n Phil Collins",1,Neutral,Positive,0.001534946,0.367668,0.630797,0.630797,False
@USER @USER Petro Poroshenko's an optimist but Putin's bedded down his proxies with WMD everything ready for a war he's staying,1,Neutral,Negative,0.9879019,0.011203328,0.0008948293,0.9879019,False
"So many people got taken from us in 2016, phizzurp, showkey, m dot, Muhammad Ali, Britney Spears😭😭😭",1,Neutral,Negative,0.9214917,0.06570178,0.012806559,0.9214917,False
Saw @USER 's name on new wikileaks documens about #Yemen. Intresting!,2,Positive,Neutral,0.32843968,0.40749362,0.26406676,0.40749362,False
@USER @USER ummm literally so many brands have stopped animal testing #doyourresearch,1,Neutral,Negative,0.992529,0.0066310507,0.0008399162,0.992529,False
"Let the Government know we are with Doctors and Nurses on this #LipaKamaTender & stop stealing funds for vaccines, hospitals, equipment!",0,Negative,Neutral,0.047760088,0.8066399,0.14560011,0.8066399,False
IT'S FROOOOOZEN. #3YearsofMidnightMemories #StoryOfMyLife #SOML #onedirection,1,Neutral,Negative,0.9831549,0.010858088,0.0059870114,0.9831549,False
"@USER End motor Voter, roving registration drives. Make registration a purposeful thing at Court house or city hall.",1,Neutral,Negative,0.71928626,0.26798803,0.0127257155,0.71928626,False
"@USER has seen fit to apologize publicly to Steve Bannon for the Anti-Semitic schmear he laid on Bannon, as the left is want to do.",1,Neutral,Negative,0.9771196,0.021632778,0.0012476774,0.9771196,False
The 3d printing Daily is out! Stories via @USER @USER #3dprinting #3d,2,Positive,Neutral,0.0007475694,0.74103737,0.25821504,0.74103737,False
"If you kill an unarmed Black/Brown person, you should get the death penalty. No questions asked.",1,Neutral,Negative,0.99174553,0.007187521,0.0010669464,0.99174553,False
"If you need any Holy oils or incense, Papa Andrea for next 5 days are offering free shipping from #Jerusalem",1,Neutral,Positive,0.0011292514,0.29015657,0.7087142,0.7087142,False
@USER UM YOU ARE TALKING AB YOURSELF IM MELANIA TRUMP BEXT TO YOU,0,Negative,Neutral,0.027458578,0.94415927,0.028382177,0.94415927,False
"@USER We dont hav Obamacare but this piece was 👌🏼. I wish DT cud keep ins 4 all, but ⬆️competition so we're not the ones paying for it!",0,Negative,Positive,0.0038114637,0.04193353,0.95425504,0.95425504,False
At least 8 killed in Egypt's Sinai - #Egypt #Sisi #Muslims #Israel #Gaza #Sinai #Hamas,1,Neutral,Negative,0.99393797,0.0053546876,0.0007073828,0.99393797,False
"@USER I dont know which riots will be bigger, anti- trump ones black friday ones.",1,Neutral,Negative,0.9090193,0.08842036,0.0025604095,0.9090193,False
"I like James Brown, Little Richard , Ben Carson - but not this- African culture for everyone via @USER",2,Positive,Neutral,0.058878437,0.59136593,0.34975561,0.59136593,False
#YemenChildren suffer from the US-Saudi aggression against #Yemen #happythanksgiving #JohnKerry,1,Neutral,Negative,0.9930524,0.006290813,0.0006568052,0.9930524,False
First Leonard Cohen and now this. 2016 can totally get in the bin #yearsthatshouldgetinthebin[URL],1,Neutral,Positive,0.006196657,0.059747085,0.9340563,0.9340563,False
@USER called for nationwide protests[URL] among #MoveOn donors[URL],1,Neutral,Negative,0.59988093,0.39655074,0.003568317,0.59988093,False
Poor Gaston! #BeautyAndTheBeast,0,Negative,Neutral,0.069450855,0.86524487,0.06530423,0.86524487,False
We Are The Bad Hombres!,1,Neutral,Negative,0.9913544,0.0066687237,0.0019769217,0.9913544,False
Great now we're entering #ThisIsUs territory...dad dies so mom gets with dad's best friend #GilmoreGirlsRevival,1,Neutral,Positive,0.04001994,0.2566839,0.7032962,0.7032962,False
I wish I had thanksgiving dinner leftovers to eat but I ate all yesterday,0,Negative,Neutral,0.010093199,0.71883017,0.27107662,0.71883017,False
More #newarrivals #pentatonix #christmasalbum #arianagrande #frankzappa #leonardcohen with Hallelujah #bobdylan...,2,Positive,Neutral,0.0007619589,0.8492557,0.14998238,0.8492557,False
@USER Thanks to all that voted to trade their social security and Medicare for an imaginary wall.,1,Neutral,Positive,0.045568064,0.2639916,0.69044036,0.69044036,False
"Car Racing Art on Twitter: ""10 Cool Supercars of Cristiano Ronaldo",1,Neutral,Positive,0.0010799993,0.15939637,0.8395236,0.8395236,False
You better nominate @USER for the #MannequinChallenge,2,Positive,Neutral,0.005368317,0.68836486,0.30626675,0.68836486,False
"@USER @USER @USER He didnt in CA. Illegal Immigrants are how they ""ran up the score"" in popular vote, in California alone.",1,Neutral,Negative,0.982054,0.016534636,0.0014113855,0.982054,False
"Melania Trump sues Daily Mail, blogger over 'defamatory' stories via @USER",1,Neutral,Negative,0.9768022,0.022252934,0.000944936,0.9768022,False
"Raul Castro announced that Cuba would not be allowed to name any streets or monuments after Fidel to ""avoid a cult of personality"" -ABC News",0,Negative,Neutral,0.03781682,0.9489918,0.013191375,0.9489918,False
This is what democracy should look like.LIKE AND SHARE,2,Positive,Neutral,0.0030443326,0.776974,0.21998166,0.776974,False
"@USER I recently received the Daydream View VR from Google, I'll see if there's an Earth app",1,Neutral,Positive,0.0012809016,0.34374663,0.6549725,0.6549725,False
@USER @USER you guys have #isis right here in Ft. Worth! 😉,1,Neutral,Positive,0.0007825667,0.048846584,0.95037085,0.95037085,False
Vitamin C proven to cure over 30 major diseases[URL] #survivlaist #survivalsituation,1,Neutral,Positive,0.0011332744,0.017914657,0.9809521,0.9809521,False
.Please join #CambridgeKillers tweetstorm to end animal testing:,1,Neutral,Negative,0.9751713,0.023015244,0.0018134896,0.9751713,False
#DOX'ed: Cuban dissidents vow retaliation against enablers of #FidelCastro in Obama admin,1,Neutral,Negative,0.8931248,0.10526746,0.001607705,0.8931248,False
"Hello surge pricing on, previously cheaper than #Careem, #Uber. A Rs384 ride just cost Rs730! Ye toh hona hee tha 😑",1,Neutral,Positive,0.024210691,0.1905909,0.78519845,0.78519845,False
Putin ally warns Russia is heading towards the next CUBAN MISSILE CRISIS and will target its ... - #GoogleAlerts,1,Neutral,Negative,0.98307574,0.015825251,0.0010990816,0.98307574,False
@USER because Kate upton is too busy complaining that Justin Verlander should have won the CY Young award.,1,Neutral,Negative,0.97913766,0.019624138,0.0012381619,0.97913766,False
@USER So you support raising the federal minimum wage to $11/hour? That's a start!,2,Positive,Neutral,0.008531315,0.65598214,0.3354865,0.65598214,False
"I mean, what harm have Austrian rightists ever caused before?",1,Neutral,Negative,0.99050575,0.00849331,0.001000903,0.99050575,False
For some reason I've been staying up late watching David Blaine videos on Netflix. What?,2,Positive,Negative,0.8894579,0.10692614,0.0036160082,0.8894579,False
#DidYouKnow diabetes can affect the kidneys resulting in #kidney failure.[URL] #Health…,1,Neutral,Negative,0.98937947,0.009698943,0.0009215528,0.98937947,False
"The Anti-Trump Riots Consolidate Support for Trump, Remind Us Why We voted For Trump in First Place #tcot #p2",1,Neutral,Negative,0.960111,0.036175866,0.0037130676,0.960111,False
"""the unstoppable force of non-technical certitude about deeply technical subjects"" dystopia of self-driving cars",1,Neutral,Negative,0.4807125,0.44781682,0.07147075,0.4807125,False
"@USER Maybe if you hadn't violated the embargo against Cuba, I'd believe you.",0,Negative,Neutral,0.28364536,0.70094925,0.015405434,0.70094925,False
"@USER I'll tell you what, any woman who has had an abortion has done so with the utmost regret. Regret. Not shame.",1,Neutral,Negative,0.7102522,0.27386096,0.01588679,0.7102522,False
Extensive strikes by @USER in Sirte #Libya in recent days. Tiny # of ISIS militants holding out remarkably vs local fighters/US air power,1,Neutral,Negative,0.9249614,0.072865166,0.002173449,0.9249614,False
Why fossil fuels?,1,Neutral,Negative,0.8707575,0.12642518,0.0028173516,0.8707575,False
so my research paper is on minimum wage. there is literally so much I could write abt this subject but that's what's making it so hard 😭,1,Neutral,Negative,0.98786795,0.010570981,0.0015611168,0.98786795,False
"tens of thousands are trying to escape a ""slow-motion descent into hell""Aleppo siege: 'We are crying and afraid' -",1,Neutral,Negative,0.9901703,0.008845016,0.0009847131,0.9901703,False
"She cried for the family,neighbors and friends she left behind she cried for the burnt trees and charred land #Palestine #PalestineBurning",1,Neutral,Negative,0.9863565,0.01258134,0.0010621335,0.9863565,False
"Luis Enrique: ""In the first half I can't remember Celtic having a clear chance and Messi as usual was at a really high level."" #fcblive",1,Neutral,Positive,0.0017644305,0.028883599,0.96935195,0.96935195,False
"There's a whole industry, a veritable Ministry of Truth, tasked w/ lying to undermine efforts to raise #wages #FF15",1,Neutral,Negative,0.98583305,0.013030903,0.0011360581,0.98583305,False
21/May/15 False Flag Weekly News #false #flag #osama #bin #laden #boston #bombing #iraq #libya,1,Neutral,Negative,0.9907481,0.008496101,0.0007557731,0.9907481,False
Nick Young — Fidel Castro was a “Legend” | TMZ TV,2,Positive,Neutral,0.0030207816,0.6499692,0.34701,0.6499692,False
Can the Democratic Party rise again? Yes - and here's the first big thing to watch. #gay #vegan #vote #uniteblue,1,Neutral,Positive,0.004136875,0.22424036,0.77162284,0.77162284,False
"It will be as exciting as the 1930s, greater than the Reagan revolution... Steve Bannon, with a Fabergé glint in…",1,Neutral,Positive,0.005207418,0.02757941,0.96721315,0.96721315,False
"@USER @USER @USER @USER @USER @USER You're forget 1 thing, the 2mjrPty's are 1 team!",1,Neutral,Positive,0.0015749844,0.0862143,0.91221076,0.91221076,False
Ukraine junta considers extraditing Saakashvili back to Georgia (but they don't seem to want him):,0,Negative,Neutral,0.15733075,0.8361625,0.0065068314,0.8361625,False
Wow! Liberals are now asking for a refund from Jill Stein lol,0,Negative,Neutral,0.1666407,0.7459742,0.087385155,0.7459742,False
for the next video im gonna need some help from you guys.so...please tweet me some questions regarding animal rights and vegetarianism!,2,Positive,Neutral,0.0025682114,0.95795655,0.039475255,0.95795655,False
@USER @USER @USER @USER @USER Are you familiar with voter registration? You know you can't just show up?,1,Neutral,Negative,0.97037536,0.028118795,0.0015057464,0.97037536,False
<-Hot German Milf Fucked Young Boy #tits #boob #memek #bispak #onedirection,0,Negative,Neutral,0.0031936963,0.9694884,0.027317908,0.9694884,False
This pic is everything 😷😷#AuditTheVote #NotMyPresident #TrumpTransitionTeam #mittromney,0,Negative,Positive,0.013179987,0.0918587,0.89496136,0.89496136,False
@USER @USER sport figures & certain celebrities can be seen as heroes.,1,Neutral,Positive,0.0026262025,0.03668363,0.96069014,0.96069014,False
Ariana Grande White House Easter Egg Roll in Washington #ArianaGrande,2,Positive,Neutral,0.0014706531,0.9850376,0.013491771,0.9850376,False
@USER human rights need to be at the top of the negotiations. End the death penalty for apostates and blasphemy.,1,Neutral,Negative,0.9415403,0.056014955,0.0024447618,0.9415403,False
@USER you cited living wage. Minimum wage wasn't made to be a king off of,1,Neutral,Negative,0.9597271,0.038377926,0.00189494,0.9597271,False
People with armed security should probably shut up about gun control #tcot #pjnet #p2 #ccot #nra,1,Neutral,Negative,0.9835632,0.015431061,0.0010057221,0.9835632,False
@USER @USER I can only agree. Republicans always want to cut Medicaid.,0,Negative,Neutral,0.45802438,0.48489365,0.057081997,0.48489365,False
Celine Dion must sing the theme song #Beautyandthebeast,2,Positive,Neutral,0.028744832,0.86863816,0.10261711,0.86863816,False
TIL: a trip to the impound lot makes a good argument for self-driving cars.,1,Neutral,Positive,0.0077216686,0.19241649,0.79986185,0.79986185,False
"@USER Obama Admin: Feds hope to drill Arctic Ocean, despite climate change, oil spill risks",0,Negative,Neutral,0.025180731,0.84456915,0.13025013,0.84456915,False
"92 News HD Official - Samsung Galaxy Note 7 EXPLOSIONS have not damaged brand, says poll",1,Neutral,Positive,0.0032537866,0.14366977,0.85307646,0.85307646,False
The kid version of the #mannequinchallenge 😆😂,1,Neutral,Positive,0.0019921167,0.043611165,0.9543967,0.9543967,False
"For those of you who have yet to see. BTW, the ""white guy"" & Steve Bannon (Trump's right hand man) are tight.",1,Neutral,Negative,0.95636135,0.041806776,0.0018318689,0.95636135,False
"U.S. Officials Defend Integrity of Vote, Despite Hacking Fears /MAYBE OBAMA ADMIN. SHOULD MIND IT'S OWN BUSINESS---",0,Negative,Neutral,0.26935613,0.6965764,0.03406748,0.6965764,False
@USER Where are the Persona 5 PSN avatars for EU? They weren't in the store yesterday like you guys promised.,0,Negative,Neutral,0.22244422,0.7699663,0.0075895526,0.7699663,False
"Well to Leftists, protesting has become their new religion.",1,Neutral,Negative,0.9507428,0.04644588,0.0028113096,0.9507428,False
so fidel castro has died. when will maduro ever,1,Neutral,Negative,0.9868385,0.012093771,0.0010677607,0.9868385,False
The #NBAwards Fiction panel is about to begin. #MiamiBookFair2016,2,Positive,Neutral,0.0009206416,0.9778217,0.021257725,0.9778217,False
"Embargo helps sometimes, Cuba's honey is almost 'organic'",1,Neutral,Positive,0.0029657222,0.11922274,0.8778116,0.8778116,False
@USER nah the social security dept. had my info mixed up my fault,1,Neutral,Negative,0.98662996,0.012163134,0.001206943,0.98662996,False
"Instead of #DrainTheSwamp, #Trump is filling it to #OverFlow",1,Neutral,Negative,0.8209856,0.17323326,0.005781111,0.8209856,False
"Repeal Congress’ special exemption from Obamacare, kill two birds with one stone – Washington Times",1,Neutral,Negative,0.6282825,0.3427625,0.02895497,0.6282825,False
Whoever is in charge of leaking fake names to the liberal press on the #TrumpTransitionTeam is doing a great job #Kudos,0,Negative,Positive,0.07868826,0.40362325,0.5176885,0.5176885,False
@USER bush admin approved the bailout before Obama took office. Then again you hate Trump so you prob hate facts 🇺🇸🐸#swamp,1,Neutral,Negative,0.9890169,0.009643242,0.0013398131,0.9890169,False
I'm Dying😂😂😂 #TheWalkingDead,2,Positive,Negative,0.9471402,0.025622487,0.027237177,0.9471402,False
Jammin out to Ricky Martin - livin la Vida Loca #NP on @USER Now hiring!,2,Positive,Neutral,0.0009192637,0.81795055,0.1811302,0.81795055,False
@USER @USER @USER The answer to @USER for why Trump must continually and forcefully denounce white supremacists.,0,Negative,Neutral,0.43390605,0.5547382,0.011355768,0.5547382,False
"#Iraq: #Ameri""the coming days will witness securing the #Iraqi_Syrian_border fully""[URL]",1,Neutral,Positive,0.0012056635,0.442298,0.55649644,0.55649644,False
@USER same thanksgiving is always SUPER hectic . now its time to Relax until christmas,2,Positive,Neutral,0.06627764,0.71999913,0.21372318,0.71999913,False
Evaluating the BBWAA Cy Young voting through the years #fantasybaseball,2,Positive,Neutral,0.0015590915,0.9785242,0.01991672,0.9785242,False
"I can and will fight for #BlackLivesMatter . However, I am white. I never will be turned down for a job because of my skin tone.4/?",2,Positive,Neutral,0.20722736,0.7223191,0.07045348,0.7223191,False
@USER when's the last time you fought for #BlackLivesMatter? You have your battles. I have mine. So keep assuming that I dont care,1,Neutral,Negative,0.50997615,0.47358227,0.016441662,0.50997615,False
@USER @USER @USER @USER @USER @USER She will more than likely go to work4 Wells Fargo!,1,Neutral,Positive,0.0033802267,0.20231602,0.7943038,0.7943038,False
Usher is putting in WORK. You can see him dripping. #ThankYouObama,1,Neutral,Negative,0.98385495,0.013378301,0.002766774,0.98385495,False
"Image of a man cries his wife, who died along with her three children in suspected #Russian shelling on Al Ferdous…",1,Neutral,Negative,0.985886,0.013341275,0.0007727728,0.985886,False
Overview of MXNet the Deep Learning framework that Amazon has announced support for this week…,1,Neutral,Positive,0.0013472221,0.33000353,0.6686492,0.6686492,False
Bruh David Blaine turning these 1s into 100s in front of these black people got me WEAK. Their reaction is too funny,1,Neutral,Negative,0.9748242,0.019991498,0.0051842257,0.9748242,False
Cristiano Ronaldo ‘loses’ to his 5-year-old son in... #realmadrid,1,Neutral,Negative,0.9789123,0.02006893,0.0010187613,0.9789123,False
trying to get pregnant after abortion,1,Neutral,Negative,0.9474983,0.050528083,0.0019735408,0.9474983,False
@USER @USER same excuses & reactions for fracking.,1,Neutral,Negative,0.97760403,0.021441743,0.00095421355,0.97760403,False
21. I'd rather trade Justin Verlander than Miguel Cabrera.,1,Neutral,Negative,0.78613925,0.20951045,0.004350334,0.78613925,False
Got deleted 😒 but yea we did it 😂 #mannequinchallenge,1,Neutral,Positive,0.015539727,0.15516444,0.8292959,0.8292959,False
By missing #NationalFastFoodDay yesterday I celebrated eating @USER twice today #goals #noshame,1,Neutral,Positive,0.021573294,0.26520082,0.7132259,0.7132259,False
Scream Queens (S02E06) .Watch now. 😍 @USER @USER #ScreamQueens #chenel #bloodshed,2,Positive,Neutral,0.011656436,0.64124805,0.3470955,0.64124805,False
#Beauty #ArianaGrande-CHRISTMAS & CHILL-JAPAN ONLY #CD BONUS TRACK C94 #Deals #TopSeller,2,Positive,Neutral,0.0007165773,0.9386309,0.060652602,0.9386309,False
"Ivanka Will Move Into WhiteHouse To Fill Melania’s Vacancy. ""She just rolls up her sleeves or drops to her knees...""",0,Negative,Neutral,0.020523567,0.96025807,0.019218443,0.96025807,False
Keep what you stole. Is this Poroshenko's unofficial policy?,0,Negative,Neutral,0.044893276,0.9472436,0.007863237,0.9472436,False
MONEY: The right way to claim Social Security lump-sum benefits,2,Positive,Neutral,0.0063159023,0.96794945,0.025734633,0.96794945,False
@USER Do you think the Almighty let Leonard Cohen and Florence Henderson make the third pick?,0,Negative,Neutral,0.0033292104,0.9741245,0.022546263,0.9741245,False
@USER Can we make a petition to abolish the electoral college if they don't go for the candidate with over 2.5 mill more popular vote,0,Negative,Neutral,0.30370545,0.68915915,0.0071353954,0.68915915,False
Some transition thoughts: Trump's NASA looks good for human space exploration and terrible for Earth science @USER,2,Positive,Neutral,0.37908953,0.58118296,0.039727554,0.58118296,False
"melania gave an amazing speech at the rnc, too bad it wasn't hers! #michelleobamaftw (Vine by @USER",1,Neutral,Positive,0.0023502097,0.0030741936,0.9945756,0.9945756,False
@USER @USER DAY-O! DA-DA-DAY-EEE-OOO! Liberals are Commies & Like Fidel-They Need To Go-o!!!,0,Negative,Positive,0.003926168,0.036900062,0.9591738,0.9591738,False
Trump Supporters’ favorite. Ben Carson Formally Offered Cabinet Position By President-Elect. Die Hard Trump... s.,1,Neutral,Positive,0.01528431,0.3109993,0.67371637,0.67371637,False
@USER @USER That's the Galaxy Note 7. We don't speak of it.,0,Negative,Positive,0.00341168,0.14217147,0.85441685,0.85441685,False
No Surprises:Tories reject Foreign Affairs Committee criticism of #Libya intervention.,1,Neutral,Negative,0.92589676,0.072042584,0.002060759,0.92589676,False
[Tom Tango] Cy Young voting point system is 7-4-3-2-1: can we do better?,0,Negative,Neutral,0.0072039897,0.96982634,0.022969572,0.96982634,False
"My baby girl has changed so much! It seems like yesterday, she was 8 years old. :(•{#twd #twdg #TheWalkingDead…",2,Positive,Negative,0.88128954,0.09362214,0.025088357,0.88128954,False
"#Rigged has come full circle ,#deplorables in action",1,Neutral,Positive,0.0057959976,0.097472526,0.89673144,0.89673144,False
CONGRATULATIONS SINGLE PARENTS! #Trump says MORE TAXES for YOU! #MAGA! #MakeAmericaGreatAgain #WorkingParents…,1,Neutral,Positive,0.015113226,0.076538175,0.90834856,0.90834856,False
"The 3 #NBAwards winner are all POC, but according to @USER authors are only white men - w/a white woman thrown in for diversity.",0,Negative,Neutral,0.024768058,0.9572434,0.017988583,0.9572434,False
"Best censured name yet for a national leader. Kim Fatty the Third, or just Kim Fat Fat Fat",0,Negative,Positive,0.014162425,0.17656177,0.8092758,0.8092758,False
. @USER has invited the leaders of progressive and socialist parties across the EU to #London on eve of #Brexit talks !,1,Neutral,Positive,0.0014592628,0.34755754,0.6509833,0.6509833,False
I did not say FBI Comey is a traitor working for Russia. This was said by another. I do not believe this.,1,Neutral,Negative,0.9817737,0.017255379,0.000970903,0.9817737,False
@USER @USER but the conservatives and labour will keep it strong 😂😂😂😟 ?? they haven't done much of a job In my life time,0,Negative,Neutral,0.17986992,0.49865377,0.3214763,0.49865377,False
@USER @USER perfect365 app does live makeup pics ☺ shiseido still animal testing 😐,0,Negative,Positive,0.0037914505,0.043916527,0.952292,0.952292,False
"My #GilmoreGirlsTop4 are, Luke,Paris, Emily and Kirk @USER",2,Positive,Neutral,0.00077873253,0.95116913,0.048052073,0.95116913,False
ICYMI: How a legendary Tipp Hill bar helped rebuild a minister's burned-out home,2,Positive,Neutral,0.003976117,0.9159414,0.08008255,0.9159414,False
Interesting article on vaccines and how they can trigger autoimmune diseases,1,Neutral,Positive,0.027840849,0.39660138,0.57555777,0.57555777,False
"China has reportedly blocked searches for 'Fatty Kim The Third,' a snarky reference to Kim Jong Un",1,Neutral,Negative,0.93082863,0.06795612,0.0012153076,0.93082863,False
"Tell it, Sistah! #ElizabethWarren #TrumpTransitionTeam #DrainTheSwamp",2,Positive,Neutral,0.014131678,0.9008679,0.08500037,0.9008679,False
Hints of the Berlin Wall falling after the Cold War: Microsoft joins The Linux Foundation as a Platinum member,1,Neutral,Positive,0.003583327,0.48714456,0.5092721,0.5092721,False
The latest The Croatia Travel Daily! Thanks to @USER @USER @USER #travel #travelboldly,1,Neutral,Positive,0.0006773548,0.015926678,0.983396,0.983396,False
Children wounded in the #MosulOffensive receive life-saving treatment in Kurdistan Region’s Erbil city.,2,Positive,Neutral,0.01059741,0.92688245,0.06252014,0.92688245,False
#Venezuela: Maduro calls for 'rebellion of Venezuelan women',1,Neutral,Negative,0.9655706,0.03345724,0.0009721627,0.9655706,False
"@USER good, keep them away from the deplorables. Thank you President Obama for 8 years of peace. #trumplandia #dumptrump",1,Neutral,Positive,0.029759139,0.07797104,0.89226985,0.89226985,False
#ScreamQueens Cassidy & Ingrid team up. | ... via @USER @USER,2,Positive,Neutral,0.0010151721,0.97711563,0.021869205,0.97711563,False
"#MosulOffensive has completely encircled #Mosul, thus cutting off #IS from supposed reinforcements and evasion. This according to Iraq MoD.",1,Neutral,Negative,0.52818376,0.44139507,0.030421106,0.52818376,False
Fractures Set Better and Healed Faster with Homeopathy - Homeopathy Plus,1,Neutral,Positive,0.0009869905,0.06954982,0.9294632,0.9294632,False
"If these spikes don't make me the next Cy Young, I don't know what will.",1,Neutral,Negative,0.8871659,0.10864855,0.004185506,0.8871659,False
"“This may come as a surprise to you, but they were not big fans,” Linux Foundation executive director Jim Zemlin.",1,Neutral,Negative,0.4970803,0.4893676,0.013552097,0.4970803,False
This move by Pelosi is a DIRECT RESULT of @USER 's challenge to the status quo. He is already succeeding!,1,Neutral,Positive,0.004168109,0.036657024,0.95917493,0.95917493,False
"@USER Screw Romney, try this guy for Sec. Of State @USER #TrumpTransitionTeam",1,Neutral,Negative,0.9786518,0.019198485,0.0021496876,0.9786518,False
@USER FROM A DEAR LIBERAL: SO We Should Embrace Putin Going Forward Bec. Russian Hacking Is Really OBAMA's F…,1,Neutral,Negative,0.9475851,0.048981406,0.0034335037,0.9475851,False
"But that specific point she made, out of frustration with leftists, liberals, and conservatives alike, stands.",0,Negative,Neutral,0.2381487,0.74788356,0.013967791,0.74788356,False
@USER Good Luck!#Democracy is an illusion!#Iraq#Palestine#Hamas#Egypt#MuslimBrotherhood#Trump#Pensionand so on...,0,Negative,Positive,0.078802906,0.30654225,0.61465484,0.61465484,False
Need a man who looks at me like this guy looks at Kim Jong-un 😩😍,2,Positive,Neutral,0.0433906,0.6470608,0.3095486,0.6470608,False
Four years ago I wrote this about Misha. I pretty much stand by it,1,Neutral,Positive,0.0017234732,0.18842396,0.80985254,0.80985254,False
The consequences of an EU implosion are unknown. There seems to be an air of triumphalism in some quarters today.,1,Neutral,Negative,0.92017895,0.076957256,0.0028638102,0.92017895,False
Don’t miss ‘The Power of Film: Who's Watching Who?’ with The Film Doctor Bro Hakim on TOMORROW @ @USER Info…,1,Neutral,Positive,0.000858757,0.08803619,0.91110504,0.91110504,False
funny writer[URL],1,Neutral,Positive,0.0018193662,0.018759845,0.9794208,0.9794208,False
Trump has stock in DAPLWho's surprised?[URL],0,Negative,Positive,0.0122707235,0.22883508,0.7588942,0.7588942,False
An anti-immigration adviser to Trump says he may start construction of a wall on the Mexican border without a congressional approval.,0,Negative,Neutral,0.008341324,0.9702551,0.021403626,0.9702551,False
Mix it up thoroughly broad visas headed for immigration charlatan: SyDTC,0,Negative,Neutral,0.022731723,0.96407664,0.013191604,0.96407664,False
"Alt-rightists ""hailing"" Trump victory",1,Neutral,Negative,0.98130643,0.017488949,0.001204559,0.98130643,False
@USER exactly! Why aren't we verifying the voter registration system? IDs for noncitizens should differ @USER @USER,1,Neutral,Negative,0.97641784,0.022671606,0.00091059675,0.97641784,False
"Why dont you also publish the views of Kim Jong Un, Kabila etc?",0,Negative,Neutral,0.046535634,0.94519985,0.008264528,0.94519985,False
Reminder of what we're dealing with here. Don't be fooled by the messengers.,1,Neutral,Negative,0.8646878,0.12860824,0.006703963,0.8646878,False
"OmTime magazine named Mahatma Gandhi Person of the year in 1930,Pope Francis in 2013,.A Person who has done good o…",1,Neutral,Positive,0.00087664544,0.039900545,0.95922285,0.95922285,False
"In China, #Obama and Kim Jong Un Are Actors and Best Friends[URL]",0,Negative,Positive,0.0018350836,0.060308956,0.937856,0.937856,False
"What more can I give? Michael Jackson, Celine Dion, Julio Iglesias, Ricky Martin, Mariah Carey, Shakira......",1,Neutral,Positive,0.0010293021,0.07434378,0.924627,0.924627,False
"Now you will have company Che Guevara, Chavez & others...We wish the same for Maduro & North korea leader to end th…",0,Negative,Neutral,0.31593993,0.6633295,0.020730637,0.6633295,False
I agree wiv verifications and all but lets not forget its just a means of social security just to get ppl goin[URL],2,Positive,Neutral,0.03665581,0.90963376,0.053710457,0.90963376,False
"Next, I'm just going to sit on my couch and wait for the robots to take me and use me for my body's ability to generate electricity.",1,Neutral,Negative,0.7158295,0.27094397,0.013226489,0.7158295,False
@USER #Dems mastered how to RIG USA/ system. Same with many Gov't institutions + unions. $s for #Dems are $s for unions! #draintheswamp,1,Neutral,Positive,0.008126555,0.11725727,0.87461615,0.87461615,False
@USER He ain't nowhere... As usual. He's the fragile Tony Romo of WR's.,0,Negative,Neutral,0.11910138,0.8255788,0.055319842,0.8255788,False
@USER This just in: Texas may legalize weed in the next 2 years.,1,Neutral,Positive,0.0019649342,0.18021768,0.8178174,0.8178174,False
"Marine Le Pen is the next France President, right? Tears 😭",1,Neutral,Negative,0.9107895,0.083872296,0.005338169,0.9107895,False
R u happy with the win over North #Dakota access pipeline?#Westworld#TheWalkingDead#MariahsWorld#ChristmasAHorrorMovie#SecretsAndLies,1,Neutral,Positive,0.019141732,0.23316419,0.747694,0.747694,False
#Spurs #GoSpursGo Tim Duncan 1998/99 2nd Yr Starquest & #Topps & 2000 Upper Deck Lightning Strikes #TimDuncan #NBA,2,Positive,Neutral,0.00081652997,0.96956694,0.029616475,0.96956694,False
"Marine Le Pen, Fr. National Front, welcomed Italian referendum result, congratulating “our friend” Salvini who shares her Eurosceptic stance",1,Neutral,Positive,0.0018942812,0.06421629,0.93388945,0.93388945,False
The Chicago Alliance Against Racism is protesting. #Deplorables,1,Neutral,Negative,0.9588623,0.039783668,0.0013540526,0.9588623,False
"Since it's #NationalFastFoodDay I'll have two number 9s, a number 9 large, a number 6 with extra dip....",1,Neutral,Positive,0.0008460536,0.42399457,0.5751593,0.5751593,False
#Spurs #GoSpursGo 1997-98 #Topps ROOKIE of TIM DUNCAN #115 San Antonio Spurs RC HOF #TimDuncan #NBA,2,Positive,Neutral,0.00089484476,0.9608674,0.0382378,0.9608674,False
Samuel Eto'o facing 10-year prison sentence? #FCBlive #ViscaBarca,1,Neutral,Negative,0.9706934,0.028428718,0.0008779483,0.9706934,False
"@USER @USER that's what I was talking about. I'd say she followed that more than ever this year. Do read it, puts it in context",1,Neutral,Positive,0.0032688268,0.102361016,0.89437014,0.89437014,False
Color me shocked! #MAGA #DrainTheSwamp #FakeNews #DishonestMedia,1,Neutral,Negative,0.9919342,0.006804349,0.0012615237,0.9919342,False
#NationalFastFoodDay #BoycottPepsi ...I like Coke better anyway!,1,Neutral,Positive,0.013625476,0.1602254,0.82614917,0.82614917,False
China Blocks 'Kim Fatty the Third' Search Term After North Korea’s Request,1,Neutral,Negative,0.5393408,0.45712417,0.0035350595,0.5393408,False
#Uber should try to solve their glitches with #BRTA restrictions and try ASAP for Uber availability in #Dhaka.,0,Negative,Neutral,0.02705086,0.8644013,0.1085479,0.8644013,False
@USER I have someone claiming that donations to the Clinton Foundation has stopped. Any truth to that? I doubt it but idk for sure,1,Neutral,Negative,0.6096255,0.3823034,0.008071063,0.6096255,False
"@USER @USER Therefore, we can say that an embargo should have been put on Chile...not cuba",1,Neutral,Negative,0.54604495,0.4492115,0.004743528,0.54604495,False
@USER @USER Can I be Chanel #11 instead?😭💓#ScreamQueens,1,Neutral,Positive,0.0030449957,0.15961824,0.8373368,0.8373368,False
@USER glad I read to the end to see Grayson Allen shit on,0,Negative,Positive,0.011598061,0.059857685,0.9285442,0.9285442,False
#Google #Earth #VR allows a person to soar through the sky. Via @USER,2,Positive,Neutral,0.0023280971,0.78939444,0.2082775,0.78939444,False
"Countdown to ""The Last Waltz"" anniversary, top performance No. 2: I Shall be Released, featuring Bob Dylan.",1,Neutral,Positive,0.00078906066,0.028263183,0.97094774,0.97094774,False
@USER @USER @USER @USER former #Mossad should know that Al Jazeera is the Qatari owned propaganda outlet for #Hamas,1,Neutral,Negative,0.9806058,0.018552924,0.0008412671,0.9806058,False
@USER I was worried if you were gonna fed him or not 😂,0,Negative,Neutral,0.37701932,0.5959127,0.027067926,0.5959127,False
@USER @USER It demands an impeachment ....I can only hope the electoral college is functions as it is supposed to,1,Neutral,Negative,0.9828164,0.016116818,0.0010668497,0.9828164,False
"When the pilot says ""if you have a Samsung galaxy note 7, get off the plane"" #lol #flying #samsung #faa #tsa #dot",0,Negative,Neutral,0.043004062,0.81220657,0.14478941,0.81220657,False
"Before Stephen Bannon was masterminding Donald Trump’s way into the White House, he tried to put Sarah Palin there.",1,Neutral,Negative,0.98034966,0.018523613,0.0011267689,0.98034966,False
DJ&PK are giving away free @USER tickets at Big O Tires 12600 South 4689 West until 10am. Get 2 tix while they last.,1,Neutral,Positive,0.0009874186,0.40873155,0.590281,0.590281,False
@USER my only concern with the financial abortion is the reality that fathers can change and seek to recognise the child. I.e in,1,Neutral,Negative,0.86320865,0.13231127,0.0044800527,0.86320865,False
Outed As Russian Spies[URL],0,Negative,Neutral,0.032417413,0.96013033,0.00745224,0.96013033,False
Just trying to imagine this was real...Those must have been some huge suitcases haha#Iran #Israel #Hezbollah,2,Positive,Neutral,0.031203467,0.8205377,0.14825884,0.8205377,False
Blood drive gone serious. #ScreamQueens,1,Neutral,Negative,0.98866105,0.009268441,0.0020705287,0.98866105,False
L L L #ZacEfron #Fashion 2007 Magazine photo of Zac Efron (031812) #Actor #BestSeller,1,Neutral,Positive,0.0013361736,0.32255003,0.67611384,0.67611384,False
@USER @USER Was it voter suppression or did black males not vote for a woman?,1,Neutral,Negative,0.75488317,0.24213867,0.0029781768,0.75488317,False
Just in case u Frida loving liberals 4got 😉,1,Neutral,Positive,0.0052875504,0.025959326,0.96875316,0.96875316,False
Not for the #TrumpTransitionTeam it's a prerequisite.,1,Neutral,Negative,0.94997513,0.047957644,0.0020671987,0.94997513,False
Looks like we're back in business. #YemenFiles #Yemen #HillaryClinton,1,Neutral,Positive,0.0018119168,0.019250795,0.9789373,0.9789373,False
"In their ruthless flight from liberalism, Tories have left morality behind | Zoe Williams",1,Neutral,Negative,0.98449206,0.014487569,0.0010203037,0.98449206,False
LOOOOOOOOL I FORGOT THERES A CATHOLIC BLESSING OR W/E THAT LOOKS LIKE THE NAZI SALUTE,0,Negative,Positive,0.040701617,0.07743788,0.8818605,0.8818605,False
"2014 (Edzard Ernst) Edzard Ernst, hero of ""West Wing"", derided by Conservatives, has a duty to try to protect their habitat. In effect, they",2,Positive,Neutral,0.04649279,0.8687546,0.084752515,0.8687546,False
"@USER Re: Louisiana Senate Race, as the pres election showed, dems aren't losing elections because they aren't spending enough money",0,Negative,Neutral,0.32498246,0.6035263,0.07149126,0.6035263,False
@USER @USER @USER @USER @USER Soros backed dems tryin to overthrow Gov Timed 160k a day donations,1,Neutral,Negative,0.8015885,0.19378722,0.0046242634,0.8015885,False
@USER but... in 2015 Dani STILL didn't believe in gay marriage... ?,1,Neutral,Negative,0.60375136,0.39075392,0.005494697,0.60375136,False
"Classic 3rd world dictator move, surround yourself with unquailfied loyalist that will be yes men to an...",0,Negative,Neutral,0.44029737,0.53501654,0.024686001,0.53501654,False
@USER allows #National Council to fine channels for calls for #revolution,0,Negative,Neutral,0.016963119,0.9669153,0.01612155,0.9669153,False
"Fidel Castro, Conventional Dictator: Fidel Castro's ashes were buried in a sort of boulder…",1,Neutral,Negative,0.61535263,0.3782802,0.0063672294,0.61535263,False
@USER @USER Distant from the media since the results @USER hasn't been celebrating Thanksgiving w/ her followers,1,Neutral,Negative,0.9075873,0.09045416,0.0019584945,0.9075873,False
"""Business of medical marijuana off to fast start in Erie County"" #cannabis",1,Neutral,Positive,0.0013927952,0.4386035,0.5600037,0.5600037,False
@USER I understand some GP's also practise Homeopathy are they QUACKS?,0,Negative,Neutral,0.0044322084,0.9849493,0.010618539,0.9849493,False
@USER @USER the deplorables hate CNN.,1,Neutral,Negative,0.99481946,0.0041866307,0.0009939432,0.99481946,False
Entertainment: Chinese websites block searche .. #TISNews Link -,1,Neutral,Negative,0.9624645,0.0366531,0.00088231213,0.9624645,False
Syrian Army targets #ISIS positions in Deir Ezzor #DeirEzzor #Syria,1,Neutral,Negative,0.80296165,0.19396651,0.003071867,0.80296165,False
I'm sending the folks who gave a Nobel prize for literature to Bob Dylan a cassette copy of The Great Adventures of Slick Rick.,1,Neutral,Positive,0.0018512097,0.20958668,0.78856206,0.78856206,False
Retweeted Seph Lawless (@USER):The Bureau of Investigative Journalism finds that 522 U.S. drone strikes...,1,Neutral,Negative,0.9845105,0.0147210015,0.00076853216,0.9845105,False
Like Muhammad Ali my nigga,1,Neutral,Positive,0.032167736,0.33041975,0.6374125,0.6374125,False
"#Russia FM rejects UN resolution for ceasefire as ""counter-productive"" | #Aleppo #Syria",1,Neutral,Negative,0.98923874,0.010004529,0.0007567304,0.98923874,False
"Bob Dylan sings Like A Rolling Stone live at The Desert Trip at Coachella on October 14, 2016 -",2,Positive,Neutral,0.00069103984,0.96591604,0.033392984,0.96591604,False
@USER @USER we have It because of you,1,Neutral,Positive,0.0011402356,0.038453814,0.96040595,0.96040595,False
@USER Electoral college was created so that the interests of all states mattered. Trump won the popular vote on the state level.,2,Positive,Neutral,0.028879173,0.8068837,0.16423713,0.8068837,False
@USER If all alt-rightists looked this good Trump would have won the popular vote,0,Negative,Positive,0.061555803,0.3171767,0.6212675,0.6212675,False
@USER I have problems w/my muscles wen I take antidepressants n would like to be able to use medical marijuana for it.,1,Neutral,Negative,0.9645442,0.033903953,0.0015518423,0.9645442,False
The latest MainelyOnline! Thanks to @USER @USER @USER #p2 #uniteblue,1,Neutral,Positive,0.0007496995,0.006942629,0.99230766,0.99230766,False
@USER I thought (and I could be wrong) the ppl in the background of pic were protesting drone strikes ... O_o @USER @USER,1,Neutral,Negative,0.9805039,0.018380517,0.0011155374,0.9805039,False
The Great Mexican Wall Deception: Trump's America Already Exists on the Border @USER,1,Neutral,Negative,0.86319685,0.13140817,0.0053949775,0.86319685,False
"""9/11 was an attempt to stop a transformation of the international monetary system in its early stages""",1,Neutral,Negative,0.5351169,0.45918003,0.0057030516,0.5351169,False
@USER funny everyone i know is paying actual money for theirs w/ some subsidies. Only 1 person i know got expanded medicaid,2,Positive,Neutral,0.04229066,0.8806149,0.07709436,0.8806149,False
".@USER — yes, Microsoft — joins the #Linux Foundation. #TechNews",1,Neutral,Positive,0.0011877158,0.06343714,0.93537515,0.93537515,False
"Couldn't disagree more! Democrat dream team - #Pelosi, #Schumer, #Ellison. Oh please, oh please, oh please.[URL]",1,Neutral,Positive,0.012596336,0.031136975,0.95626676,0.95626676,False
"Plot twist: Trump leaves Melania, marries Mama June, Trump is impeached but rebounds with #1 reality show in History Money Boo Boo",0,Negative,Neutral,0.062274463,0.8996707,0.03805493,0.8996707,False
"Cuba, the only impoverished nation in the Caribbean, is now open, and ready to receive the Clinton Foundation, which so recently saved Haiti",1,Neutral,Positive,0.0021862893,0.042550676,0.955263,0.955263,False
Top 10 Countries with the Deadliest Roads[URL] #News,1,Neutral,Negative,0.9754843,0.022688357,0.0018273462,0.9754843,False
"@USER Social democracy; relative equality; truly representative government; cheap, accessible higher education; job security.",1,Neutral,Positive,0.001346585,0.039060608,0.9595928,0.9595928,False
@USER @USER @USER And deplorables are a minority! Glad that they feel they can come into the light. We see them.,1,Neutral,Negative,0.9419577,0.049704283,0.008338,0.9419577,False
"Death penalty or capital punishment It is corporal punishment. As its name implies, this is to take life, which ...",1,Neutral,Negative,0.9885511,0.010378556,0.0010704234,0.9885511,False
That awkward moment when @USER messes up the @USER logo...,1,Neutral,Negative,0.9744675,0.024507029,0.0010254936,0.9744675,False
@USER Here I thought nursing was going to be on of the professions that cannot be replaced by robots/machines. #DrNickInformsEBP,1,Neutral,Negative,0.6796891,0.3076195,0.01269138,0.6796891,False
@USER @USER @USER Stop #WhiteGenocide Now!,1,Neutral,Negative,0.99062693,0.00798823,0.0013848565,0.99062693,False
4 Stages of Acceptance:1. Election Denial2. Protest3. Recount4. All aboard Trump Train #UsefulNewVerbs,0,Negative,Neutral,0.058000036,0.84796923,0.09403074,0.84796923,False
Alert among DMSC in #Derna fearing an #ISIS come back to the city after being defeated some months ago. #Libya,1,Neutral,Negative,0.6311984,0.3643761,0.0044254386,0.6311984,False
@USER your like a fish ( flip flip) now your starting to smell #draintheswamp,0,Negative,Neutral,0.04780801,0.757319,0.19487299,0.757319,False
"@USER @USER wonder how many whites (all supremacists, of course) work at NY Times?",0,Negative,Neutral,0.2528645,0.73952055,0.0076148557,0.73952055,False
LOL --> China Censors ‘Kim Fatty the Third’ From Search Results After North... by #prchovanec via @USER,1,Neutral,Negative,0.967035,0.03196703,0.0009979318,0.967035,False
#Oldpost Samsung Officially Axes Galaxy Note 7 Following 'Fire' Incidents,0,Negative,Neutral,0.032879528,0.93009037,0.037030008,0.93009037,False
#ScreamQueens People are dropping lie flies as the Green Meanie strikes again! Will Chad Radwell Survive?,1,Neutral,Negative,0.99039257,0.008609974,0.0009975346,0.99039257,False
#Shia militias abduct families from #TelAfar #MosulOps #MosulOffensive #Daesh #PMF,1,Neutral,Negative,0.9938496,0.0054686256,0.00068177964,0.9938496,False
"Luke, Kirk, the town troubadour, and Babette ( Also love Richard and Jess). #canitbeatopsix #GilmoreGirlsTop4",1,Neutral,Positive,0.00093136064,0.011636437,0.98743224,0.98743224,False
WATCH @USER '16 Shots' by @USER #musicvideo #catchup #BlackLivesMatter #indestructableVic,2,Positive,Neutral,0.0038020548,0.8728392,0.12335881,0.8728392,False
@USER Ben Ferguson is BSing you. I don't think he even knows abt Rightists in Europe and Putin paying them to destabilize their nations!,1,Neutral,Negative,0.9922403,0.0068273274,0.00093232834,0.9922403,False
"Castro now joins Bowie, Prince, Leonard Cohen and the mum from the Brady Bunch in the communist afterlife ✊",2,Positive,Neutral,0.0075377333,0.89371127,0.098751076,0.89371127,False
#world #news: Hundreds #flee #wildfires near #Jerusalem -,1,Neutral,Negative,0.71464205,0.2817882,0.0035697445,0.71464205,False
Agreed!!! @USER @USER @USER,1,Neutral,Positive,0.000852073,0.018191943,0.980956,0.980956,False
@USER @USER @USER I could go on and on but the point is the D party cynically wants more immigration from places like,1,Neutral,Negative,0.9538478,0.044673398,0.0014787234,0.9538478,False
"Due to concern for prolific Dem Donors, Obama allows this Wait to fear & protest TrumpProtest Obama now",1,Neutral,Negative,0.97654504,0.02224916,0.0012058197,0.97654504,False
"but also human/robotsRobots just make everything cuter, oh gosh",1,Neutral,Positive,0.002887882,0.003242528,0.99386954,0.99386954,False
Vlad Motchoulski Creative Archive: Tomorrow Is a Long Time - Bob Dylan Cover: #cover #bobdylan #folk #guitar,2,Positive,Neutral,0.0019376661,0.52262086,0.47544143,0.52262086,False
"iRobot did get the self driving cars thing right, though. 😨",1,Neutral,Positive,0.0040441,0.028278053,0.9676779,0.9676779,False
!!! THIS IS The SIDE Of his FACE @USER SHOWS To his #DEPLORABLES - 'NOW' !!! /// FLIP-FLOP !!!,0,Negative,Neutral,0.012189923,0.5316286,0.4561815,0.5316286,False
You have to watch Michael Moore in Trumpland 2016. I caught it on SHO2.,2,Positive,Neutral,0.0011129542,0.8612355,0.13765153,0.8612355,False
"Stopped mid-story for Thanksgiving and to sell fudge, not got to get back to it. Have to read what I wrote to get back in the flow.",1,Neutral,Negative,0.89934087,0.09762548,0.0030336808,0.89934087,False
Nostradamus WARNED: Pope Francis Will Abdicate the Papacy via @USER,0,Negative,Neutral,0.08296783,0.8971734,0.0198587,0.8971734,False
Dont get so distracted by 'gun control' gorilla U miss mental health issues “Sandy Hook Promise release PSA”,1,Neutral,Negative,0.9785246,0.0200559,0.0014195493,0.9785246,False
#Benghazi's Karmic Revenge. #Libya,1,Neutral,Negative,0.9842778,0.014830449,0.0008917043,0.9842778,False
#Spurs #GoSpursGo 1997-98 Flair Showcase Row 3 #5 Tim Duncan RC ROOKIE NM-MT #TimDuncan #NBA,2,Positive,Neutral,0.00082946534,0.938845,0.060325604,0.938845,False
@USER Neural Net Shows Deep Learning Can Get Way Deeper #business #machinelearning,2,Positive,Neutral,0.021454886,0.91163784,0.06690727,0.91163784,False
Minimum wage law still not cutting it for garment workers: @USER report | #Myanmar,1,Neutral,Negative,0.9889726,0.010240772,0.0007866386,0.9889726,False
@USER @USER Not sure what the fuss is about. Since when did we view immigration as having anything other than an economic impact.,1,Neutral,Negative,0.9879,0.011264293,0.0008357112,0.9879,False
"From Oakland to Broadway, the stage is being set for mischief.",1,Neutral,Negative,0.6243065,0.32564014,0.05005334,0.6243065,False
i just remembered one of my teachers think that democrats are getting paid to protest against trump 😳,0,Negative,Neutral,0.42773357,0.5472353,0.025031146,0.5472353,False
UK defends #LIBYA intervention saying it saved many civilian lives.And there is no one to question this statement? @USER @USER,1,Neutral,Positive,0.0060169864,0.20065904,0.793324,0.793324,False
The latest NEW LOOK DAILY! #beautyandthebeast,1,Neutral,Positive,0.00066429557,0.023635088,0.9757007,0.9757007,False
I FORGOT HIS TAIL 😂 #BeautyAndTheBeast,1,Neutral,Positive,0.0060156314,0.043586798,0.95039755,0.95039755,False
@USER @USER Get the $ from Clinton foundation? How appropriate.Islamic anti human rights buddies contributed to it,0,Negative,Neutral,0.19472662,0.7831988,0.022074545,0.7831988,False
#Russia-#Hezbollah contacts might also signal #Syria|n army struggles to make decent progress on the ground.,1,Neutral,Negative,0.9447801,0.054208513,0.0010113913,0.9447801,False
@USER @USER The Tribe has LEGAL standing from the Treaty of 1851. The Army Corps has no BUSINESS working for fossil fuels,0,Negative,Neutral,0.16841783,0.7245888,0.106993355,0.7245888,False
"FYI @USER @USER @USER ""DrainTheSwampAlert""! #NeverRomney sums it up for me.…",0,Negative,Neutral,0.2074349,0.57042927,0.22213586,0.57042927,False
"Lord, I know she ain't perfectAnd I know she off the chainBut every time she disappearI'm stuck here like David BlaineHide her tears whe",1,Neutral,Negative,0.98283285,0.015758794,0.0014084466,0.98283285,False
.@USER @USER Did you speak out against pay for play Clinton Foundation scandals? I'm guessing Cruz did bc it actually happened,0,Negative,Neutral,0.049497817,0.93389654,0.016605645,0.93389654,False
when the test sample is so cute & fluffy but you have to do cervical dissociation on it... :((#euthanasia,1,Neutral,Negative,0.9920145,0.0066035227,0.0013819549,0.9920145,False
Imagine if Obama did this. Rightists would have a seizure. #txlege #MAGA,1,Neutral,Negative,0.9891427,0.009664669,0.0011926303,0.9891427,False
Run #MELANIATRUMP run! Save yourself,0,Negative,Positive,0.0040699695,0.1329359,0.8629942,0.8629942,False
Quote this every time the Kremlin & pro-Putin media propagandists claim that #US troops are threatening Russia.…,1,Neutral,Negative,0.98618156,0.013048825,0.0007696604,0.98618156,False
@USER @USER Or why other civilised nations have incredibly tight gun control laws?,1,Neutral,Negative,0.91583127,0.08244716,0.0017215526,0.91583127,False
@USER @USER @USER The #Kremlintrolls are now reduced to pimping moldy old lies now that JIT nailed RU. #MH17,1,Neutral,Negative,0.9939792,0.0051136883,0.0009070515,0.9939792,False
"*described the whole plot of #FantasticBeasts to baba*In the end he's like: 'so, where was Harry?' 😩",1,Neutral,Positive,0.003869995,0.2725954,0.7235346,0.7235346,False
@USER Sir We Want Rudy As SOS If Not Than Dr. Ben Carson Please you have to listen to our voice We elected you not stupid Romney,0,Negative,Neutral,0.0989408,0.83120835,0.06985077,0.83120835,False
@USER @USER its not about liberals or conservatives. Im neither and couldnt care about either. Its about basic human decency.,0,Negative,Neutral,0.40352198,0.5684896,0.027988337,0.5684896,False
"@USER Steve Bannon wanted his Breitbart News to be the ""platform for the alt right"", white supremacists. and now he is in the White House",1,Neutral,Negative,0.98648596,0.012495648,0.0010183902,0.98648596,False
"@USER #Hamas plays the same game. Real change is needed, which is why I back @USER",1,Neutral,Negative,0.9846234,0.013820784,0.0015558394,0.9846234,False
.@USER @USER @USER @USER Crimea not so different from the Joan of Ark story @USER ⚽️👀👅☃💞,0,Negative,Positive,0.0020971948,0.044569716,0.95333314,0.95333314,False
"Because the last time a Georgian plotted a revolution around here, it all went so swimmingly well.",1,Neutral,Positive,0.0030615465,0.022627154,0.9743113,0.9743113,False
Meet the stars of our #MannequinChallenge! It is online now on our FB-page! Let's #orangetheworld and put an end to…,1,Neutral,Positive,0.0016860531,0.09563575,0.90267813,0.90267813,False
"Catherine McKenna, what a winner she is, refusing to answer Peter Armstrongs question in regards to the pipeline.Typical Liberals.👎👎👎",0,Negative,Positive,0.08961991,0.15816005,0.7522201,0.7522201,False
"@USER We've had North Korea, Fidel Castro and neo- pagan cults. Some wags have been condemned more than others.",1,Neutral,Negative,0.9624746,0.03626034,0.0012650529,0.9624746,False
@USER @USER Excuse me! Rajni gave India robots ok! 😆😂,1,Neutral,Positive,0.0028632649,0.020234372,0.97690237,0.97690237,False
"#TrumpTransitionTeam issues #Statement...Clearly, they never Met #Trump.",1,Neutral,Negative,0.98792297,0.011136769,0.00094031985,0.98792297,False
This is 'Fatty Kim the Third' says the Chinese public.,0,Negative,Neutral,0.27541214,0.719088,0.005499845,0.719088,False
TRUMP: Sanctions will have to go. Putin's a great guy.POROSHENKO: I'll give you a chocolate factory.TRUMP: DEATH TO PUTIN!,0,Negative,Neutral,0.27294564,0.57819754,0.1488568,0.57819754,False
Obama calls for unity in Thanksgiving message #Trump2016 #TrumpTrain #GOP #ccot #tcot #ThanksTrump #UniteBlue,2,Positive,Neutral,0.0056147454,0.9083145,0.08607076,0.9083145,False
"@USER $15 min wage? ""Well actually..."" Tuition-free college? ""Well only for..."" TPP ""Well we have to consider..."" S T O P",0,Negative,Neutral,0.015230065,0.9744203,0.010349587,0.9744203,False
Lets watch this #FantasticBeasts,1,Neutral,Positive,0.0008427811,0.03810955,0.96104765,0.96104765,False
@USER @USER I don't think any alt rightists *actually* do that which was my point.,1,Neutral,Negative,0.9668834,0.0313896,0.0017270084,0.9668834,False
What's your social security number? — I'll only give you my credit card number :/,1,Neutral,Negative,0.6476983,0.34563062,0.006671094,0.6476983,False
"#ISIS released old video showing #mosul kids in schools, they claim it new , but the truth it old 1#Mosuloffensive…",1,Neutral,Negative,0.95580924,0.04314156,0.0010491268,0.95580924,False
@USER I may have seen too many episodes of #TheWalkingDead.,1,Neutral,Negative,0.9374752,0.059093475,0.003431366,0.9374752,False
cc @USER Just a note about one troll.,0,Negative,Neutral,0.0032839517,0.98743886,0.009277182,0.98743886,False
interesting how the US will now see Latin America. The ice cream is really good and so is the health system. Get Cuba to run Obamacare.,1,Neutral,Positive,0.0020038835,0.06391128,0.9340849,0.9340849,False
'I am opposed to a multi-cultural France' - interview with Le Pen.,1,Neutral,Negative,0.8365601,0.159617,0.0038228566,0.8365601,False
Watch Drake and Dave Chappelle Lose It Over a David Blaine Trick,2,Positive,Neutral,0.093308106,0.89415,0.0125418585,0.89415,False
I really can fucking not with ep. 4 #ScreamQueens 😂😂😂😥 this is nuts!!,1,Neutral,Negative,0.9911862,0.005819788,0.0029940065,0.9911862,False
It all adds up to why @USER won the election .. Voter Suppression .. Money over Votes .. Criminal Behavo…,0,Negative,Neutral,0.364325,0.58361477,0.052060265,0.58361477,False
15+ tours & tastings to show off Madison to your #Thanksgiving visitors #Visit_Madison,1,Neutral,Positive,0.00072559714,0.448502,0.5507724,0.5507724,False
@USER and @USER on Snapchat,1,Neutral,Positive,0.0028065813,0.32093072,0.6762627,0.6762627,False
@USER Wish we can see Persona 5 under the Christmas tree....rip,1,Neutral,Positive,0.0069830897,0.057036825,0.9359801,0.9359801,False
Hubby the spoiler. Valentines?,2,Positive,Neutral,0.006563572,0.9760612,0.017375166,0.9760612,False
Nasty women and bad hombres celebrating our diversity and committing to action for an empathic and kind community.,2,Positive,Negative,0.89452887,0.089249566,0.016221546,0.89452887,False
"via @USER Until the bird learns to tell its story, the hunter will be glorified. Fare thee well Castro.",1,Neutral,Positive,0.0022980636,0.023917843,0.97378415,0.97378415,False
Conservatives Get The Last Laugh At Liberal Jokesters In Denial That These Are Their Best Days & ThingsAre Only G…,0,Negative,Neutral,0.10992822,0.85613704,0.03393466,0.85613704,False
@USER after all that embargo Cuba still remains a nation? WoW. Cuba has survived and so will North Korea.,2,Positive,Neutral,0.024479475,0.7919265,0.18359406,0.7919265,False
Miko Peled: Israel and Gaza: Six Decades Oppression Resistance #gaza #palestine #israel #BDS,1,Neutral,Negative,0.84251785,0.1556708,0.0018113774,0.84251785,False
USA election rigged against HRCRussian hacking&interferenceVoter suppression Corrupt FBIWikiLeaks lies Gerryma…,1,Neutral,Negative,0.9918499,0.007367808,0.0007822471,0.9918499,False
Philippines 'should reject' reinstatement of death penalty,1,Neutral,Negative,0.9837128,0.015371597,0.0009156474,0.9837128,False
It has been a blessing for many with no Medicaid expansion in Florida. Most jobs don't offer insurance and many onl…,0,Negative,Positive,0.0018534667,0.013750965,0.9843956,0.9843956,False
@USER @USER Thanks,2,Positive,Neutral,0.0014375506,0.69973254,0.29882988,0.69973254,False
@USER I actually did not know that #EltonJohn and #GreenDay were all still alive. So relevant. #Outnumbered #DrainTheSwamp,1,Neutral,Positive,0.0061212783,0.07158325,0.9222955,0.9222955,False
#Rohingya God please save Rohingya #killing in #Myanmar #unitednations,1,Neutral,Negative,0.98834026,0.010552329,0.001107439,0.98834026,False
#TrumpTrain Donald Trump #iPhone Case #TRUMPTRAIN #LOVE 4 #tpp #2a #optrump,1,Neutral,Positive,0.0040881964,0.030425334,0.96548647,0.96548647,False
Supercars of Cristiano Ronaldo - Top 10,1,Neutral,Positive,0.0013896101,0.44435856,0.55425185,0.55425185,False
"My parents want Ben Carson as Secretary of Ed, and I'm gonna lose my mind 🤗",1,Neutral,Positive,0.06683426,0.15273158,0.78043413,0.78043413,False
"Things that make me laugh:1) Children crying2) Tortured puppies3) Watching euthanasia 4) The series ""Jam"" (look it up)5) Bubbles",1,Neutral,Positive,0.2258992,0.34090647,0.43319434,0.43319434,False
I clearly talk about the @USER a lot because Emma wants our new baby to be named Rodney Gordon Logan Lamb. Haha,2,Positive,Neutral,0.010169759,0.65052205,0.3393082,0.65052205,False
The talent pool is slim for #Filmmaking in #Hollywood. Too many re-makes #BeautyAndTheBeast and #MaryPoppins,0,Negative,Neutral,0.12238163,0.861436,0.016182344,0.861436,False
Swear to God Steve Bannon made this in Microsoft Paint,1,Neutral,Negative,0.51588637,0.45565313,0.028460527,0.51588637,False
"@USER I am taking notice,of all Democratic Party elected officials, who r not fighting 4 USA as @USER 2 replace 4 fighters",0,Negative,Neutral,0.11334702,0.84852463,0.038128335,0.84852463,False
@USER If evolution is bullshit then how do we develop vaccines????,1,Neutral,Negative,0.99144477,0.0077134087,0.0008418684,0.99144477,False
I'm officially giving up the #Hatchimals hunt now I mean it this time 😂,1,Neutral,Negative,0.9713576,0.022361964,0.0062804674,0.9713576,False
Y'all. I just watched two David Blaine specials on Netflix. I. Don't. It's real. It's all real. I don't understand. It's. Wut. Sum1. Halp.☠️,1,Neutral,Positive,0.07180671,0.4459412,0.48225203,0.48225203,False
Big Fun's jersey is going up to the rafters,1,Neutral,Positive,0.0016707628,0.032504093,0.9658252,0.9658252,False
@USER Our Country with @USER 's Presidency needs New Laws. One of them: Automatic Death Penalty for anyone Murdering our COPS!,1,Neutral,Negative,0.9905551,0.008188802,0.001256099,0.9905551,False
"@USER @USER Dec 19th, throw all the bums out. It was rigged. Voter suppression, ballot box tampering & foreign interference & more💙",1,Neutral,Negative,0.99455595,0.004451507,0.0009925325,0.99455595,False
Former White House lawyer doesn't think Trump can legally become President #NotMyPresident #StillWithHer,1,Neutral,Negative,0.95244026,0.04579905,0.001760643,0.95244026,False
So #media nonstop about #Taiwan protocol but nonissue with #cuba embargo lift #ransom #iransanctions lift? @USER fascinating!!!,0,Negative,Positive,0.012256598,0.39354375,0.59419966,0.59419966,False
FastPowerPunch MovesBowieAction NotFastest #Israel's Samson Slew1000 #HAMAS AssesCalledPhilistines #IStandWithIsrael,0,Negative,Neutral,0.06601857,0.91856164,0.01541985,0.91856164,False
@USER I'm surprised trump didn't offer Putin a cabinet post or vice versa. Pretty soon Russian will be a required 2nd language here.,1,Neutral,Negative,0.9201906,0.07706861,0.0027408197,0.9201906,False
#Libya Prayer of the Absent held in #Tripoli for #AQIM leader killed in Air Attack in #Sebha.,1,Neutral,Negative,0.82239676,0.17532943,0.0022739053,0.82239676,False
@USER @USER @USER what does that have to do with PC? + she's only promoting her book. was a victim too.,1,Neutral,Negative,0.9896596,0.009300219,0.0010402097,0.9896596,False
@USER @USER @USER @USER Obama expanded Veterans Centers in rural areas & fully funded the Veterans Admin,1,Neutral,Positive,0.0021417097,0.15614662,0.8417117,0.8417117,False
Trump’s Wild Ride With the Press as Transition Turmoil Continues,2,Positive,Neutral,0.020900365,0.96646804,0.012631599,0.96646804,False
Arroyo: OK with Duterte if I oppose death penalty reimposition | News | GMA News Online via @USER,0,Negative,Neutral,0.011808139,0.9469088,0.041283038,0.9469088,False
@USER @USER @USER it's the TRUTH ! Deal with it...I like Fox News so U watch her & she is to…,2,Positive,Neutral,0.043030236,0.6380768,0.31889293,0.6380768,False
"Self driving cars are closer than you think, ""Watch a self-driving Tesla navigate intersections and city streets""",1,Neutral,Positive,0.012397141,0.38238984,0.6052131,0.6052131,False
Well sorry Obama and Dems-there's a new Sheriff in town and he won't allow that stupid crap! #TrumpsTheMan,1,Neutral,Negative,0.9946102,0.004439327,0.00095040543,0.9946102,False
Why this surge of US interest in #Yemen? #ChildrenInNeed #yemenisstarving #yemencrisis,1,Neutral,Negative,0.8243207,0.172324,0.0033552954,0.8243207,False
Years of research cuts: China is ahead of the US in #machinelearning #deeplearning #ArtificialIntelligence via @USER,2,Positive,Negative,0.98098695,0.017921923,0.00109104,0.98098695,False
do i buy a ps4 or wait until persona 5 come out,2,Positive,Neutral,0.0017090375,0.97116727,0.027123736,0.97116727,False
Did you know that only less than 2% of the abortions carried out have a genuine medical reason and that the rest...,1,Neutral,Negative,0.9677986,0.031015683,0.0011857856,0.9677986,False
Another EU crisis. Count-down to the cheers from Marine Le Pen.,1,Neutral,Negative,0.88729316,0.10297196,0.009734847,0.88729316,False
Liam Neeson steps down from Ballymena boxing club amid abortion row over narration of @USER video @USER,1,Neutral,Negative,0.8263342,0.17103797,0.002627843,0.8263342,False
Top movie genres:Heist moviesMovies where 1 person is accused of killing a political figure Movies w/ Nazi's as bad guysThe Rock movies,1,Neutral,Negative,0.96384335,0.034252025,0.0019046343,0.96384335,False
"New York Mayor Bill De Blasio is calling for more of the unrest that Democrats are stoking across America, just...",1,Neutral,Negative,0.9781141,0.020981275,0.00090455153,0.9781141,False
Lob to Gordon! 💪 Tonight's @USER Instant Rewind! ⏪ (Vine by @USER,1,Neutral,Positive,0.00085465284,0.33701822,0.662127,0.662127,False
"If Trump kills the, #TPP a lot of people will be delighted in both #Canada and the #USA.",1,Neutral,Positive,0.030378276,0.2735978,0.6960239,0.6960239,False
this picture drawn by muhammad ali is KILLING ME,2,Positive,Negative,0.99444205,0.004494269,0.0010637173,0.99444205,False
"Games help #driverless cars ""learn"":",1,Neutral,Positive,0.0015900005,0.19866307,0.79974693,0.79974693,False
siri how did david blaine stab an ice pick through his hand without any lasting nerve damage,1,Neutral,Negative,0.97457325,0.024470923,0.00095582573,0.97457325,False
"YOUNG MAN SEEKS EUTHANASIA FOR MENTAL ILLNESS PAIN. WILL CBD HELP? November 28, 2016, Adam Maier-Clayton posts...",0,Negative,Neutral,0.0042114053,0.93100923,0.06477937,0.93100923,False
Arson in #Jerusalem. Intentionally started forest fires. #ecocrime,1,Neutral,Negative,0.9938558,0.005385563,0.00075862615,0.9938558,False
"Medicare, people. Don't mess with the olds. Mobilize them.",2,Positive,Neutral,0.32862473,0.5620895,0.1092858,0.5620895,False
''You didn't really think you were going to get through this without getting punished now did you?'' - Negan…,1,Neutral,Negative,0.8201476,0.17730014,0.002552313,0.8201476,False
#stop killing #civilians in #Syria #Russia #unitednations,1,Neutral,Negative,0.9905996,0.00833657,0.0010638792,0.9905996,False
@USER Her best segment was the bit on immigration near the end. I thought she did fairly poorly throughout the first 24 minutes.,0,Negative,Neutral,0.28080416,0.55866385,0.16053201,0.55866385,False
Porcello v. Verlander | Joe PosnanskiWhen you get the chance @USER I think you should read this.,1,Neutral,Positive,0.0020799213,0.17006981,0.8278502,0.8278502,False
"@USER On Model 3 delivery... One man's opinion, but yikes.",1,Neutral,Negative,0.88035583,0.11382404,0.0058201505,0.88035583,False
@USER only if fatty Kim the third finds Twitter,0,Negative,Neutral,0.010962557,0.9725255,0.016511926,0.9725255,False
"#Saakashvili wants new elections as ""this winter has to be the last one for this #Rada."" He is not allowed to run f…",1,Neutral,Negative,0.96973675,0.029246582,0.0010165666,0.96973675,False
"@USER write in: Cy Young and 20 strikeout, 20 game winner: Max Scherzer",2,Positive,Neutral,0.001013832,0.5991767,0.39980945,0.5991767,False
Internet freedom declines in #Libya #netfreedom2016,1,Neutral,Negative,0.9910046,0.008226328,0.00076902483,0.9910046,False
Even vegans confuse vegetarianism with veganism. #FakeVeganFacts,1,Neutral,Negative,0.9873412,0.01162689,0.0010319323,0.9873412,False
"Details of the ""LORD of VERMILION Re:3 x Persona 5"" collab. ""Phantom Campaign"" will be announced on a Nov. 30 live…",2,Positive,Neutral,0.0009758005,0.9846026,0.01442159,0.9846026,False
Process to con for the vegetarianism aside from soft-pedal boast an scratch feed damp: JnWLMKaKa,0,Negative,Neutral,0.0024194224,0.983267,0.0143135805,0.983267,False
"Breaking News!! Hear this all Homosexual people not everyone supports gay marriage, some people believe marriage is…",1,Neutral,Negative,0.90418863,0.09144254,0.004368869,0.90418863,False
"@USER don't need to be informed to vote. i will benefit financially. i don't need healthcare, ss or medicare. hope you don't.",0,Negative,Positive,0.004652706,0.053693015,0.9416543,0.9416543,False
Elon Musk Video Reveals How the Self-Driving Tesla Model S Will Avoid Crashes | Inverse,1,Neutral,Positive,0.0048742914,0.45038494,0.5447408,0.5447408,False
When Beppe Grillo and Marine Le Pen are happy,1,Neutral,Positive,0.019926064,0.28252584,0.69754815,0.69754815,False
@USER libby #StillWithHer Hi Congrats your picked Go to our site in description,1,Neutral,Positive,0.0010618572,0.0047551733,0.994183,0.994183,False
4 great Black Friday deals on slightly used NFL quarterbacks,1,Neutral,Positive,0.0010625501,0.009833929,0.98910356,0.98910356,False
"All my relatives are from Limerick (hon tipp!(I hate sports)) & Limerick slang sounds like home, 'Cmereiwantcha' 😂",1,Neutral,Negative,0.9910102,0.007302409,0.0016873975,0.9910102,False
"@USER @USER @USER yes undoubtedly. While my worries are primarily robots, we need to be cautious of gendered AI.",1,Neutral,Negative,0.96878046,0.02965312,0.0015664694,0.96878046,False
@USER ye ursa went and got married to her former lover before ozai went *melania trump voice* hello,0,Negative,Neutral,0.01507112,0.93418086,0.050747998,0.93418086,False
"#MARKETNEWS Tesla’s Model X is ‘fast and flawed,’ Consumer Reports says",1,Neutral,Negative,0.9868526,0.01204085,0.0011065496,0.9868526,False
Ya BOY CRACKED THE CASE. #Westworld,1,Neutral,Positive,0.0051330007,0.0070329527,0.9878341,0.9878341,False
@USER I keep just missing out on one these every time @USER posts a link 😞#win #Hatchimals,1,Neutral,Negative,0.969712,0.027005732,0.0032823347,0.969712,False
"How the Electoral College always has protected white power, from slave states to whose vote counts #ElectoralCollege",0,Negative,Neutral,0.087969884,0.88882303,0.023206957,0.88882303,False
I bought a guy a Valentines Day gift once and that was really traumatic for me so I try my best to be single on gift giving holidays.,1,Neutral,Negative,0.62344456,0.3536194,0.022936106,0.62344456,False
Imagine that? Bait and switch? Noooo lol. #maga #draintheswamp #potus45[URL],0,Negative,Neutral,0.15125738,0.74755573,0.101186804,0.74755573,False
#Spurs #GoSpursGo 1997 SP Authentic #128 Tim Duncan RC Rookie BGS 9.5 #TimDuncan #NBA,2,Positive,Neutral,0.00076806406,0.9207518,0.078480035,0.9207518,False
"Message @USER maybE a snakey little strut, biblically with stick but can b trusted",2,Positive,Neutral,0.005813603,0.6001929,0.39399347,0.6001929,False
"Cameron Crazie in Duke's halftime contest wearing a No. 3 Duke jersey with ""ALLEN"" on the back. Hope Grayson's making something off that.",2,Positive,Neutral,0.004618676,0.65953547,0.33584586,0.65953547,False
"Politically Tone Deaf Pelosi Accepts No Responsibility For Democrats Failure, Fails To See She Is The Problem",1,Neutral,Negative,0.9911748,0.008015522,0.000809649,0.9911748,False
This is a fabulous admission of error#NBAwards .@USER,1,Neutral,Positive,0.004631487,0.009735178,0.9856333,0.9856333,False
"Xi Jimping, Kim Jong Un, Nicolas Maduro, Robert Mugabe, Sisi, Bashar Al Assad all ""won"" their elections by 99% votes",1,Neutral,Positive,0.015368646,0.32788548,0.65674585,0.65674585,False
@USER @USER Link to review for #ThisIsUs isn't launching.,1,Neutral,Negative,0.9324245,0.065834336,0.0017412242,0.9324245,False
The latest The TC Apologetics Daily! Thanks to @USER @USER @USER #euthanasia #harvard,1,Neutral,Positive,0.0113674905,0.1684561,0.82017636,0.82017636,False
@USER I bought 2 Note 7s; which obviously I had to return; now using LG V20 over my Galaxy 7 plus; when is next Note version?,0,Negative,Neutral,0.008140062,0.5348746,0.4569853,0.5348746,False
Apparently #hot #Christmas gifts are #Pokemon #StarWar & #Hatchimals. Star Wars YES! What the heck is a...,1,Neutral,Positive,0.0684469,0.07318688,0.85836625,0.85836625,False
@USER @USER We honestly did not know you guys were still alive. Grats! #DrainTheSwamp #NRA #FoxNews #realDonaldTrump,2,Positive,Negative,0.9907391,0.00785448,0.0014064404,0.9907391,False
#NASA #DeepLearning Program Aims to Ward Off #Asteroid Attack via @USER #AI #Space,2,Positive,Neutral,0.0067730853,0.94434,0.04888684,0.94434,False
New Yorkers denounce Israel lobby fundraiser #gaza #palestine #israel #BDS,1,Neutral,Negative,0.98734844,0.01189461,0.00075688766,0.98734844,False
AQ operative & BRSC leader Mohamed Aldresi (Al-Nus) calls on Jihadist from 10 states to join fight against Libyan a…,0,Negative,Neutral,0.012139913,0.9781612,0.009698866,0.9781612,False
"Note 7 doomsayers sell Samsung shortWe all know the Galaxy Note 7 has been a debacle , first with the explod…",1,Neutral,Negative,0.9918109,0.0071196994,0.0010694481,0.9918109,False
<-Thai Politician Scandal At Bangkok Fitness #tits #boob #memek #bispak #onedirection,0,Negative,Neutral,0.2592209,0.73589927,0.0048797685,0.73589927,False
'A shared language is fundamental to integrated societies' Could not agree more + look forward to funding details,1,Neutral,Positive,0.005925241,0.016573109,0.97750163,0.97750163,False
"@USER lol, you're a winner mongrel. Just watching the shit you're pulling on LHHH, David Blaine ain't got shit on you!",0,Negative,Positive,0.18442924,0.3652278,0.45034298,0.45034298,False
"@USER Do u honestly think Romo is better than Dak as a all around qb? Look at the record, turnovers ratio, n where tony is seated",0,Negative,Neutral,0.023436502,0.96737367,0.009189891,0.96737367,False
Microsoft joins The Linux Foundation as a Platinum member | VentureBeat | Dev | by Emil Protalinski,1,Neutral,Positive,0.0009331691,0.108953536,0.89011323,0.89011323,False
"And so they call him Kim Fatty the Fourth 金四胖 now ,",0,Negative,Neutral,0.0020613375,0.98670006,0.011238643,0.98670006,False
GEORGE SOROS DID FOR HILLARY WILL MAKE YOU SICKWATCH VIDEO!!,0,Negative,Positive,0.0010634604,0.045148913,0.9537876,0.9537876,False
"Yes @USER - ignore $millions that #RudyGiuliani took from #Qatar, the main sponsor of #Hamas -…",2,Positive,Negative,0.9854801,0.013598768,0.0009211348,0.9854801,False
#Ukraine Is ‘Running Against the Clock’[URL],0,Negative,Neutral,0.046238765,0.94687027,0.0068909368,0.94687027,False
Capital Steez-Free The Robots 💯💯💯,1,Neutral,Positive,0.0016767672,0.0077706445,0.99055266,0.99055266,False
@USER social security and Medicaid are supported via payments coming in from payroll so zero savings just diverting your money there,1,Neutral,Negative,0.97133374,0.026905684,0.0017605707,0.97133374,False
Spain probe Cristiano Ronaldo after tax evasion reports,0,Negative,Neutral,0.21894872,0.7717876,0.009263646,0.7717876,False
"From #TheWalkingDead, we interview #DanielBonjour! And he wants to #cosplay #deadpool! #costumes #twd #twdfamily",2,Positive,Neutral,0.0016774178,0.5348957,0.46342692,0.5348957,False
#MosulOffensive: The tense moment an #ISIS militant surrenders to Kurdish soldiers. #IslamicState,1,Neutral,Negative,0.98002166,0.019066647,0.00091177644,0.98002166,False
@USER what gets me is they are critical of Fidel..but are ok with the effect the U.S. embargo on Cuba has has on the Cuban ppl,0,Negative,Neutral,0.29663482,0.688087,0.015278228,0.688087,False
Check out our newly listed Get your 3D Print... Dont miss out! #3dprinting,1,Neutral,Positive,0.000752038,0.027184399,0.97206354,0.97206354,False
"@USER @USER The convention was started to help take back control from obama admin and big gov , GOP will try to take power from trump",0,Negative,Neutral,0.031807177,0.93521625,0.032976586,0.93521625,False
watch FBI Director Comey assure us the system isnt rigged. #thesystemisrigged,1,Neutral,Negative,0.6307212,0.35167825,0.017600458,0.6307212,False
And I'll be one of the first Deplorables to suggest that Obama will attend the Castro funeral. #lameduck,1,Neutral,Negative,0.9800695,0.017962942,0.0019676464,0.9800695,False
. @USER how are houses going to get built in an only service economy? Prefab 3D printing or discarded shipping containers,0,Negative,Neutral,0.26449308,0.7235003,0.012006557,0.7235003,False
"@USER @USER @USER @USER @USER you voted for a nazi, genius",0,Negative,Positive,0.0075468286,0.059200395,0.9332528,0.9332528,False
"Obama refuses to condemn anti-Trump riots, violence against Trump supporters",1,Neutral,Negative,0.98433924,0.014778978,0.0008818045,0.98433924,False
"Melania's speech hit #1 on Billboard, something Nicki Minaj has yet to achieve",1,Neutral,Positive,0.0026175275,0.052669656,0.9447129,0.9447129,False
@USER Exactly so when do you and the GOP investigate every single aspect of George Soros? I am waiting for an answer!,0,Negative,Neutral,0.1495574,0.83975184,0.010690791,0.83975184,False
'Compromised functionality and dismal reliability': @USER pulls the plug on #Tesla's Model X…,1,Neutral,Negative,0.9912026,0.00793837,0.00085896894,0.9912026,False
"Live in #Amsterdam? Use my promocode with @USER and we both get to spend €10,-:eats-uthphcg9ue#ordering #food #delivery #yay #uber",1,Neutral,Positive,0.0025291075,0.4615443,0.5359265,0.5359265,False
I'm all for open mindedness but I honestly don't understand the beliefs many rightists have especially the right wi…,1,Neutral,Negative,0.969016,0.029653747,0.0013302976,0.969016,False
@USER @USER Tim Duncan has never committed a foul either. Some people just can't get over personal issues they have w/ some1,0,Negative,Neutral,0.40204957,0.5808274,0.017123023,0.5808274,False
"@USER But Katie, Stein was so close to winning! A recount & I think she wins. 😊 Obviously, Dems got to her$$ like they got to Bernie.",1,Neutral,Positive,0.0018739636,0.044036932,0.9540891,0.9540891,False
"""May you have a strong foundation when the winds of changes shift."" - Bob Dylan, ""Forever Young""",1,Neutral,Positive,0.0009382678,0.025770035,0.97329164,0.97329164,False
It's #ISIS season,1,Neutral,Negative,0.9767602,0.022063984,0.0011757938,0.9767602,False
Writing a new e bookOn homeopathy guidence frm a homeopathic dr. Best dr who practicing last 50 yrs in Ahmedabad,1,Neutral,Positive,0.0009828369,0.20839475,0.7906224,0.7906224,False
#ISIS Social Media Expert who urged US Muslims to behead @USER killed by drone.,1,Neutral,Negative,0.99392974,0.005302171,0.00076814415,0.99392974,False
Having #carers on zero-hours contracts is not going to help the #caresector #healthcare #socialcare,1,Neutral,Negative,0.9926439,0.006439102,0.000917134,0.9926439,False
@USER @USER 2 CY Young award winners in their rotation actually. Wouldn't call that no pitching.,1,Neutral,Positive,0.011397584,0.276969,0.7116334,0.7116334,False
tony romo would have made that throw,2,Positive,Neutral,0.005644083,0.9692299,0.025126077,0.9692299,False
"@USER @USER @USER A decent voter registration card should do it. With a photo, and social security # as a back-up.",1,Neutral,Positive,0.0063871406,0.22240251,0.7712104,0.7712104,False
Yes Drag Melania Trump is here !!!,0,Negative,Positive,0.0015724034,0.0047284705,0.9936991,0.9936991,False
Why do I feel like #ISIS IS going to hit as soon as #Trump is sworn in? GET THE #SecurityBriefing #MAGA #draintheswamp F U W Romney,1,Neutral,Negative,0.9898985,0.009011967,0.0010895173,0.9898985,False
"@USER are the 8 countries Obamas bombed and all the illegal drone strikes, NOT Obamas fault either? That's great!",1,Neutral,Negative,0.98780745,0.009974659,0.002217937,0.98780745,False
"@USER @USER If Jeb had won, he would still be looking at Cabinet. Trump has already selected abt 10 just in 3rd week. Outworks Jeb",0,Negative,Neutral,0.015833525,0.95411557,0.03005091,0.95411557,False
@USER I LOLed at that one right away.Geographically challenged tweeps.,0,Negative,Positive,0.0032702936,0.011315,0.98541474,0.98541474,False
@USER maybe of you would have done the Galaxy Note 6 and not skip from 5 to 7 we wouldn't have these problems not I have get iphone🤔😒,0,Negative,Positive,0.027048852,0.16019338,0.8127578,0.8127578,False
Northern Ireland abortion campaign opponents reveal crisis pregnancies at 20,1,Neutral,Negative,0.9799642,0.019134255,0.00090158585,0.9799642,False
Stop Steve Bannon @USER Sign & Share Please 😊,1,Neutral,Negative,0.98012185,0.018588701,0.0012893967,0.98012185,False
The World Reacts to Fidel Castro's Death like there were a lot of very sad people there.,1,Neutral,Negative,0.99000436,0.008976552,0.0010190393,0.99000436,False
"One Goal. Iran, Hamas and the Dance of Death - by Khaled Abu Toameh[URL] #Iran #Gaza #Hamas…",1,Neutral,Negative,0.6034377,0.39284647,0.0037158357,0.6034377,False
@USER this is pass it to find out what's in it Pelosi- someone needs to tell her the day of reckoning is near,1,Neutral,Negative,0.9734004,0.025171641,0.0014279425,0.9734004,False
@USER @USER @USER that women is whacked!,1,Neutral,Negative,0.9855202,0.010065529,0.0044143354,0.9855202,False
"Just got a junk email entitled ""Here is how to beat ISIS"". It also contains a warning from Pope Francis",0,Negative,Neutral,0.09836949,0.8509206,0.050709903,0.8509206,False
Omggggg Taylor Lautner #ScreamQueens #DrCassiyCascade #GreenMeanie,2,Positive,Neutral,0.0009954601,0.9739619,0.025042685,0.9739619,False
errr.. ricky martin? (with Feby) [pic] —,2,Positive,Neutral,0.0018548553,0.95267445,0.045470666,0.95267445,False
China Bans Web Searches For 'Fatty Kim The Third',1,Neutral,Negative,0.9742623,0.024745597,0.0009920227,0.9742623,False
Listening to Melania practice the speech Michelle Obama wrote for her #KeepsTrumpUpAtNight#2GirlsandaTag@USER,0,Negative,Neutral,0.0065283733,0.8075069,0.18596463,0.8075069,False
Our only chance well know Harvard VR attorney behind #Recount2016 #AuditTheVote just give a buck.. #stillwithher I…,1,Neutral,Positive,0.002204623,0.09038771,0.90740764,0.90740764,False
My fam traditions in the @USER #brownandproud #bad-hombres #thanksgiving,1,Neutral,Positive,0.0030731559,0.03830226,0.95862454,0.95862454,False
"@USER @USER Also, their campaign team literally admitted to active voter suppression.",1,Neutral,Negative,0.99348044,0.0057078996,0.0008116531,0.99348044,False
I hope Donald trump builds a wall and says EA MADDEN EMOLOYEES ARE BAD HOMBRES @USER,2,Positive,Negative,0.993573,0.005497661,0.00092934066,0.993573,False
+800 more legitimate reasons than 'obamacare' or whatever 'thanks obamas' ya got 😂,1,Neutral,Negative,0.60440314,0.36355007,0.032046728,0.60440314,False
@USER I'm praying to the RPG gods that XV is good. But persona 5 is the only one I'd put money down on,1,Neutral,Positive,0.009870779,0.3272326,0.66289663,0.66289663,False
The Gold Standard⚜️ Just In Time for Christmas 🎄 @USER #skinceuticals #antioxidants…,1,Neutral,Positive,0.0016648925,0.20215946,0.79617566,0.79617566,False
@USER @USER @USER Michigan in a LANDSLIDE !!!#ElectoralCollege#DrainTheSwamp#MAGA@USER,1,Neutral,Negative,0.63891387,0.28307152,0.07801465,0.63891387,False
Working for minimum wage in #sheffield Time for change Time for action. £10 living wage Pay rise for all…,1,Neutral,Positive,0.012644222,0.4507734,0.53658235,0.53658235,False
"@USER we need something like the ""Electoral College Votes"" System. ANC hide behind aggregated numbers to win.",1,Neutral,Negative,0.9734943,0.024529178,0.0019765478,0.9734943,False
Thinking about doing a live feed of Google Earth VR this weekend. Talk about my travels a bit and awesome places to go. Thoughts?,1,Neutral,Positive,0.0008514299,0.051124737,0.94802386,0.94802386,False
"@USER @USER CORRECTION: I MEANT MEDICARE, NOT SOCIAL SECURITY.",1,Neutral,Negative,0.94446164,0.052285083,0.0032532723,0.94446164,False
From @USER New Pic Of Belle (#emmawatson) & Gaston (#lukeevans) In @USER #BeautyAndTheBeast -…,2,Positive,Neutral,0.00072022254,0.9677749,0.031504825,0.9677749,False
@USER Agreed. TPP/Border security/immigration/fair trade/jobs/SC more vital,1,Neutral,Positive,0.0033681963,0.34329864,0.6533331,0.6533331,False
🎶 Browse this site for more information on Dallas 3D Printing. This...,2,Positive,Neutral,0.0011680424,0.97617155,0.022660516,0.97617155,False
"#EuphratesShield forces seized Ajmi from #ISIS, cutting off the M4 highway between #Manbij-Arimah & Al-Bab.",1,Neutral,Negative,0.98926616,0.009797925,0.0009358544,0.98926616,False
"Now with Trump dumping TPP, how it will affect msia?[URL]",1,Neutral,Negative,0.68919116,0.30653006,0.004278824,0.68919116,False
"""F"" for #usa @USER FAKE FED... @USER FALSE FLAG = 9/11 lNSlDE J0BFRACKING an ""FRIENDLY FIRE""#JESUS #ENDofDAYS",1,Neutral,Negative,0.9900052,0.0088179475,0.0011768666,0.9900052,False
FRACKING AND OUR FOOD: Erin Brockovich is at it again. What a woman!!! This is definitely something that each...,1,Neutral,Positive,0.0023205983,0.0020613382,0.9956181,0.9956181,False
"@USER @USER no, #Israel and #Egypt keeping #Hamas out doesn't exclude anyone from #Gaza from travel elsewhere.",1,Neutral,Negative,0.8234274,0.17376433,0.0028082363,0.8234274,False
"@USER Damn straight he is right. But it has to be the ""Pay for Play"" Clinton Crime Foundation. Comey compromised email investig.",1,Neutral,Negative,0.9833349,0.014957133,0.001707957,0.9833349,False
Minimum wage and these unpaid internships 😕😕😕,0,Negative,Positive,0.2117386,0.31203082,0.47623062,0.47623062,False
@USER I don't think you are. Conservative is different than fascist nazi,1,Neutral,Negative,0.5631764,0.42940304,0.0074205413,0.5631764,False
"Venezuelan President Maduro says has called Cuban President Raul Castro, expresses solidarity with Cuba. Sad day i…",1,Neutral,Negative,0.87341464,0.12189735,0.0046879766,0.87341464,False
"#NewsAbuse Check out the distortions, especially Marine le pen",1,Neutral,Negative,0.98437274,0.014667508,0.0009597662,0.98437274,False
ALL NATIONS UNITE.... HUMAN BEINGS STANDING UP TOGETHER WILL FORCE THE CHANGE FROM FOSSIL FUELS TO CLEAN ENERGY...,0,Negative,Positive,0.004202227,0.053665213,0.9421326,0.9421326,False
Hilfiger defends 'beautiful' Melania Trump you mean illegal immigrant? The speech stealer?,0,Negative,Neutral,0.3272979,0.62706995,0.045632206,0.62706995,False
Former Swiss Guard and businessman says Pope Francis is an entrepreneur who invests in the poor.,1,Neutral,Positive,0.0043037836,0.3377423,0.65795386,0.65795386,False
SIDE TO SIDE 😘 @USER #sidetoside #arianagrande #musically #comunidadgay #lgbt🌈 #LOTB…,1,Neutral,Positive,0.0013260989,0.26742852,0.7312454,0.7312454,False
Trump Supporters Protest CNN in Los Angeles via @USER,1,Neutral,Negative,0.9023967,0.09511319,0.0024901489,0.9023967,False
Barbara Boxer's Abortion Illogic 1/2 via @USER -When a U.S. senator cant tell when a baby is born it's a bad day.,1,Neutral,Negative,0.9862467,0.012250024,0.0015032191,0.9862467,False
"Interesting. Trump's appeal ""not about racism, misogyny or hatred"" but ""employment, infrastructure, opportunities.""",1,Neutral,Positive,0.009398226,0.2090917,0.7815102,0.7815102,False
Messmoorize (from Michael Moore): to panic and lose critical thinking while gaining weight. #UsefulNewVerbs,0,Negative,Neutral,0.041010406,0.85845417,0.10053544,0.85845417,False
#University of #California will refuse to assist federal #immigration agents seeking #students without legal status,1,Neutral,Negative,0.9881072,0.011158048,0.00073483057,0.9881072,False
"#ISIS claims Iraq car-bombing, at least 73 killed.",1,Neutral,Negative,0.99376243,0.0054826154,0.0007549565,0.99376243,False
TY @USER The latest The painters Daily! Thanks to @USER #trumps #deplorables,1,Neutral,Positive,0.0012472376,0.012602758,0.98614997,0.98614997,False
@USER IMO U r wrong to say Dems dont listen to both sides of issues of parties. They do & just tend 2disagree w more of gop policy,1,Neutral,Negative,0.9794979,0.01937002,0.0011320245,0.9794979,False
East Aleppo #FakeNewsMedia Bana Alabed Twitter acct deleted. Her 'mum' tweets/has access to internet 'while being…,1,Neutral,Negative,0.9898151,0.009349849,0.00083505455,0.9898151,False
When i was in the 11th. I went to get this girl a necklace for Valentines day. The girl got me a old navy t shirt and a teddy bear 🙃,1,Neutral,Positive,0.0027547341,0.1504396,0.8468057,0.8468057,False
"Embargo, keeping honey clean since 1991",1,Neutral,Positive,0.003461026,0.47216615,0.5243729,0.5243729,False
Community-Organizer-in-ChiefDivider-in-Chief#ThankYouObama 55 days16 hours27 minutes…,1,Neutral,Positive,0.0010191263,0.18529393,0.81368697,0.81368697,False
Galaxy Note 4 On A Note 7 ROM Gets Samsung's Recall Prompt #trends #motivation #tsu @USER,1,Neutral,Positive,0.0017456288,0.25238612,0.7458682,0.7458682,False
@USER western apologist. Trade embargo stunted Cuba's growth.,1,Neutral,Negative,0.9807015,0.01830263,0.0009958579,0.9807015,False
I pray @USER does the right thing #MAGA #draintheswamp #NeverRomney,2,Positive,Neutral,0.023870395,0.77391124,0.2022184,0.77391124,False
@USER Maybe the Electoral College can fix it before his clock starts. What I hope anyway. Less hassle.,1,Neutral,Positive,0.017297449,0.1724195,0.81028306,0.81028306,False
"Browse our exclusive collection of autographed titles, including @USER #SettleForMore! @USER",2,Positive,Neutral,0.000909217,0.61108756,0.38800323,0.61108756,False
"Very interesting (as received)Interesting...Silent and ""Listen"" are spelled with the same letters.Steve Jobs...",1,Neutral,Positive,0.0011491622,0.012649335,0.98620147,0.98620147,False
THE PRICIEST PRESIDUNCE!...We taxpayers are paying $9.5 million for DJT's transition.Warren's and Cummings' letter:,0,Negative,Positive,0.0013670321,0.039223757,0.95940924,0.95940924,False
@USER one for all the T-Shirt luvving liberals #democrats #CaliforniaDreaming,1,Neutral,Positive,0.007184292,0.031546466,0.9612692,0.9612692,False
"Made using 3D printing technology and fabricated out of PLA, making this chair bio-degradable:…",1,Neutral,Positive,0.0021996663,0.069229074,0.9285713,0.9285713,False
Bulking Up! A Guide to Bulk Food Bargains and Storage #tpp #pjnet #xcot,1,Neutral,Positive,0.0009573902,0.12415443,0.8748882,0.8748882,False
"CAN'T EAT CAN'T SHLEEP MANE I MISS THESE STREETSMUHAMMAD ALI, AND THE SHKREETS MISS ME",1,Neutral,Negative,0.6583271,0.20540883,0.13626409,0.6583271,False
@USER @USER !Attention! Dem talking point regurgitation again. Vegas registration fraud 2 educate u,1,Neutral,Negative,0.96484673,0.03352926,0.0016240452,0.96484673,False
"@USER @USER smart move for both. why waste resources. however, if it were a popular vote, DT would have ate her lunch",1,Neutral,Positive,0.004355263,0.12439974,0.87124497,0.87124497,False
@USER my deep learning algorithm isn't though - training can take time.,0,Negative,Neutral,0.14931697,0.771589,0.07909413,0.771589,False
"If the regular brands won't sell clothes for sizes 10+, cool new brands will - check these out![URL]",1,Neutral,Positive,0.00245828,0.06058853,0.93695325,0.93695325,False
@USER @USER @USER @USER @USER @USER Jamui hospital says some vaccines are not avlbl since 1 yr,0,Negative,Neutral,0.04111465,0.9529776,0.005907756,0.9529776,False
#BREAKING :Israeli soldiers shot a Palestinian young man near Shuafat camp military checkpoint moments ago.…,1,Neutral,Negative,0.9922908,0.006947014,0.00076213334,0.9922908,False
Create articles for #blog #seo #marketing | #NationalFastFoodDay 6 #SEO Analysis Tools…,2,Positive,Neutral,0.0010332623,0.9832177,0.015748955,0.9832177,False
Westworld is consistent in its mind bosting,2,Positive,Neutral,0.011054083,0.9066967,0.08224919,0.9066967,False
@USER @USER ask Ben Carson's campaign pushers :/ #scavengers #prey,0,Negative,Neutral,0.119073346,0.8730386,0.007888103,0.8730386,False
#trumptrain #maga #draintheswamp #neverRomney Thanks Obama!,2,Positive,Neutral,0.26688755,0.6375005,0.09561192,0.6375005,False
I Stand With #Syria #Aleppo #Palestine #Kashmir #Burma #Iraq #Afg Do You ??? Share !!!,2,Positive,Neutral,0.0029657145,0.9574796,0.039554678,0.9574796,False
Jaguar takes a shot at competing with Tesla's Model X SUV.,1,Neutral,Positive,0.0010691417,0.039513543,0.95941734,0.95941734,False
"#Belarus #humanrights community, including @USER , strongly urges authorities to abolish the death penalty…",0,Negative,Neutral,0.034845345,0.92001194,0.045142695,0.92001194,False
"@USER Obama Admin. asked them to look at alternate routes. Too little too late, the pipe is nearly at the riverbank.",1,Neutral,Negative,0.9770313,0.021591516,0.0013771517,0.9770313,False
@USER @USER She's under the Clinton Foundation umbrella now. Only explanation for her change of heart towards Hillary.,0,Negative,Neutral,0.36511382,0.6100364,0.024849761,0.6100364,False
"After seeing me ugly cry over Leonard Cohen, my husband is genuinely concerned about Werner Herzog's health",2,Positive,Neutral,0.33702767,0.6131768,0.04979552,0.6131768,False
Dems will be flocking to Cuba to pay their respects. Obama will be the first,1,Neutral,Positive,0.03654738,0.45970076,0.5037518,0.5037518,False
Gender pay gap continues to shrink. #ThankYouObama,1,Neutral,Positive,0.029701278,0.22937286,0.7409259,0.7409259,False
"Bob Dylan sings his 2nd biggest hit, Rainy Day Women #12 And 35 live at Farm Aid in 1986 -",2,Positive,Neutral,0.0008554629,0.6057195,0.39342505,0.6057195,False
"@USER yes, but wouldn't gun control work better?",2,Positive,Neutral,0.108871214,0.83175296,0.059375845,0.83175296,False
Only nasty women and bad hombres would share this very unflattering picture of our Furhur. Be one of those.,1,Neutral,Negative,0.9923734,0.006324926,0.001301713,0.9923734,False
"Hope you are feeling better @USER Since you are running a clinical trial, try the oreganol/oil of oregano!…",1,Neutral,Positive,0.0017055168,0.13554,0.8627545,0.8627545,False
"If Trump is a good man he will leave Medicare, healthcare &amp; SS alone. He will address capitalism and student lo…",0,Negative,Neutral,0.0646481,0.5214401,0.41391182,0.5214401,False
"In an airplane, if a failure risk is more likely than 1 in a billion, you need a fail-safe. How about self driving cars?",1,Neutral,Negative,0.548104,0.4225356,0.029360352,0.548104,False
when u start eating thanksgiving dinner before u say grace & ur grandma catches u,2,Positive,Neutral,0.019037656,0.9200524,0.060909983,0.9200524,False
"Working towards accreditation, albeit on half the minimum wage is much better than sitting on your arse bludging of…",1,Neutral,Negative,0.922512,0.06391312,0.013574979,0.922512,False
"@USER @USER This is Hillary being vindictive. Meanwhile, Trump's transition is going well.",1,Neutral,Negative,0.9853536,0.013258003,0.0013884286,0.9853536,False
Obama Downplays Trump Trade Agenda O can stick TPP & his 0 legacy #tcot #pjneet #maga #lnyhbt #wakeupamerica #tgdn,0,Negative,Neutral,0.42605683,0.558218,0.015725201,0.558218,False
Greece: Adult vaccination in an age of austerity,0,Negative,Neutral,0.02895224,0.96449596,0.006551804,0.96449596,False
"@USER @USER @USER No place too low to go for a bitter, less effeminate version of Michael Moore! Rosie knows no shame!",0,Negative,Neutral,0.12625685,0.69829386,0.17544925,0.69829386,False
"CPU vs GPU for deep learning. This article has a defensive tone to it, but interesting.",1,Neutral,Positive,0.0037021157,0.1657435,0.8305544,0.8305544,False
Step aside self-driving cars: #linksomnia,1,Neutral,Negative,0.73954695,0.2507622,0.009690804,0.73954695,False
"""#Samsung #Galaxy Note 7 Iris Scanner In Detail: Not a Gimmick"" #android #mobile",1,Neutral,Positive,0.0020212631,0.28529143,0.7126874,0.7126874,False
"@USER I respect you for being pro-choice and supportive of gay marriage, as it says in the @USER piece.",1,Neutral,Positive,0.0025660018,0.1622476,0.8351864,0.8351864,False
"HistoryToLearn: Muhammad Ali hugs Pelé at his goodbye match. He said: ""My friend. My friend. Now there are two of …",2,Positive,Neutral,0.0035987233,0.88075244,0.11564875,0.88075244,False
China websites block searches for 'Fatty Kim the Third',1,Neutral,Negative,0.88389003,0.11437844,0.0017315334,0.88389003,False
"We had two con men running in 2016, and both of them were friendly with Putin.",1,Neutral,Negative,0.98192775,0.01652767,0.0015445305,0.98192775,False
@USER Can't wait for Mike Pence to exterminate the tumblr plague,1,Neutral,Positive,0.072931156,0.105038404,0.82203037,0.82203037,False
"@USER Kim Jong Un wishes his propaganda was a good as this. BHO never uses the restroom either, We believe that. Wink wink",0,Negative,Neutral,0.07850957,0.5067707,0.4147198,0.5067707,False
Retweeted Voucher Angels (@USER):QUICK‼️ #FreebieFriday has started 😇 My #Hatchimals are waiting to be...,1,Neutral,Positive,0.0010860965,0.037518848,0.961395,0.961395,False
Come see my work at Etsy. Frost on a window mirrored. Come see my work at Etsy.,1,Neutral,Positive,0.0012076328,0.4160162,0.5827762,0.5827762,False
"Cristiano Ronaldo. Man takes no Ls. Biggest rustler in world football, proves haters wrong every game.",1,Neutral,Positive,0.010010883,0.04274248,0.9472467,0.9472467,False
Mfs win a fight & think they Muhammad Ali 😂💀,1,Neutral,Positive,0.0020254077,0.017307304,0.98066723,0.98066723,False
😇GOD WON 👸 ANGEL @USER THE POPE Says @USER has an EGO...IS the POPE with the EGO PROBLEM..…,0,Negative,Positive,0.0013945358,0.018582279,0.98002315,0.98002315,False
@USER I'm just going out to buy some fuses! I couldn't believe it. Ford is in on this! #Westworld,0,Negative,Positive,0.0037377034,0.023281893,0.9729804,0.9729804,False
The Flint water is also an issue.,1,Neutral,Negative,0.97710764,0.021847822,0.0010444549,0.97710764,False
More than 700 UK artists pledge to boycott Israel via @USER #gaza #palestine #israel #BDS,1,Neutral,Negative,0.8675734,0.13006559,0.0023610778,0.8675734,False
Nothing! 😲@USER 🙏👍😚#zaynmalik #onedirection #harrystyles #niallhoran #louistomlinson…,1,Neutral,Positive,0.0070140446,0.102292605,0.89069337,0.89069337,False
Black Friday reminds me of Chanel a year ago. #ScreamQueens,1,Neutral,Positive,0.009940245,0.40259027,0.5874695,0.5874695,False
Ppl talking about the left privileging id politics over class: category error. That was the liberals.,1,Neutral,Negative,0.91035,0.086490914,0.0031590885,0.91035,False
"Pitying the poor Norwegian minister visiting Brexit ministers Boris Johnson, David Davis & Liam Fox today. A while…",1,Neutral,Negative,0.98744,0.011282081,0.0012779244,0.98744,False
Hahahaha Chanel having a bitch fit when Munsch was removing her points. That was hilarious! #ScreamQueens,0,Negative,Positive,0.038236357,0.2903368,0.67142683,0.67142683,False
INSIDER: Steve Bannon Is a Fighter Excellent Trump Move,2,Positive,Neutral,0.037162833,0.91877663,0.0440605,0.91877663,False
@USER @USER no! Some bad hombres doesn't excuse you from being a good person. If you need help...,1,Neutral,Negative,0.98765635,0.010983031,0.0013605896,0.98765635,False
Fidel Castro's Legacy and the Hypocrisy of His Detractors #Castro,1,Neutral,Negative,0.9733594,0.025506483,0.0011340802,0.9733594,False
.@USER his research is the gold standard. Whenbi say this looks like a drug deposit based on it. Is no small thing. Iris location 2/3,0,Negative,Positive,0.03448158,0.4064518,0.55906665,0.55906665,False
@USER will provide federal funds to have an agency like Blackwater be contracted to hire public school teachrs,2,Positive,Neutral,0.004881799,0.9752455,0.019872729,0.9752455,False
"Bannon([URL] ""It's the greatest opportunity to rebuild everything..as exciting as the 1930s."" O…",1,Neutral,Positive,0.0019458384,0.0024275149,0.9956267,0.9956267,False
Because Water is our Human Right! Step off our land!,0,Negative,Positive,0.0035801472,0.16696131,0.82945853,0.82945853,False
#Valentines #Gifts NEW Ted 2 in Jersey 24-Inch R-Rated Talking Plush #TeddyBear SALE,2,Positive,Neutral,0.00061068905,0.94258374,0.05680551,0.94258374,False
Arabs Celebrate as Israel Burns[URL] sips latte#P2 #tcot #sgp #mtv #uniteblue #jcot #teaparty #progressive,1,Neutral,Positive,0.0052970974,0.19945972,0.79524314,0.79524314,False
2. Yes ..crime can never be justified but if you are going to give death penalty to kidnappers why not corrupt politicians/looters?,1,Neutral,Negative,0.99130356,0.0076410254,0.00105538,0.99130356,False
The two concepts 1. Clinton blew her election; 2. Comey cost Clinton the election are not contradictory at all. Why…,1,Neutral,Negative,0.821441,0.17361975,0.0049392963,0.821441,False
@USER You don't need them when you have Kim Jong-un,0,Negative,Neutral,0.1580492,0.82264346,0.019307401,0.82264346,False
"From a dead stop, Tesla estimates that the Model S P100D can accelerate to 60 mph in 2.5 seconds. [URL]",1,Neutral,Positive,0.0040561147,0.12705053,0.8688933,0.8688933,False
"@USER Hey, I'm still perplexed about Dennis Rodman & Kim Jong-Un loving basketball.",1,Neutral,Negative,0.8730195,0.123661116,0.0033193645,0.8730195,False
something something Clinton Foundation something... nevermind I've got nothing here,0,Negative,Neutral,0.03540184,0.95006496,0.014533185,0.95006496,False
@USER Many agree with your stance on SSM-but many disagree with your stance on Euthanasia..watch a loved one die in agony..reconsider,1,Neutral,Negative,0.9605012,0.03808861,0.0014101852,0.9605012,False
Death penalty too strong? Think of the gene pool![URL],1,Neutral,Negative,0.98892295,0.009821216,0.0012558782,0.98892295,False
@USER Christmas is by far the biggest holiday here in the USA. Thanksgiving is def. behind Halloween and prob Valentines and St Patrick's,1,Neutral,Positive,0.0012310058,0.015678247,0.98309076,0.98309076,False
"@USER this is the truth.people must wake up & face the truth,you are being brainwashed by liberals.",1,Neutral,Negative,0.97901535,0.019002078,0.0019824738,0.97901535,False
#Eurozone BREAKING: Angela Merkel is confident that Kim Jong-un will be voted as next chancellor of Germany #SydMUN16,1,Neutral,Positive,0.007096613,0.42809322,0.56481016,0.56481016,False
"I mean, the British left (and actually - most brown people) are using this line about white supremacists, but sure,…",1,Neutral,Negative,0.94815135,0.05024614,0.0016025158,0.94815135,False
"As Trump's busy assembling his cabinet, HRC & Stein are hoping against all odds on a #recount in 3 states. Good luck w/ that. #RECOUNT2016",1,Neutral,Positive,0.0042534387,0.088619694,0.9071269,0.9071269,False
"you know which republican had a tough night at the theater? Lincoln. now get back to transitioning, you lollygaggers!!! #TrumpTransitionTeam",0,Negative,Neutral,0.15168343,0.8106175,0.03769903,0.8106175,False
where can i get me a ricky martin,2,Positive,Neutral,0.0011078191,0.9448235,0.054068625,0.9448235,False
Helping Melania work on her next Michelle Obama speech. #KeepsTrumpUpAtNight,0,Negative,Neutral,0.005748842,0.6305937,0.36365744,0.6305937,False
@USER Comey CROOKED as HRC,0,Negative,Neutral,0.021578265,0.9661047,0.012317028,0.9661047,False
.@USER: UNGA should step in on #Aleppo atrocities & hold emergency special session NOW. #StandWithAleppo,1,Neutral,Negative,0.98294353,0.015879342,0.001177152,0.98294353,False
@USER Time for Seal Team 6 to pay George Soros a visit. 💩🔫,0,Negative,Neutral,0.052373406,0.6822131,0.26541346,0.6822131,False
📷 Playing robots in the Himalayas,2,Positive,Neutral,0.0013538315,0.96527404,0.033372127,0.96527404,False
"Or, if you want to be technical, the over half who voted and did not vote for him, even tho voter suppression prevented many from voting",1,Neutral,Negative,0.88818085,0.10861156,0.0032076275,0.88818085,False
GIVING THANKS for Dr. Ben Carson: Our Favorite Trump Supporter Changes Mind and WILL Serve in Cabinet Position....,1,Neutral,Positive,0.0019514639,0.041041505,0.95700705,0.95700705,False
"#YPG #SDF allying with #Hezbollah terrorists & #ASSad against #NATO ally #Turkey, Goodjob Obama, Turkey should resp…",1,Neutral,Negative,0.974935,0.023959279,0.0011057727,0.974935,False
Napa Valley Tesla Consumer Reports trashes Tesla's 'flawed' Model X - New York Post,1,Neutral,Negative,0.95043224,0.04748532,0.0020824077,0.95043224,False
Samsung Galaxy Note 7 vs OnePlus 3 vs Galaxy S7 vs iPhone 6S Speed Test! . #AJNancy,1,Neutral,Positive,0.0010148013,0.25982472,0.7391605,0.7391605,False
No one said a word when Speaker Pelosi flew from Ca. to DC 3x/week on a pvt jet at a cost to taxpayers of $60K per flight or $5.7M per year,0,Negative,Neutral,0.052756373,0.9362233,0.011020276,0.9362233,False
did melania ever apologize for stealing michelle's speech?,0,Negative,Neutral,0.4722501,0.5218986,0.005851297,0.5218986,False
Deep Learning for Visual Question Answering (VAQ) using KerasA really nice blog post by @USER,1,Neutral,Positive,0.0011515575,0.013938027,0.9849104,0.9849104,False
fidel's dead maduro or donald trump better be next,0,Negative,Neutral,0.18325825,0.79814637,0.018595347,0.79814637,False
#FantasticBeasts now flies high above #DoctorStrange after releasing last week to take the #1 spot in this week's U…,2,Positive,Neutral,0.0014677236,0.58093846,0.41759387,0.58093846,False
#Yemen's War-Damaged #Hodeidah Port Struggles to Bring in Vital Supplies[URL] via @USER,1,Neutral,Negative,0.9767263,0.022435473,0.0008381983,0.9767263,False
Yet those that screamed the Clinton Foundation had to be wound down are suddenly just fine with this and huge Int'l…,0,Negative,Neutral,0.125798,0.5711043,0.30309772,0.5711043,False
Well that's something I never expected 2 read!Microsoft's #Linux love affair leads it to join The Linux Foundation,2,Positive,Neutral,0.1614142,0.6366889,0.20189689,0.6366889,False
#ISIS says the third bridge on Tigris has been destroyed due to air-strikes in #Mosul... #MosulOffensive,1,Neutral,Negative,0.99050164,0.008670095,0.00082828745,0.99050164,False
A Very Scientific Analysis Of Melania Trump's 'Plagiarised' Speech,1,Neutral,Negative,0.9554455,0.043144315,0.0014101318,0.9554455,False
Our #hatchimal needs a new home in time for Christmas! Keep an eye on our Facebook page this weekend... #Hatchimals,1,Neutral,Positive,0.0016780824,0.30898932,0.68933254,0.68933254,False
"Republicans, Conservatives, and Non-Bigoted Trump supporters exist. Some you watch on TV. You might not be. Move on. #GH",1,Neutral,Negative,0.96207905,0.035565324,0.0023556105,0.96207905,False
#Hamas leader says '#Trump may be a Jew’ “.. the most important thing in the Jewish rel…,1,Neutral,Negative,0.9004732,0.09694423,0.002582599,0.9004732,False
@USER Because in places where your vote is tracked you get a visit the next day from Kim Jong-Un.,0,Negative,Neutral,0.025425486,0.8870102,0.08756439,0.8870102,False
@USER but where are bad hombres on that list?,1,Neutral,Negative,0.989125,0.009808764,0.0010661645,0.989125,False
@USER Hillary got quite a few more votes but your man won the electoral college vote. It doesn't follow that Repubs 'crushed' Dems,0,Negative,Neutral,0.31327227,0.62190944,0.06481829,0.62190944,False
"#GAMES: PlayStation VR: Top 10 Games, Google Earth VR verf&uuml;gbar &amp;... #playstation #sony",2,Positive,Neutral,0.0006804616,0.94043195,0.05888753,0.94043195,False
"We must not believe the Evil One when he tells us that there is nothing we can do in the face of violence, injustice and sin. -Pope Francis",1,Neutral,Negative,0.98470324,0.01370355,0.0015932958,0.98470324,False
These guys are no fools. 5 trains go into a multi-rail tunnel. 5 comes out. Which 1 is armed? OOPS. @USER @USER @USER,1,Neutral,Negative,0.8006034,0.16442046,0.034976102,0.8006034,False
@USER better than conducting drone strikes?,1,Neutral,Negative,0.958743,0.039940767,0.0013162546,0.958743,False
"I know so many extremely intelligent people who go to church, the sort that dismiss homeopathy as quackery yet believe in a mythBewildering",1,Neutral,Negative,0.6633822,0.3096262,0.026991624,0.6633822,False
@USER Result of appeasement by the Obama admin.! Regime was collapsing in '09 & @USER saved it! #IranDeal,1,Neutral,Positive,0.04268332,0.3711797,0.58613694,0.58613694,False
America has done exactly what Putin wants. Aren't we proud?,0,Negative,Positive,0.007922033,0.053500213,0.9385777,0.9385777,False
#Araghun Paint is still the Gold Standard for Exterior Performance,1,Neutral,Positive,0.0013738992,0.0695112,0.92911494,0.92911494,False
Forms of power still use fossil fuels as a power source and a build component.,1,Neutral,Negative,0.96330035,0.03513784,0.0015619087,0.96330035,False
From Mac 'n Cheetos to The Whopperito what a year its been for fast food! - #NationalFastFoodDay,1,Neutral,Positive,0.0014378997,0.012825446,0.98573667,0.98573667,False
Don't cry now mom #ThisIsUs,1,Neutral,Positive,0.003014976,0.043450106,0.9535349,0.9535349,False
This #blackfriday #CyberMonday everything 20% off! #TheWalkingDead #homealone & more #giftsforhim #giftsforgeeks…,1,Neutral,Positive,0.0010510194,0.053108107,0.9458409,0.9458409,False
"When Steve Bannon watched Mississippi Burning, did he root for the Klan? Just curious.",0,Negative,Neutral,0.38780087,0.60530376,0.0068954327,0.60530376,False
#Palestinian suicide bombings no longer permitted: #Qaradawi proclaims earlier fatwa now retracted. #Israel #Hamas,1,Neutral,Negative,0.9668306,0.031830534,0.0013388868,0.9668306,False
"Needed only $7M to give Hillary a chance - only managed $4.7M. So sorry, thanks for playing.#Recount2016 #VoteRecount #StillWithHer #MAGA",1,Neutral,Negative,0.7852868,0.19604039,0.018672815,0.7852868,False
#ThankYouObama for creating the strongest @USER in almost a century and electing @USER,0,Negative,Positive,0.001338522,0.0031406889,0.99552083,0.99552083,False
@USER It was devastating to see the way he looked at his mother. 😓 And all the traditions they've kept to remember Jack...😩 #ThisIsUs,1,Neutral,Negative,0.9832877,0.015318647,0.0013936996,0.9832877,False
"US chicken, flour sold in #DRCongo via blacklisted Tajideen. Great piece in WSJ @USER @USER #Hezbollah",1,Neutral,Positive,0.006655684,0.4847726,0.5085717,0.5085717,False
Happy Birthday! Can't wait on Dancing with thousands of Jesus? Oh god. I get things to gay marriage? a spectacular,1,Neutral,Positive,0.0023803532,0.0075795613,0.9900401,0.9900401,False
@USER @USER @USER @USER @USER what Fantasy world do u live in? The nazi regime,0,Negative,Neutral,0.4011248,0.59482753,0.0040477305,0.59482753,False
The #Hamas Unity Deal,1,Neutral,Negative,0.97160375,0.027501395,0.00089480716,0.97160375,False
Watching old episodes of The West Wing & realize Martin Sheen has more experience to run the US than our president-elect.#StillWithHer,0,Negative,Neutral,0.040110737,0.8491678,0.11072142,0.8491678,False
#Entertainment #Buzz ZAC EFRON HANDSOME BEEFCAKE HUNK IN UNDERWEAR ON SET REAR CANDID PHOTOGRAPH…,2,Positive,Neutral,0.0013265444,0.94244874,0.05622471,0.94244874,False
BRILLIANT MARINE LE PEN INTERVIEW via @USER,2,Positive,Neutral,0.0010236426,0.9699851,0.028991163,0.9699851,False
"The Nazi Democrats want Donald Trump to become distracted and engage in an ""emotional"" propaganda war thats unwinnable-But Trump is smarter",1,Neutral,Negative,0.9849592,0.013788984,0.0012517812,0.9849592,False
"HIGHTLIGHT HD Neymar vs James WHO IS TALENT, ★Messi★Neymar★Suarez VS Cristiano Ronaldo★Ben…",1,Neutral,Positive,0.001628725,0.023392579,0.9749786,0.9749786,False
Supermodel @USER is proving she's in the business of making history and shattering barriers:…,1,Neutral,Positive,0.0014697111,0.0065891664,0.9919411,0.9919411,False
HARRY REID UNLOADS: Trump put 'a champion of white supremacists a step away from the Oval O…,1,Neutral,Negative,0.9804664,0.01854051,0.0009930219,0.9804664,False
"#architecture The Lily light &quot;paved the way for things to come in 3D printing&quot;, says Janne...…",1,Neutral,Positive,0.0028391413,0.23978707,0.75737375,0.75737375,False
#Best #Toy #Transformers Robots In Disguise One-Step Changers Autobot Drift #Figure #Toys…,1,Neutral,Positive,0.0012145629,0.018378424,0.98040694,0.98040694,False
Many seem bewildered by the anti-Trump riots and demonstrations. And many keep trying to find a reasonable response.,1,Neutral,Negative,0.97258973,0.026174095,0.0012362249,0.97258973,False
Report: The rickety finances behind the Dakota Access Pipeline. #NoDAPL @USER @USER @USER,0,Negative,Neutral,0.11362056,0.8759288,0.010450624,0.8759288,False
Kim Fatty the Third. 🇨🇳 🇰🇵,0,Negative,Neutral,0.0017168064,0.98478854,0.013494678,0.98478854,False
"Beppe Grillo ""A lesson for all: you can not lie to the people forever without suffering consequences""[URL]",0,Negative,Neutral,0.46153468,0.5109497,0.027515676,0.5109497,False
Google is joining the .NET Foundation and will be part of the Steering Group.,1,Neutral,Positive,0.00096552755,0.26249394,0.73654056,0.73654056,False
@USER I guess you need a reading lesson Charlie,0,Negative,Neutral,0.02047264,0.97045714,0.009070283,0.97045714,False
"@USER oh wait, Kim Jong Un",1,Neutral,Negative,0.6053691,0.37187257,0.022758327,0.6053691,False
Pretty much convinced that David Blaine isn't human.,2,Positive,Negative,0.9856683,0.013085701,0.0012460329,0.9856683,False
Michael Moore is speaking much truth. This should have come out before the election. Remember when she hyphenated her name & folks flipped?,2,Positive,Neutral,0.08474265,0.8363825,0.078874774,0.8363825,False
Ashley Graham better than 90% of these models outchea,2,Positive,Neutral,0.057091925,0.5568181,0.38608995,0.5568181,False
"Sodastream:.How to profit from Occupation, Oppression, Apartheid #gaza #palestine #israel #BDS",1,Neutral,Negative,0.5536019,0.44301254,0.0033855094,0.5536019,False
@USER THEY SHOULD DECLARE IT AN INTERNATIONAL HOLIDAY!Next up: George Soros.#2016IsMagical,1,Neutral,Positive,0.008371073,0.30832297,0.6833059,0.6833059,False
"The courts will come to the rescue?The courts are the ones enforcing these laws,they are trying to bring back Jim C…",0,Negative,Neutral,0.024754198,0.9586529,0.016592953,0.9586529,False
#ThankYouObama #PRESERVEHISLEGACY Obama is Presidential. Temper Tantrum Trump is #notmypresident,1,Neutral,Positive,0.04668629,0.2961819,0.6571318,0.6571318,False
@USER @USER @USER I'd disagree with you. Her reports seem pretty objective & honest. Have an example?,1,Neutral,Negative,0.80132675,0.1908848,0.0077884574,0.80132675,False
Deep Learning (artificial intelligence) matters. Essentially what @USER said at #perconalive last year,2,Positive,Neutral,0.021621753,0.74341124,0.234967,0.74341124,False
".@USER followers suddenly shot up about 1,000 Nov 1 to 9. Today he deleted tweets, reTweeted @USER to…",1,Neutral,Negative,0.7148872,0.27724165,0.007871161,0.7148872,False
"As an emoji user, I am thrilled there is a ""heil"" emoji! 🙋 lol #nazi",1,Neutral,Positive,0.002063538,0.002207282,0.99572915,0.99572915,False
@USER @USER Kim Jong-un cracks me up. Kim Jong-un will make a video shooting his gun in the air & USA like Jong-un shot his gun,1,Neutral,Negative,0.9859132,0.012247674,0.0018391522,0.9859132,False
@USER more establishment politicians. #draintheswamp ? LOLno u all got conned and we're just laughing at you guys,1,Neutral,Negative,0.98419696,0.013552772,0.0022502744,0.98419696,False
".@USER @USER @USER PS, Trump wasn't so clear on that whole ""peaceful transition"" thing until he won.",1,Neutral,Negative,0.6887112,0.30145314,0.009835619,0.6887112,False
"@USER if this were true, it would be good... Because Assange would target Marine Le Pen",2,Positive,Neutral,0.05999595,0.5441386,0.3958655,0.5441386,False
It is time to claim the election was rigged.,1,Neutral,Negative,0.9855758,0.0132323345,0.0011919446,0.9855758,False
"Bernie Sanders lambastes Trump's infrastructure plan as ""corporate welfare"" via @USER #DrainTheSwamp #OurRev",1,Neutral,Negative,0.8856998,0.10920272,0.0050975233,0.8856998,False
@USER haha naw I'm coming to this turkey bowl with some vengeance from last year. I got that tony romo mindset rn lol,1,Neutral,Positive,0.003123826,0.03678322,0.96009296,0.96009296,False
Ask any EU leader what they'd think if Putin called them genius and was syrupy. They'd say: danger/hidden agenda. O…,1,Neutral,Negative,0.8459859,0.15139075,0.0026234011,0.8459859,False
"@USER if michele obama was attacked and melania praised for same speech, same thing",0,Negative,Neutral,0.20508844,0.7856915,0.009220024,0.7856915,False
@USER True. But there's a question that still needs to be answered: What if autism causes vaccines?,0,Negative,Neutral,0.07307204,0.91357327,0.013354635,0.91357327,False
Put an End to Eczema: Find the Best Homeopathic Remedy for Your Type & Clear Up Your Skin. #health #Holistic…,2,Positive,Neutral,0.027507393,0.787579,0.18491353,0.787579,False
"Meet the Model 3, Tesla’s Most Important Car",1,Neutral,Positive,0.0012834514,0.013013661,0.98570293,0.98570293,False
"""Microsoft has joined the Linux Foundation as a Platinum member.""[URL] @USER",1,Neutral,Positive,0.0011055307,0.084727205,0.9141672,0.9141672,False
@USER bought this at the theater 1st time I saw #FantasticBeasts. Wore it to theater 2nd time (But should the…,1,Neutral,Positive,0.0040036156,0.40404752,0.59194887,0.59194887,False
Getting out of hand! #christmas #hatchimals #kddesignsri #rhodeisland,1,Neutral,Negative,0.9525203,0.038866233,0.008613473,0.9525203,False
Cubs fuck horny ass cougars,1,Neutral,Negative,0.9949409,0.003659994,0.0013991876,0.9949409,False
"@USER of course, it has nothing to do with Saakashvili. Oliver Stone has made ideal propaganda film, and Putin could get his oscar",0,Negative,Neutral,0.05285103,0.6041703,0.34297857,0.6041703,False
"@USER @USER Also, learn what the Electoral College is. Popular vote is a BYPRODUCT not a basis for our elections.",0,Negative,Neutral,0.14290112,0.844983,0.012115901,0.844983,False
@USER @USER literal 😭,1,Neutral,Positive,0.0070308535,0.14253752,0.8504316,0.8504316,False
@USER @USER this is so irrelevant to her career & persona life. You know how interviews with Stern go.,1,Neutral,Negative,0.9379984,0.059355848,0.0026457533,0.9379984,False
@USER watch he is gonna win the Cy Young now,1,Neutral,Positive,0.0014091923,0.01306325,0.98552763,0.98552763,False
"@USER @USER @USER conservatives used to pride themselves on being grounded, practical, down to earth, not fantasists. #change",0,Negative,Neutral,0.05355679,0.7549625,0.19148074,0.7549625,False
"The true parallel for #ItalyReferendum is brexit, you uninformed drama queens. We just saved democracy.",0,Negative,Neutral,0.1280502,0.61925447,0.2526954,0.61925447,False
"every time i think about melania's speech i die laughing. HELLO. *airhorns*hello, i am proud to be- HELLO. *airhorns-* HELLO.",0,Negative,Positive,0.0030284142,0.006657735,0.9903138,0.9903138,False
Please donate whatever you can! |,1,Neutral,Positive,0.0010583707,0.2582009,0.7407407,0.7407407,False
#Syria #Palestine - Calling All Believers ᴴᴰ ┇ Powerful Speech ┇ The Da... via @USER,2,Positive,Neutral,0.003774386,0.9734971,0.022728471,0.9734971,False
Iraqi militias claim to have isolated IS-controlled #Mosul #MosulOffensive,0,Negative,Neutral,0.2761497,0.7144988,0.009351431,0.7144988,False
#KeepsTrumpUpAtNight Should I build that wall around the entire America or on the Mexican border only???,0,Negative,Neutral,0.2013473,0.7912679,0.0073847813,0.7912679,False
#Yemen Only if the US Border Patrol had this in their arsenal!,1,Neutral,Negative,0.9178377,0.07723208,0.004930258,0.9178377,False
My point was like Fidel Castro or not he Cuba proved Socialism works..and without the US embargo it would flourish..,1,Neutral,Positive,0.01820561,0.37580895,0.60598546,0.60598546,False
The Best Testimony From Washington State&#39;s Gay Marriage Hearing via @USER @USER,1,Neutral,Positive,0.0009245493,0.011015211,0.9880603,0.9880603,False
"Cop Killings + Dustin VanLiew, the diff Obama & Trump on energy ind + Norman Anderson is on fire about Trump Admin![URL]",1,Neutral,Negative,0.97634286,0.02169363,0.0019635013,0.97634286,False
@USER Great you voted for someone else. We now live with that decision. You can join in watching Trump for our democracy #StillWithHer,1,Neutral,Positive,0.013566671,0.24665125,0.7397821,0.7397821,False
5. I'm still not mad I'm not dating zac Efron,0,Negative,Neutral,0.09600278,0.7935204,0.110476814,0.7935204,False
Walton family earns more than 130 million Americans - and food stamps and Medicaid funds used to subsidize its low wage earners,2,Positive,Neutral,0.009142341,0.94577724,0.04508046,0.94577724,False
Tony Romo auto contest prize out of Huddle,2,Positive,Neutral,0.0010162609,0.8956972,0.103286505,0.8956972,False
Trump and Putin got elected.,1,Neutral,Negative,0.52495414,0.45206374,0.022982026,0.52495414,False
Women Are Planning to Strike to Protest Donald Trump’s Election #TrumpProtest #NotMyPresident #StillWithHer,2,Positive,Negative,0.9571619,0.040578686,0.0022594428,0.9571619,False
@USER Let people like @USER choke on air pollution and let them figure out how to survive when fossil fuels run out.,0,Negative,Neutral,0.09230848,0.8156478,0.092043735,0.8156478,False
Selling Hot Wheels Tesla Model S #HotWheels #Tesla via @USER #ModelS #collectible #toy #ebay #buyitnow #cool,1,Neutral,Positive,0.0010969903,0.022490688,0.9764123,0.9764123,False
I'm more worried about how Mike Flynn will get the power to authorise drone strikes on Comet Pizza outlets than this blip in Renzi's career,1,Neutral,Negative,0.9901854,0.008913877,0.00090078154,0.9901854,False
Pelosi broadens leadership team #outoftouch west coast liberal doesn't get it #reelectpelosi 👁👃🏻👁#floodtheswamp,1,Neutral,Negative,0.9273176,0.055953495,0.016728856,0.9273176,False
"Is Trump's Cabinet, The David Dukes of Pennsylvania Ave.? Hear our Bob Dylan: Trump protest song. #RobbingUsBarren",0,Negative,Neutral,0.02964732,0.94500166,0.025350954,0.94500166,False
42% OFF! JUSTIN VERLANDER Pennant Base Bobblehead Home Detroit Tigers #sports #forevercol…,2,Positive,Neutral,0.003564954,0.67802083,0.31841427,0.67802083,False
When you're assigned to write a paper about the TPP but the president-elect isn't going to approve it anyways 🙄,1,Neutral,Negative,0.9892943,0.009401468,0.0013042628,0.9892943,False
@USER Blamed the embargo that did nothing.,1,Neutral,Negative,0.9775433,0.02149651,0.0009601706,0.9775433,False
Reporter illegally took videos of a research facility & misused info about Huntington's disease & its effect[URL],1,Neutral,Negative,0.9896389,0.009533188,0.00082796154,0.9896389,False
"@USER @USER IMO, it was a unique shitstorm of about 12 reasons and unlikely to be duplicated. Dems need to hold their values",0,Negative,Neutral,0.36134613,0.60895616,0.029697645,0.60895616,False
Bet you the one that leaked Michelle's speech to Melania too huh? #ShudaKnownSas,0,Negative,Neutral,0.058937054,0.9223954,0.018667456,0.9223954,False
"How many homeless could we feed w/ funds req’d to protect Melania #Trump in NYC? (1 mil / day for NYPD) @USER should chip in, no?",0,Negative,Neutral,0.023089666,0.94590694,0.031003382,0.94590694,False
"Electoral college and ""2 Senators per state"" is a system rigged right in the constitution. Driven by demands of sla…",1,Neutral,Negative,0.9894521,0.009627421,0.00092034874,0.9894521,False
"@USER @USER Jill, instead of a recount, why not do an audit of voter registration rolls, if you're really looking for fraud?",1,Neutral,Negative,0.9798448,0.019114612,0.0010405991,0.9798448,False
I'm starting to think the @USER - @USER relationship in #Westworld is one big Donald Trump - Ben Carson metaphor.,1,Neutral,Negative,0.9884892,0.010555047,0.0009557817,0.9884892,False
Travel the world through Virtual Reality? Google Earth meets #VR . . . . 🎮🎮,2,Positive,Neutral,0.0015713411,0.7886418,0.2097868,0.7886418,False
#Spurs #GoSpursGo 1997-98 TIM DUNCAN Rookie #Cards (2) Upper Deck and Skybox Premium Future HOFer #TimDuncan #NBA,2,Positive,Neutral,0.0008813374,0.96511483,0.03400395,0.96511483,False
Great @USER need to keep a check on this Disaster of a new administration! @USER @USER,0,Negative,Positive,0.073685765,0.23910537,0.68720883,0.68720883,False
How students are resisting efforts to normalize Israeli apartheid via @USER #gaza #palestine #israel #BDS,1,Neutral,Negative,0.94826573,0.050665446,0.0010687632,0.94826573,False
@USER @USER both Obama and Clinton were anti gay marriage just a years back too.,0,Negative,Neutral,0.18221241,0.80034727,0.017440211,0.80034727,False
Hey #unitednations !! Are you listening! Innocent people are dying daily! It's time for a joint #intervention!,1,Neutral,Negative,0.9846854,0.013884271,0.001430293,0.9846854,False
THAT CALIFORNIA GOLDEN STATE WANTS THE GOLD STANDARD BACK NOT A PRIVATELY RUN DEBT COLLECTOR @USER,1,Neutral,Negative,0.86561173,0.12879398,0.0055942563,0.86561173,False
My Valentines. I get to spend it alone since I have no one,1,Neutral,Positive,0.0028295296,0.11823022,0.8789403,0.8789403,False
Tommy Hilfiger Thinks Designers Should Be Proud to Dress Melania Trump via @USER,2,Positive,Neutral,0.020128528,0.68592227,0.29394922,0.68592227,False
BREAKING NEWS 4 STORIES Trump's Transition Team Just Made A Surprising R... via @USER,1,Neutral,Positive,0.005310284,0.06356142,0.9311284,0.9311284,False
"@USER @USER @USER Still waiting on Clinton, Obama, dems to visit LA and other areas of distress.",1,Neutral,Negative,0.925019,0.07248326,0.0024977762,0.925019,False
@USER what biological differences? Do white Democrats and white supremacists have the same biological DNA?,1,Neutral,Negative,0.93400383,0.06464997,0.0013461524,0.93400383,False
We love our green vehicles (@USER Model S and @USER Mirai) but sometimes lack of infrastructure makes the V8-pow…,1,Neutral,Positive,0.009351183,0.026955659,0.9636932,0.9636932,False
The real reason behind Saakashvili's resignation,1,Neutral,Negative,0.8600059,0.13772085,0.0022731528,0.8600059,False
. @USER is going to be on @USER tomorrow. #GilmoreGirlsTop4,2,Positive,Neutral,0.00081050384,0.91967946,0.079510026,0.91967946,False
02/12/2015 #False #Flag Weekly News #falseflag #hebdo #ISIS #war #israel #palestine #mossad,1,Neutral,Negative,0.98792356,0.011290024,0.00078641076,0.98792356,False
#Hamas welcomes Erdogan's readiness to intermediate prisoner exchange deal,1,Neutral,Positive,0.015179769,0.41107425,0.57374597,0.57374597,False
I'm just dying to get on board with Thanksgiving 😭🦃🙌🏻,1,Neutral,Positive,0.002745155,0.0024137113,0.99484116,0.99484116,False
Wry and wide ranging talk on consumer #robots by the ever entertaining @USER,1,Neutral,Positive,0.0014904784,0.033121977,0.9653876,0.9653876,False
‘Kim Fatty the Third’,0,Negative,Neutral,0.0021472948,0.98466325,0.0131895,0.98466325,False
"Trump ""I'll wait and see"" - #Dems/#Liberals claim ""Attack on peaceful transition of power!!""Hillary recount: ""It's her devine right!!""",0,Negative,Neutral,0.3213103,0.66424984,0.014439815,0.66424984,False
@USER *Little bunny dude*We don't need Fossil fuels in a long term energy strategy for the united states *end little bunny dude*,1,Neutral,Negative,0.8607115,0.13481154,0.0044769445,0.8607115,False
sakit cen wong iki #ABCGO — watching David Blaine: Beyond Magic,2,Positive,Neutral,0.00077628886,0.96880084,0.030422846,0.96880084,False
"The Styx Pride have been moving between our dam and then to the East quite regularly. The cubs are more mobile,...",2,Positive,Neutral,0.0012163455,0.9645224,0.034261167,0.9645224,False
@USER @USER @USER Senator Warren please get out to #StandingRock and make sttmnt. #NoDAPL is #Bernie alone??,0,Negative,Neutral,0.014438326,0.9094886,0.07607311,0.9094886,False
Ashley Graham Puts Kim Kardashian's Booty To Shame #cr7 #pornhub,1,Neutral,Negative,0.9686696,0.029653395,0.0016770014,0.9686696,False
When @USER Actually Thinks You Gave Away Your Social Security Number: The Experience,1,Neutral,Negative,0.6876748,0.30557984,0.0067454115,0.6876748,False
#NationalFastFoodDay ? Samosas r gr8. Ever tried #chicken and #cheese?[URL] @USER,2,Positive,Neutral,0.00091906486,0.9660415,0.033039354,0.9660415,False
"Do a side by side comparison of ""hot Nazi"" Richard Spencer and ""hot felon"" Jeremy Meeks and tell me the bar isn't l…",1,Neutral,Negative,0.9882386,0.010951961,0.00080939656,0.9882386,False
#vidéo #Google lance enfin Google Earth #VR 😮🌎! via @USER,1,Neutral,Positive,0.0014119878,0.064200215,0.93438786,0.93438786,False
Peter Thiel insider picked to oversee Trump's Defense Department transition Drone strikes against pesky journalists?,0,Negative,Neutral,0.13434902,0.8581577,0.0074932757,0.8581577,False
Bob Dylan — Tombstone Blues #WNRNradio,2,Positive,Neutral,0.0007105425,0.9374418,0.061847664,0.9374418,False
"@USER President Obama says a lot of things. Thank GOD that's coming to an end, I know Obama Admin have been harassing you too",0,Negative,Neutral,0.40242434,0.4039915,0.19358413,0.4039915,False
"Have you watched the trailer of #BeautyAndTheBeast yet?If you didn't, watch it right now.@USER",2,Positive,Neutral,0.001215033,0.85439557,0.1443894,0.85439557,False
@USER COMEY COUP.,0,Negative,Neutral,0.012733752,0.9738529,0.013413393,0.9738529,False
2MB blocks mirror minimum wage problem: 1-time increase kicks the can down the road vs indexing to market#bitcoin,1,Neutral,Negative,0.62832963,0.36502868,0.0066416245,0.62832963,False
@USER +he signed NAFTA the parent of TPP and signed to cut regs on Wallst by stripping Glass-Steagall=neither T or C's good choices,1,Neutral,Negative,0.9686621,0.029720938,0.0016170068,0.9686621,False
I'm watching this Michael Moore comedy skit on Showtime that was done BEFORE an election. Damn if he wasn't right. LOL!,2,Positive,Neutral,0.2987816,0.5493752,0.15184331,0.5493752,False
@USER is it foggy? Foggy and cold in Tipp all week...,0,Negative,Neutral,0.010181231,0.9829358,0.006882957,0.9829358,False
@USER @USER @USER @USER @USER @USER Firecrackers will get you the death penalty in CA!,1,Neutral,Negative,0.9911322,0.007402004,0.0014658519,0.9911322,False
@USER DOJ & DHS shld obtain voter registration lists. Then DOJ shld prosecute non-citizens who voted.,1,Neutral,Negative,0.97613573,0.022845782,0.0010184229,0.97613573,False
"@USER Trump won because of voter suppression and lost the popular vote, but thanks for playing.",1,Neutral,Negative,0.65783155,0.32120782,0.02096066,0.65783155,False
Ukraine tweeter is sarcastic after the EU's Juncker said Poroshenko is to cancel wood export ban. Futuristic pic of…,0,Negative,Neutral,0.30295926,0.6829756,0.014065129,0.6829756,False
Kim Jong Un from korea 🤘🏽,1,Neutral,Positive,0.008867138,0.1860258,0.805107,0.805107,False
Dominate your energy. Discover how: @USER #DYM @USER #NBAwards,1,Neutral,Positive,0.0020679971,0.4485872,0.5493448,0.5493448,False
Am I the only one that thinks #Trump is playing w/ #Romney to get back at him for his criticism? Smh. #UniteBlue #libcrib,0,Negative,Neutral,0.15398791,0.83451724,0.011494869,0.83451724,False
"@USER @USER guys, guys take it easy the Cubs are just gonna go back to back World Series anyways",1,Neutral,Positive,0.0023949458,0.1433157,0.85428935,0.85428935,False
@USER the usa will become like cuba- old cars and no technology. It will be a self imposed embargo,1,Neutral,Negative,0.9910562,0.008017861,0.0009258778,0.9910562,False
The United Nations Building from the Hudson.#un #unitednations #nyc #esterbauerhoneymoon @USER,2,Positive,Neutral,0.0013434832,0.9867468,0.011909773,0.9867468,False
Your wildest #dreams are on the other side of your biggest #fears[URL] #DominatingYourMind #DYM…,2,Positive,Neutral,0.019396437,0.93077195,0.049831584,0.93077195,False
"The #SupremeCourt is ensuring the legality of the process, not #Brexit per se. We should actually be grateful for that.",1,Neutral,Positive,0.0034720912,0.02740282,0.9691251,0.9691251,False
@USER I think you forgot to follow your own advice. IMO. @USER,1,Neutral,Negative,0.9886091,0.0102104535,0.001180478,0.9886091,False
We're watching closely exactly who works to normalize this creepy fringe. @USER @USER @USER @USER,1,Neutral,Negative,0.9521679,0.046457585,0.0013744417,0.9521679,False
De Mistura is still thinking if he accompanies fmr Nusra out of Eastern Aleppo Russia and Regime would stop bombing…,1,Neutral,Negative,0.90774083,0.08936365,0.002895473,0.90774083,False
Aiya won't see this face for awhile and obsess over Melania's speech together !1!1!!,0,Negative,Neutral,0.17474556,0.6932685,0.13198604,0.6932685,False
"If you don't like Gay marriage, don't marry someone the same sex as you. Problem solved. #Atheism",1,Neutral,Negative,0.9718792,0.026167989,0.0019529298,0.9718792,False
@USER there is no point if the PM himself resigns when he shouldn’t.I am now counting on homeopathy & lack of vaccination.,1,Neutral,Negative,0.96052164,0.03779388,0.0016844734,0.96052164,False
Why does Russian think tank so concerned with UA household income and not with Russian? >>>>> #KremlinTrolls…,1,Neutral,Negative,0.9808069,0.018398426,0.00079477107,0.9808069,False
"Alt-Right Conference Attendees Openly Use Nazi Salute, Language During Conference",1,Neutral,Negative,0.99253947,0.006592009,0.0008685778,0.99253947,False
Find sustainable treasures at GLC. #OnAFullMoonI #ThisIsUs,1,Neutral,Positive,0.0007731899,0.07063187,0.92859495,0.92859495,False
"When the person you're sitting next to in #FantasticBeasts says ""aw a didnae know it was set in New York"" 😳🔫",1,Neutral,Positive,0.021636993,0.24002428,0.73833877,0.73833877,False
Microsoft joins The Linux Foundation in coup for open source community - RCR Wireless News,1,Neutral,Positive,0.0010445404,0.36612818,0.6328273,0.6328273,False
"“Ultimately, it’s about the team.” @USER shares what we can learn about #leadership from Tony Romo:",2,Positive,Neutral,0.002678105,0.9196567,0.07766526,0.9196567,False
"@USER @USER I'd also rather not use fossil fuels, cause, you know, they'll eventually run out.",1,Neutral,Negative,0.9730541,0.024935815,0.002010094,0.9730541,False
"When all the nut jobs w guns start in, maybe it will be Trump's presidency that gets the US gun control...",1,Neutral,Negative,0.9892513,0.009280517,0.0014681921,0.9892513,False
She secretly loved the satisfaction of rejecting him. She wondered if that made her a mean woman.[URL] #writeyourpassion,1,Neutral,Positive,0.1340061,0.18224725,0.6837466,0.6837466,False
"Someone uploaded Bob Dylan / Tom Petty - Hard to Handle on YouTube. Waited forever to see this. Underwhelmed but interested, weird times.",1,Neutral,Positive,0.008059649,0.04854787,0.94339246,0.94339246,False
"@USER A man who gave NZ gay marriage, a price on carbon and wanted a new flag without your precious Union Jack. A real leader.",1,Neutral,Positive,0.008473717,0.06959126,0.9219351,0.9219351,False
BIOMETRIC VOTER REGISTRATION AND VOTER IDENTIFICATION SYSTEM FOR MIDTERM ELECTIONS*THE BEST OF TECH SEPERATE SYSTEM…,1,Neutral,Positive,0.0077797445,0.031982265,0.9602379,0.9602379,False
Up North for thanksgiving🦃,1,Neutral,Positive,0.0012725062,0.024432689,0.9742948,0.9742948,False
@USER why is my #Yemen post not showing up in #Yemen news feed?,1,Neutral,Negative,0.98598796,0.013280539,0.00073158863,0.98598796,False
Glory was built for a gospel singer to chew up and spit out. Cite: Yolanda Adams 2016 #LoveAndHappiness #ThankYouObama,2,Positive,Neutral,0.31620935,0.5057439,0.17804673,0.5057439,False
Now to wait for persona 5 😩😩😩😩,1,Neutral,Positive,0.013804052,0.105175756,0.8810202,0.8810202,False
"@USER please, Mr. Trump, find a spot in your cabinet for the fantastic Trey Gowdy!",1,Neutral,Positive,0.006310681,0.37600693,0.61768234,0.61768234,False
😑Ellison swings at Trump in Thanksgiving tweets | TheHill,2,Positive,Neutral,0.021318197,0.97009313,0.008588608,0.97009313,False
"@USER @USER @USER The more citizens who speak out/protest, harder it will be for Trump to suppress dissent",1,Neutral,Negative,0.95869315,0.03971956,0.0015872603,0.95869315,False
"@USER Not yet. I have a few books on how to do that, but lately, I've used 3D printing instead. Will use wires if I use clay again.",2,Positive,Neutral,0.05216116,0.92045015,0.027388673,0.92045015,False
@USER @USER don't forget drone strikes 😳,1,Neutral,Negative,0.88819903,0.08951733,0.022283636,0.88819903,False
#AshleyGraham #dumped for her being as #fat as her #mother[URL],1,Neutral,Negative,0.9876249,0.01131168,0.0010634384,0.9876249,False
"#Turkey #Yemen EU should not freeze accession talks with Turkey, Germany says",0,Negative,Neutral,0.0077082473,0.9806435,0.011648162,0.9806435,False
NBA: Jazz get a 108-83 win over the Nuggets. Hayward added 22 Points/7 Assists. @USER @USER @USER #NBA #TakeNote,2,Positive,Neutral,0.0010628536,0.83199495,0.16694224,0.83199495,False
COTUS framers were classic conservatives who were leery about pure democracy. EC was to be safeguard against someon…,1,Neutral,Negative,0.5879609,0.4019981,0.0100410115,0.5879609,False
I have just bought Cristiano Ronaldo in #dreamleaguesoccer,1,Neutral,Positive,0.001383549,0.08359449,0.9150219,0.9150219,False
#Muslims - The Principal Victims of #Wahhabism #HeartofAsia #Pakistan #Quran #Westworld #ISIS #Daesh #Iraq #Syria,1,Neutral,Negative,0.9926402,0.0066799046,0.00067977107,0.9926402,False
"people didn't necessarily become ""less sick"" by having Medicaid... but there's a lot to unpack there & access to cost shielding is 1st step",0,Negative,Neutral,0.2249332,0.7505469,0.024519958,0.7505469,False
"Retweeted Lost In History (@USER):Muhammad Ali hugs Pelé at his goodbye match. He said: ""My friend....",2,Positive,Neutral,0.004143948,0.8811292,0.11472679,0.8811292,False
#VR Digest Issue 95: Black Friday deals on HTC Vive and Oculus Rift; chimp tries out VR; Google launches Earth VR!,1,Neutral,Positive,0.000836425,0.19429262,0.80487096,0.80487096,False
"Kate Upton & Justin Verlander: To Hell with Cy Young, It’s Vatican Time! | TMZ TV",0,Negative,Neutral,0.030474566,0.9521942,0.017331172,0.9521942,False
Why did I just watch Michael Moore defending #blacklivesmatter,0,Negative,Neutral,0.11172677,0.8745851,0.01368827,0.8745851,False
Do the @USER ever sell out their games?? #ramdomthought,1,Neutral,Negative,0.5738848,0.42170373,0.00441148,0.5738848,False
How to Have Glowing #skins #skinnydip #skintight #BeautyAndTheBeast…,1,Neutral,Positive,0.0014437889,0.12018119,0.87837505,0.87837505,False
@USER @USER @USER @USER I can't wait for fracking in nys finally have energy independence,1,Neutral,Positive,0.0077852225,0.018487742,0.97372705,0.97372705,False
"#French terror suspects took orders from #ISIS, prosecutor says",1,Neutral,Negative,0.9583036,0.04056442,0.0011319645,0.9583036,False
"More Pseudo Science ""Vaccines Do Not Cause Autism"" Study... - Autism Raw Data #causesmatter #vaxxed",1,Neutral,Negative,0.829355,0.16590782,0.004737213,0.829355,False
"""So what do you want for Christmas?""""I dunno, minimum wage would be nice.""#GermanBoss",2,Positive,Neutral,0.02789601,0.5692819,0.40282217,0.5692819,False
Remy most def started the shit with truffle butter remix and all the way up remix ...... nicki just released TPP fr…,0,Negative,Neutral,0.01762006,0.94695663,0.035423268,0.94695663,False
When Grandpa isn't interested in your #mannequinchallenge on #ThanksgivingDay,1,Neutral,Negative,0.98679453,0.012157114,0.0010483831,0.98679453,False
"@USER @USER Check Putin's latest stance on religion.& Obama is great. Putin is a short, little punk.",1,Neutral,Negative,0.982272,0.015898533,0.001829443,0.982272,False
"soothing my thanksgiving coma the only way I know how: @USER leftovers, and coffee ☕️",1,Neutral,Positive,0.0025952007,0.022553334,0.9748515,0.9748515,False
"Chicago Cubs ""WIN"" LASER FRAME Chrome Metal License Plate Cover Tag Baseball",1,Neutral,Positive,0.0012091601,0.11231142,0.88647944,0.88647944,False
Hopefully Venezuelans free themselves of Maduro now that Fidel is dead so they can eat and live with dignity,0,Negative,Neutral,0.07094904,0.6628831,0.26616788,0.6628831,False
New National Minimum Wage Increases -,2,Positive,Neutral,0.0024304804,0.96406376,0.033505797,0.96406376,False
Microsoft joins the Linux Foundation! Shocking but true! Read what this means for both companies:,1,Neutral,Positive,0.0023155916,0.0183941,0.97929037,0.97929037,False
Love it - #Chicago #cop guns down #BlackLivesMatter thug in #Chicago: #LOL #NAACP #BlueLivesMatter #BlackTwitter,1,Neutral,Positive,0.018636558,0.065151095,0.9162123,0.9162123,False
it seem like everyone and they momma did the thanksgiving mannequin challenge but I think ours takes the cake…,1,Neutral,Positive,0.0029218527,0.35910553,0.6379726,0.6379726,False
"Activists can’t help making a spectacle, even after total failure in Ohio #fracking fight",0,Negative,Positive,0.02341608,0.10521463,0.8713693,0.8713693,False
"I really like Niang but the day he scores over 10 goals mid season, he's unleashing the Cristiano Ronaldo ego.",1,Neutral,Positive,0.055630643,0.37530917,0.5690602,0.5690602,False
@USER I think you should pick Rudy over Mitt but I trust your judgement. #PresidentTrump #MAGA #DrainTheSwamp,2,Positive,Neutral,0.031400096,0.9279641,0.0406358,0.9279641,False
@USER What's up my man?! How are you?🙄,2,Positive,Neutral,0.0030088047,0.95082253,0.046168666,0.95082253,False
this targeted ad received while reading about drone strikes: a play in one act,1,Neutral,Negative,0.94739,0.05129162,0.00131828,0.94739,False
"#Syria: Since months, Regime+#Hezbollah ending all ceasefire agreements on besieged areas and providing 2 choices (fight or move to #Idlib).",1,Neutral,Negative,0.9316979,0.06695437,0.0013478448,0.9316979,False
@USER If she thinks that MA voters will forget her lapse she is sadly mistaken. @USER @USER @USER,1,Neutral,Negative,0.98601556,0.012943309,0.0010411603,0.98601556,False
#Westworld S01 is nothing less than a MASTERPIECE. Phenomenal finale. And im gonna stay away from all the theories.,2,Positive,Negative,0.76145244,0.17993753,0.058610007,0.76145244,False
Chinese officials are 'licking their lips' at Trump's decision to kill the TPP,1,Neutral,Negative,0.55142856,0.4366975,0.011873948,0.55142856,False
"#Hezbollah soldier hands were blown off by an IED in February, walked from #Najaf to #Karbala in #ArbaeenWalk",1,Neutral,Negative,0.9895237,0.0096806865,0.00079567987,0.9895237,False
Cheek little @USER #ScreamQueens order completed! @USER #LydiaDeetz #MorticiaAddams,1,Neutral,Positive,0.0016818506,0.03448573,0.9638325,0.9638325,False
Mahan Air W5142 on its way to stoke sectarian conflict in Syria with more weapons' supplies for #Assad & #Hezbollah,1,Neutral,Negative,0.9898335,0.009429006,0.0007375415,0.9898335,False
"2016: YEAR OF DEATHIt continues..Jimmy Perry (86)Leonard Cohen (82)And now.. Fidel Castro (99)Dear God, when will it end..",0,Negative,Neutral,0.25351578,0.71475214,0.031732,0.71475214,False
"@USER @USER @USER Khaki is not a good colour on me, mind you Kim Jong Un looks great in it",1,Neutral,Negative,0.8287376,0.16094585,0.010316554,0.8287376,False
@USER @USER Standing against what? Steve Bannon has the job. Nothing this congressman can do to stop it,1,Neutral,Negative,0.92875564,0.06858745,0.0026570165,0.92875564,False
EPA Hits ND Fracking Company With $2 Million Fine for Polluting Reservation Land,1,Neutral,Negative,0.98739374,0.011675255,0.0009308826,0.98739374,False
i am so blessedben_verlander's photo,1,Neutral,Positive,0.0023391857,0.0018719893,0.9957889,0.9957889,False
DON’T MISS: Ashley Graham takes to the cover of British Vogue:,1,Neutral,Positive,0.0010775471,0.13847728,0.86044514,0.86044514,False
@USER @USER The most hardcore Alt-Rightists in the US (a few thousand) are SJWs compared to what UKR boasts in abundance.,1,Neutral,Negative,0.9908325,0.008198067,0.0009693602,0.9908325,False
Taylor Swift and Todrick Hall Celebrate Thanksgiving With an Epic Mannequin Challenge via @USER,1,Neutral,Positive,0.0006897756,0.18230651,0.8170037,0.8170037,False
"@USER Make sure your human companion gets their vaccines and other medicals, or else they will sick you and you will death@USER",1,Neutral,Negative,0.9765817,0.021533437,0.0018848669,0.9765817,False
See how Uber drivers use weteak's software to track income and manage expenses!,2,Positive,Neutral,0.0032832325,0.9546222,0.042094555,0.9546222,False
Israel gov free healh care -approves free state-subsidized pregnancy termination for nearly all women @USER,1,Neutral,Negative,0.9424846,0.054952625,0.0025628097,0.9424846,False
Parents Sue #California for Law That Forces Children to Get Vaccinated #Vaccines,1,Neutral,Negative,0.9749884,0.024158018,0.00085359067,0.9749884,False
"@USER evidence increases everyday, population rejects hard brexit#Richmond not a oneoff#economic evidence mounting#NOBREXIT",1,Neutral,Negative,0.86833656,0.1260945,0.005568988,0.86833656,False
Microsoft is extending it's reach and joining the Linux Foundation. Read about it here!,1,Neutral,Positive,0.0009951125,0.068625145,0.93037975,0.93037975,False
"@USER @USER @USER It's just the beginning Carla, after Buenos Aires he realized that he could use office for gain.",1,Neutral,Negative,0.9676821,0.030265607,0.0020522778,0.9676821,False
"Kate Upton is engaged to Justin Verlander, flashes her new ring... #kateupton",1,Neutral,Positive,0.0029052973,0.17048268,0.82661206,0.82661206,False
The latest shiny new toy in the #VirtualReality world: Google Earth #VR!,1,Neutral,Positive,0.0024747625,0.017731313,0.97979397,0.97979397,False
"@USER WRONG! Obama & Lynch DOJ protected Hillary; told Comey FBI not to Indict her! His hands tied, did the best he could.",0,Negative,Neutral,0.37137336,0.57926977,0.049356777,0.57926977,False
TeslaMotors: .MensJournal pushed Model S P100D to its limits. Their verdict: 🚀 #teslasharing,2,Positive,Neutral,0.014963834,0.7434945,0.24154158,0.7434945,False
"George Soros&other big-money liberals funding H.s losing pres. bid began meeting in Wash. how to use their cash to fight Trump, POLITICO",0,Negative,Neutral,0.16413426,0.82803833,0.007827364,0.82803833,False
ok i'm in the last 10 mins or so of Westworld and I HAVE NO IDEA WHAT'S GOING TO HAPPEN,1,Neutral,Negative,0.98837644,0.010401473,0.0012220216,0.98837644,False
Socialist Economic Collapse has Hungry Venezuelans Flee in Boats to Escape #UniteBlue #HillaryClinton #DonaldTrump,1,Neutral,Negative,0.97410506,0.024602717,0.0012922676,0.97410506,False
"""Microsoft joins the Linux Foundation, welcomes Google to .NET community"" #windowsphone #feedly",1,Neutral,Positive,0.0010342577,0.016646251,0.98231953,0.98231953,False
#British firms warned of #ISIS chemical #drone strikes,1,Neutral,Negative,0.98547757,0.013642359,0.000880007,0.98547757,False
IF WE COULD ONLY TURN BACK TIME ... #3YearsofMidnightMemories #MPN #OneDirection #MtvStarsNiallHoran,2,Positive,Neutral,0.027930489,0.9163624,0.055707067,0.9163624,False
#Hezbollah group’s forces had seized a road to the NW of #Mosul linking the city to Syria’s #Raqqah,1,Neutral,Negative,0.9260923,0.07238071,0.0015269998,0.9260923,False
@ satan take nicolas maduro w you too please,0,Negative,Neutral,0.0010630877,0.9481634,0.050773602,0.9481634,False
NANCY PELOSI & HARRY REID HAVE BEEN TWO OF THE BIGGEST BENEFICIARIES AMONG UNTOLD OTHERS FROM BOTH PARTIES! DINO&RI…,1,Neutral,Positive,0.0014638228,0.037923586,0.9606126,0.9606126,False
"If we have found in GOD meaning for our own lives, we cannot be indifferent to those who are sad or suffering. --Pope Francis",1,Neutral,Positive,0.0066076987,0.1857889,0.8076034,0.8076034,False
What's fascinating to me in reading up on all of this craziness is how open racism has never felt more...,0,Negative,Positive,0.11503056,0.4365863,0.44838318,0.44838318,False
Leonard Cohen's Son Shares Tribute to Late Father,2,Positive,Neutral,0.006869458,0.93003,0.06310058,0.93003,False
".@USER More realistic version: TRUMP: Putin is a great guy. POROSHENKO: I totally agree! TRUMP: That was a joke, dumb boy.",2,Positive,Neutral,0.3260455,0.515366,0.1585884,0.515366,False
".@USER takes down a @USER reporter spectacularly. It's Philip Bump, former thug activist.",0,Negative,Positive,0.0070828605,0.1092747,0.8836424,0.8836424,False
@USER @USER oh.......oh no you didn't,1,Neutral,Negative,0.8968392,0.09046493,0.012695846,0.8968392,False
David Blaine vs Criss Angel. Who's better?,1,Neutral,Positive,0.0018977625,0.045828182,0.9522741,0.9522741,False
@USER *teringat ricky martin 😆,2,Positive,Neutral,0.002356554,0.7290492,0.26859418,0.7290492,False
"@USER "" unrivalled selection of local produce sourced from Lancashire, Yorkshire, Cheshire and Cumbria…",1,Neutral,Positive,0.0030563641,0.08925185,0.9076918,0.9076918,False
And you thought you were having a bad day...[URL],1,Neutral,Negative,0.9178906,0.078630954,0.0034783755,0.9178906,False
@USER @USER Waving hello at NPI conferences really pales in comparison to the insidious designs of Leftists.,1,Neutral,Negative,0.9876467,0.0113417385,0.0010116481,0.9876467,False
"My dad is watching a David Blaine special and pauses it after evey single trick to yell ""HOW DOES HE DO THAT??!! HOW!!""",2,Positive,Negative,0.5837171,0.32335323,0.09292968,0.5837171,False
"@USER That's hysterical - when Al Quida call Steve Bannon ""anti semitic"" 😂😂😂",1,Neutral,Negative,0.7605448,0.16177621,0.07767898,0.7605448,False
#UnitedNations save #Aleppo please. Stop #Russia,1,Neutral,Negative,0.91282165,0.084514596,0.0026638766,0.91282165,False
#Westworld: a hot bowl of meh.,0,Negative,Neutral,0.0011789607,0.9370997,0.061721306,0.9370997,False
The 10 Best Quotes at the National Book Award Ceremony- #NBAwards via @USER @USER,1,Neutral,Positive,0.0008481025,0.099179104,0.8999728,0.8999728,False
This is how i celebrated #NationalFastFoodDay ...I'm not ashamed...it was a holiday..[URL],1,Neutral,Positive,0.0011273959,0.0055536977,0.9933189,0.9933189,False
Tesla Model S Hack: #Security firm uses #Android hack to unlock & steal car via @USER #CarIT #Cybercrime,1,Neutral,Negative,0.84641486,0.14984016,0.0037448804,0.84641486,False
#4WordBargainBad hombres' honed bras#jokes #comedy #humor,2,Positive,Neutral,0.045843266,0.91971767,0.034438953,0.91971767,False
"Trump's top pick for National Security Adviser, Lt. Gen. Michael Flynn @USER has literally been paid by Putin'…",1,Neutral,Negative,0.9834367,0.0154908225,0.0010724057,0.9834367,False
.@USER front page | Swear oath to live in Britain (@USER @USER & Ian Drury)…,0,Negative,Neutral,0.10674903,0.88581485,0.007436175,0.88581485,False
#NBAwards Winner @USER talks to @USER about STAMPED FROM THE BEGINNING. @USER,1,Neutral,Positive,0.0017561218,0.39226994,0.6059739,0.6059739,False
"Saakashvili Founds New Party, Begins Struggle for Power in Kiev – Nolan Peterson",0,Negative,Neutral,0.004287817,0.98593706,0.009775034,0.98593706,False
"@USER @USER well I'm educated,was a Dem,campaigned 4H in 2008, voted Obama twice. Don't want mass immigration or sharia!",1,Neutral,Negative,0.6147133,0.34065616,0.04463055,0.6147133,False
You follow one Pope Francis account and Twitter goes bananas.,1,Neutral,Positive,0.017909443,0.18254334,0.7995472,0.7995472,False
"Wow, @USER you really don't know me at all do you? #Immigration",1,Neutral,Negative,0.5532164,0.4043987,0.04238483,0.5532164,False
Hey #ISIS - pretty hard to beat us at our #BlackFriday pricing !!! We blow up when it comes to decadent capitalism !!! #TrumpsBlackFriday,1,Neutral,Negative,0.91957784,0.06930642,0.01111566,0.91957784,False
We bring #Palestine to new futureAgroup of youth #Palestinian from refugees camp in GazaAre you interested to kno…,1,Neutral,Positive,0.00092468003,0.2952112,0.70386416,0.70386416,False
"@USER I wish you'd stayed in the PC race; save the party from basket of deplorables. I may vote liberal, for the first time ever.",1,Neutral,Negative,0.624705,0.33179754,0.043497432,0.624705,False
@USER - Hillary would have been the same. Carry on the drone strikes started by Obama. Don't kind yourself. Trump also.,1,Neutral,Negative,0.990182,0.008856266,0.0009618269,0.990182,False
"I tried HTC vive VR headset and google earth VR, then painted using Tilt Brush. Holy Cow! I didn't want to get out of that world!",2,Positive,Negative,0.85981095,0.10860584,0.031583194,0.85981095,False
@USER So you are a Tory too then? I never thought we would be in agreement on that. #WellINever #Brexit,1,Neutral,Negative,0.94788694,0.050208498,0.0019045192,0.94788694,False
@USER @USER that's a lot of conservatives,0,Negative,Neutral,0.019470168,0.9627556,0.0177742,0.9627556,False
Waking up beside UI'm a loaded gun I can't contain this anymoreI'm all yours I got no control No control:),1,Neutral,Negative,0.9882532,0.008803837,0.0029429668,0.9882532,False
Homeopathy and chiropractor is out for the dentists office.,0,Negative,Neutral,0.0024350458,0.9850093,0.012555568,0.9850093,False
"@USER People's Republic of China, is a state governed by the Communist Party of China. We trade with them but Embargo Cuba???",0,Negative,Neutral,0.024760723,0.96839976,0.006839493,0.96839976,False
@USER @USER he's always been a weird gold standard/bitcoin guy but in 2008 he was all for Obama,0,Negative,Neutral,0.25683144,0.66760516,0.07556342,0.66760516,False
"@USER When will Melania do her ""I have a dream"" speech? I'm looking forward to it :)",1,Neutral,Positive,0.0015987722,0.011983766,0.98641753,0.98641753,False
@USER creativity doesn't exist which is why the same movies/tv shows keep getting made. Wait til Zac Efron plays John McClain.,1,Neutral,Negative,0.61262345,0.3674036,0.019972933,0.61262345,False
"Good Food's most popular recipes 2016: Best chicken recipes, vegetarian… #Recipe #GoodFood…",1,Neutral,Positive,0.0013477863,0.0024180927,0.9962341,0.9962341,False
Harry Drag Me Down High Note <3#MPN #OneDirection,2,Positive,Neutral,0.0009442727,0.96216947,0.03688623,0.96216947,False
"If you thought #SocialMedia was hard, #IoT / #realtime era will kill off old school top-down #marketers. All of them💥🔫#TheWalkingDead",1,Neutral,Positive,0.025163613,0.09045768,0.88437873,0.88437873,False
Just passed a Tesla Model S in Fort Wayne 👅😅,1,Neutral,Positive,0.0015093029,0.041120455,0.9573702,0.9573702,False
"#Humanrightswatch:Popular Mobilization Forces #PMF Detain, Beat Villagers near #Mosul#Mosuloffensive #MosulOp…",1,Neutral,Negative,0.67039865,0.32673118,0.0028701539,0.67039865,False
@USER @USER Bit disingenuous all around considering O endorsed fracking for his Wall St buddies. But then Ryan is 2 faced.,1,Neutral,Negative,0.9847445,0.014263032,0.0009923623,0.9847445,False
Cinema tonight to watch @USER 😄😄 in the mean time reading a book about free software licensing…,2,Positive,Neutral,0.011443623,0.5360591,0.4524973,0.5360591,False
I hear this is the last of #westworld for a while. I'm going to miss the #themesong the most. It's quiet inspirational.,2,Positive,Neutral,0.11489377,0.70904654,0.17605971,0.70904654,False
Putin called the government of Saakashvili an insult to the citizens of Odessa #news #Russia,1,Neutral,Negative,0.9910613,0.008253812,0.00068494136,0.9910613,False
"@USER That's definitely the frame being asserted by Marine Le Pen, in any case.",0,Negative,Neutral,0.017583277,0.96650964,0.015907051,0.96650964,False
"So, if that were Grayson Allen on the floor he would've tripped someone lol!",2,Positive,Neutral,0.084281825,0.8217306,0.09398759,0.8217306,False
@USER fastest growth rate of vegetarianism in Europe is in Germany (I'm going to assume veganism also),1,Neutral,Positive,0.002109176,0.11121119,0.8866796,0.8866796,False
President Elect? More like President Erect! A wall! On the Mexican American border!,0,Negative,Neutral,0.034624957,0.87369496,0.09168007,0.87369496,False
I'm really looking forward to FFXV but I haven't actually finished Persona 5 yet...,2,Positive,Neutral,0.12259859,0.463273,0.41412845,0.463273,False
@USER @USER @USER @USER We need a Congressional White Caucus and a Posterity Commission N…,1,Neutral,Negative,0.98382944,0.014849679,0.0013207968,0.98382944,False
"To get the WH for DT main members of his campaign & DT himself engaged in unseen, preCivilWar-like voter suppression",1,Neutral,Negative,0.98847824,0.010627375,0.00089440827,0.98847824,False
@USER @USER Sean if you really believe this please... gimme all your vaccines back,1,Neutral,Negative,0.94833565,0.046416704,0.0052477308,0.94833565,False
"@USER like abortion, gay marriage, and obamacare? @USER",0,Negative,Neutral,0.0058707823,0.98335624,0.010773006,0.98335624,False
"As Wildfires Rage, Israel Suggests Arson and Asks for Foreign Help[URL] #tcot #uniteblue #IsraelUnderAttack #IsraelNews",1,Neutral,Negative,0.98763347,0.011617489,0.0007489749,0.98763347,False
"@USER I must say your book nearly made me cry, because i paid money for it, haa haa just kiddin. What you want to be when grow up?",1,Neutral,Positive,0.0326073,0.12951891,0.83787376,0.83787376,False
@USER im like 🤔 so maduro is next? Lok,1,Neutral,Positive,0.009317921,0.105315566,0.88536656,0.88536656,False
bot that blocks absolutely everyone on Twitter. by training. grandpa by inclination. I like giant robots.,1,Neutral,Positive,0.08182576,0.4141855,0.5039888,0.5039888,False
"@USER @USER and she does now, more than mike ""conversion therapy"" pence. Keep deflecting your bad candidate though",0,Negative,Neutral,0.3588959,0.6079092,0.033194877,0.6079092,False
@USER @USER I believe Medicare is fine as it stands. But would have to read the facts about privatizing this program.,2,Positive,Neutral,0.037805583,0.87920946,0.082984924,0.87920946,False
My interaction with @USER Secretary General Ban Ki-moon at New York University! #un #UnitedNations #nyu #NewYork,2,Positive,Neutral,0.0008912915,0.9759444,0.023164302,0.9759444,False
"@USER @USER Steve Bannon won't count lol. Also, I am gonna need a definition of alt-right, because I have no idea what it is",1,Neutral,Negative,0.9102448,0.08690814,0.0028469658,0.9102448,False
Why does this horse have the same look of fear in its eye when next to Marine Le Pen as Romney did when next to Tru…,1,Neutral,Negative,0.9703845,0.028623285,0.0009921896,0.9703845,False
POPE FRANCIS has declared himself God. via @USER,1,Neutral,Positive,0.0014468685,0.016294971,0.9822581,0.9822581,False
@USER Pointless committee. No one needs rights. Just Kim Jong-un.,1,Neutral,Negative,0.9815283,0.0172274,0.001244232,0.9815283,False
I had a dream about #Richonne last night 😊 | #Michonne #RickGrimes #OTP #TWD #TheWalkingDead,2,Positive,Neutral,0.0055749626,0.7646066,0.22981848,0.7646066,False
"today, i'm pretty sure doctors who got Cs in medical school just became the doctors who hand out medical marijuana recs in california",0,Negative,Neutral,0.19239955,0.7908929,0.016707545,0.7908929,False
david blaine has my mind in a pretzel,2,Positive,Neutral,0.03031389,0.88763756,0.08204856,0.88763756,False
@USER what about the clear lies about financial armageddon from a brexit vote?,1,Neutral,Negative,0.99035925,0.008772586,0.0008681999,0.99035925,False
The latest Medical Cannabis Grow News! Thanks to @USER @USER @USER #marijuana #cannabis,1,Neutral,Positive,0.0006514593,0.016721983,0.98262656,0.98262656,False
@USER pls put pressure on Rep for cross checking..voter suppression voter fraud and support Jill Stein's RECOUNT...she needs it,0,Negative,Neutral,0.26515856,0.70002973,0.034811735,0.70002973,False
UK votes LeaveCubs win World SeriesTrump wins electionThe Last Guardian comes outCould Half Life 3 be next?,1,Neutral,Positive,0.003077592,0.46536502,0.5315574,0.5315574,False
"@USER Check out Kobach voter suppression activities ""CROSSCHECKING"" that purged 1.1M votes in swing states.",1,Neutral,Negative,0.98700106,0.012132618,0.0008663508,0.98700106,False
@USER @USER Pretty funny. Maybe nuclear hay wagons are next? :))),0,Negative,Positive,0.0017334986,0.0053888075,0.99287766,0.99287766,False
"@USER even WWII veteran gramps didn't give a damn about gay marriage, if it didn't affect him, it was fine",1,Neutral,Negative,0.9181772,0.0776807,0.004142126,0.9181772,False
Hell freezes over as Microsoft joins the Linux Foundation - ExtremeTech via @USER,1,Neutral,Positive,0.02622826,0.44466886,0.52910286,0.52910286,False
".@USER @USER ""Grab them by the Medicare. Grab them by the overtime. Grab them by the Social Security"". We'll see if it's funny.",0,Negative,Neutral,0.1223506,0.8388504,0.038799033,0.8388504,False
"No conflict of interest here, of course.",2,Positive,Neutral,0.025343586,0.91727096,0.057385422,0.91727096,False
"A pretty well-rounded article; Kim Jong-un is only interested in longevity, as i wrote here:",1,Neutral,Positive,0.004409661,0.23491356,0.76067674,0.76067674,False
Watch @USER accept the #NBAwards for Young People's Literatuer on @USER,2,Positive,Neutral,0.00094356475,0.956785,0.04227133,0.956785,False
"Offseason awards, a topic that drives everybody mad. That and more in @USER latest Wind Up:[URL]",1,Neutral,Positive,0.19167261,0.2507535,0.55757385,0.55757385,False
We must raise the minimum wage. Now is not among them.,1,Neutral,Negative,0.5877341,0.3574268,0.054839127,0.5877341,False
"Congratulations on winning Michigan, even by a hand vote count and verification! Now #DrainTheSwamp…",1,Neutral,Positive,0.0011339374,0.0052605127,0.9936055,0.9936055,False
"@USER @USER @USER @USER Not all that great of a day, but thanks anyway!",1,Neutral,Positive,0.0032571875,0.004397646,0.99234515,0.99234515,False
"Feeling so emotional tonight b/c I'm thinking about these fires, the plane crash, Aleppo, my kids at work, etc 😭",0,Negative,Neutral,0.42314577,0.4475416,0.12931266,0.4475416,False
.@USER @USER - 30 year-old man who wants to lead the greatest democracy on the planet.,1,Neutral,Positive,0.0011353452,0.005189923,0.99367476,0.99367476,False
my head hurts watching david blaine,0,Negative,Positive,0.23552266,0.38120064,0.3832767,0.3832767,False
I would argue that he is white. Since according to leftists race is a social construct and he was raised by whites,0,Negative,Neutral,0.206477,0.7790241,0.014498928,0.7790241,False
"@USER WE SUPPLY HIGH GRADE MEDICAL MARIJUANA.WEED,,PAIN PILLS..MMJ OIL..MMJ CARD.. HEMP OILS, THC OILS....CBD OIL.. AVAILABLE...",1,Neutral,Positive,0.005160681,0.32888708,0.6659522,0.6659522,False
Last night we were playing Leonard Cohen's Hallelujah on the ukulele (not a praise song). Baka akala ng neighbors lasheng na kame hahaha,2,Positive,Neutral,0.047488812,0.54336107,0.40915012,0.54336107,False
.@USER @USER I think most of us had that figured out but is the money coming thru the Super Pac from George Soros?,0,Negative,Neutral,0.21379282,0.77592605,0.010281154,0.77592605,False
"Man, 2016 has been a heavy hitter! Robert Vaughn, Leonard Cohen, Arnie Palmer, Gene Wilder, John Saunders, Flo Henderson, Ali, etc.. Sigh.",0,Negative,Positive,0.0020884736,0.021015003,0.9768966,0.9768966,False
"@USER @USER if people don’t consider selfs Americans, citizens liberals, democrats, Trump not their Pres.",1,Neutral,Negative,0.6631144,0.32893628,0.00794931,0.6631144,False
@USER your statements are becoming as original as Melania Trump's convention speech,0,Negative,Neutral,0.033332966,0.7759179,0.19074912,0.7759179,False
Palestinians in #Lebanon Say Farewell to Fidel Castro #News,1,Neutral,Positive,0.0017307351,0.17022777,0.82804143,0.82804143,False
"@USER @USER Thank God the popular vote doesn't matter, we'd have a corrupt pay-to-play criminal elected.",1,Neutral,Negative,0.9909161,0.0074607763,0.0016231581,0.9909161,False
I can't wait to go to my nonna's house and be lectured about how wrong my vegetarianism is,1,Neutral,Positive,0.09630065,0.21903454,0.68466485,0.68466485,False
"At the Connect(); developer event this month, #Microsoft announced that it is joining the #LinuxFoundation -",1,Neutral,Positive,0.00066699844,0.0991976,0.90013546,0.90013546,False
"@USER @USER Except on conservative issues (like Marcos burial/presid'l history), id say @USER , Ka Paeng, & leftists in govt",0,Negative,Neutral,0.012346592,0.9788583,0.008795063,0.9788583,False
Here's Clinton giving her support for BLM #BlackLivesMatter #VoteGreen @USER @USER @USER,2,Positive,Neutral,0.070810005,0.7548149,0.1743751,0.7548149,False
@USER named as Middle East #goldstd2016 Communications Consultancy of the Year - read more:…,1,Neutral,Positive,0.00083396153,0.22170112,0.77746487,0.77746487,False
"ya know, it's funny how people like to say that Melania plagarized Michelle's speech when trump plagarized Reagan's…",0,Negative,Neutral,0.057619497,0.8987655,0.043615066,0.8987655,False
My uncle from Cali just informed me he routinely plays golf with Mike Mccormick aka a former Cy Young winner,2,Positive,Neutral,0.0012655207,0.9550298,0.043704677,0.9550298,False
@USER @USER @USER Ann how many from white supremacists?,1,Neutral,Negative,0.9329575,0.06583851,0.0012040888,0.9329575,False
Black Friday? You mean VOLT GREEN Friday! Join us tonight 730e from SLC! @USER vs @USER on @USER,1,Neutral,Positive,0.0009041851,0.24458063,0.75451523,0.75451523,False
This is what may be happening in the USA if Trump continues down the road his transition seems to be taking,0,Negative,Neutral,0.007393324,0.97776014,0.014846553,0.97776014,False
Export round timber to the #EU impossible until a full investment of timber processing in territory #Ukraine.@USER @USER #EU @USER,1,Neutral,Negative,0.96584344,0.032878622,0.0012778803,0.96584344,False
@USER must sing #BeautyAndTheBeast again !!!!!! @USER @USER @USER,1,Neutral,Positive,0.0014579018,0.0106391385,0.98790294,0.98790294,False
When you finally clean out your bookbag after the election!!! (missing are the 50+ voter registration forms I still…,1,Neutral,Negative,0.8654861,0.11359129,0.020922674,0.8654861,False
im laughing someone tagged katalina with persona 5,2,Positive,Neutral,0.0067980103,0.8912463,0.10195579,0.8912463,False
Cristiano Ronaldo Vs Zlatan Ibrahimovic ● Battle For Best Goals 2015 ||HD||: Best goals…,1,Neutral,Positive,0.0012956524,0.18575916,0.81294525,0.81294525,False
@USER This is what my Guardian angle told me in a dream. This is why abortion must end.,1,Neutral,Negative,0.6328121,0.36059687,0.00659106,0.6328121,False
Breaking: President Elect Trump Stuffs Cabinet Full of CFR War Hawks #ATS,0,Negative,Neutral,0.04172442,0.95091176,0.007363832,0.95091176,False
"WATCH DOGS 2 – FREE ROAM, 3D PRINTING GUNS, DRONES & MORE | Watch Dogs 2 New Free Roam Gameplay",1,Neutral,Positive,0.0008104959,0.4749502,0.52423936,0.52423936,False
Pictures: Andrés Iniesta in his recovery stages. #fcblive,2,Positive,Neutral,0.0015406071,0.9232313,0.07522808,0.9232313,False
"Evil Blogger Lady: Kim ""Fatty The Third"" Jong-Un",1,Neutral,Negative,0.98308253,0.01603199,0.0008854934,0.98308253,False
All of the above. #Iraq #Libya #Syria Mainstream Media = #FakeNews,1,Neutral,Negative,0.9932346,0.0060298904,0.000735476,0.9932346,False
@USER @USER even that carries a responsibility for the LNA to address the issue of human shields. #Libya,1,Neutral,Negative,0.55826616,0.43579367,0.005940134,0.55826616,False
man who couldve guessed this!,1,Neutral,Positive,0.011397336,0.0155559825,0.97304666,0.97304666,False
My dad admitted that 1976 Bob Dylan is actually my dad. He folktimetravelled to 1994 and impregnated my mom,2,Positive,Neutral,0.03821236,0.87111396,0.09067369,0.87111396,False
This explains why Trump spoke so passionately about #Autism and why Melania is platforming on anti-bullying.,2,Positive,Neutral,0.033422906,0.8516772,0.11489993,0.8516772,False
Water Pipe? stop Geo engineering =#chemtrail Fracking #Fracking would be a great start.,2,Positive,Neutral,0.2720664,0.39593077,0.33200285,0.39593077,False
We won't stop! #TrumpTransition #TrumpArmy #NeverRomney #draintheswamp,1,Neutral,Positive,0.010777867,0.22209068,0.76713145,0.76713145,False
"China concedes to North Korean request to censor searches for ""Kim Fatty the Third""",0,Negative,Neutral,0.01461543,0.96572024,0.019664388,0.96572024,False
"In Scotland, Trump Built a Wall. Then He Sent Residents the Bill. #StrongerTogether #StillWithHer #UniteBlue",0,Negative,Neutral,0.018461874,0.90518165,0.0763565,0.90518165,False
#Moscow #SaintPetersburg Mike Flynn to MSNBC Shill Smearing Putin: 'Stop It!' (Video) – Paul Kaiser,1,Neutral,Negative,0.65580434,0.33557186,0.0086237155,0.65580434,False
Haven't tried our app yet? It's time to get your #Uber driver finances in order. Download it free today:,1,Neutral,Positive,0.0017720086,0.13558994,0.86263806,0.86263806,False
@USER the lords of poverty in #Yemen will not accept a peaceful settlement as to stop the starvation among the major…,1,Neutral,Negative,0.99076414,0.008462364,0.0007735411,0.99076414,False
"@USER @USER @USER @USER @USER @USER When he F'd HRC, he F'd us all! Handing us DJT.",0,Negative,Neutral,0.098760284,0.715804,0.18543568,0.715804,False
"For any of you still looking to hit up the Tipp Co mall, it's still fairly busy. No lines, but a good crowd.",1,Neutral,Positive,0.0016014869,0.04210229,0.95629615,0.95629615,False
ha david blaine? more like david plain,0,Negative,Neutral,0.0023345458,0.9661579,0.0315075,0.9661579,False
Anti-Donald Trump Protests and Riots | True News via @USER,1,Neutral,Negative,0.973545,0.025131663,0.0013234295,0.973545,False
"@USER ""W"" wins, Dems protest, ""W"" wins, Dems protest, BOH wins, nothing, BOH wins, nothing, Trump wins, Dems protest. See the pattern?",1,Neutral,Negative,0.65575767,0.33283332,0.011409039,0.65575767,False
Perbandingan antara Messi dan Michael Jordan. #fcblive [Sport]Just enjoy this Data.😀😀,1,Neutral,Positive,0.00095186004,0.015309343,0.9837388,0.9837388,False
"Have they finally buried the ashes of executioner Fidel? Impoverished an entire people, and help them in bondage.…",0,Negative,Neutral,0.27615792,0.6927481,0.031094063,0.6927481,False
"""Last year's success is today's expectation""- Cristiano Ronaldo (@USER)#SportQuotes #MondayMotivation…",1,Neutral,Positive,0.0015612155,0.18144009,0.8169987,0.8169987,False
"morning, sluts. #ScreamQueens",0,Negative,Neutral,0.052120578,0.86186236,0.08601704,0.86186236,False
#ACA is not for OLD people. That's Medicare. .@USER wants to end that program too.,1,Neutral,Negative,0.98612285,0.012848863,0.0010282806,0.98612285,False
Millions of Muslims take part in mass anti #ISIS march,2,Positive,Neutral,0.016708424,0.94461817,0.038673423,0.94461817,False
"Allepo, Syria #ThankYouObama #ThankYouHillary installing #Democracy 70% loading... Please Wait",1,Neutral,Positive,0.030299757,0.45005983,0.5196404,0.5196404,False
"she set the stage for TPP, and made sure all the stars were aligned for it while serving in the state dept.",1,Neutral,Positive,0.0022250458,0.053128723,0.94464624,0.94464624,False
"Bob Dylan sings his 7th biggest hit, Gotta Serve Somebody live on the 1980 Grammy Awards. Intro by Kenny Rogers -",2,Positive,Neutral,0.0011807088,0.8402055,0.15861382,0.8402055,False
#Iraq counter terrorism found #ISIS drone factory in Muharabin district east #Mosul.#الموصل,1,Neutral,Negative,0.8166955,0.17862047,0.0046839872,0.8166955,False
PeterTownsend7: The Qur'an on Gay People #trump #maga #isis #tcot #anythingbutislam #reli…,0,Negative,Neutral,0.0058109174,0.98703057,0.007158567,0.98703057,False
She helped @USER and the DNC steal the #DemocraticNomination from @USER #NancyPelosi Fights,0,Negative,Neutral,0.18162718,0.69513553,0.12323726,0.69513553,False
@USER a common sense thing to do is to read the instructions & gaidelines before writing nonsense opinion. wind blows #OneDirection,0,Negative,Neutral,0.05930973,0.9061114,0.03457892,0.9061114,False
"Ministers have not learned #Libya lessons, say #MPs ""We want to stand with you, @USER told #Libya """,1,Neutral,Negative,0.9761194,0.022815842,0.0010647167,0.9761194,False
Thanksgiving will never be the same after #PilgrimRick #ThisIsUs,1,Neutral,Positive,0.0023813392,0.04243224,0.9551865,0.9551865,False
@USER @USER #Erdogan and #Isis are the same thing!! Nazisti!!,0,Negative,Neutral,0.38799608,0.5474957,0.06450818,0.5474957,False
U2 &#039;Dragonlady&#039; pilots spy on ISIS - #isis,1,Neutral,Negative,0.9509053,0.047670644,0.0014241458,0.9509053,False
I wonder who this marketing is aimed at? Goes for a lot of the Indian #homeopathy advertising on twitter. Domestic…,0,Negative,Neutral,0.06962961,0.92238355,0.0079867635,0.92238355,False
@USER @USER @USER Gun control is counterproductive.,1,Neutral,Negative,0.9748242,0.024186006,0.0009897151,0.9748242,False
"""Fidel Castro's Cuban Takeover"" sounds like a cool movie if you don't know shit about history",0,Negative,Positive,0.01554861,0.12571737,0.85873395,0.85873395,False
"""The rise of a large and concerted fake news industry"", we're playing its mules, mainstream helping petition signers",1,Neutral,Negative,0.99053484,0.008577414,0.0008877098,0.99053484,False
I can't wait till self-driving cars become the norm. I hate driving.,1,Neutral,Negative,0.66272604,0.16564722,0.17162675,0.66272604,False
"@USER @USER abortion has nothing to do with evolution, women were having abortions before evolution was understood.",1,Neutral,Negative,0.9414136,0.05651466,0.0020718367,0.9414136,False
#Hamas urges Lebanon to stop isolation wall construction,1,Neutral,Negative,0.66350645,0.3335811,0.00291243,0.66350645,False
"The US has made-up drug trafficking case against the two nephews of the Venezuelan first lady Cilia Flores, the...",0,Negative,Neutral,0.32136223,0.6733113,0.005326419,0.6733113,False
I want to be the Bob Dylan of Generation meme.,1,Neutral,Positive,0.0016752308,0.08276727,0.9155575,0.9155575,False
Financial sector struggles to find common vision for Brexit,1,Neutral,Negative,0.82835746,0.16827253,0.0033699975,0.82835746,False
Have you ever wanted to see what self-driving cars see? #Tesla provides a demo via @USER #automatedvehicles,1,Neutral,Positive,0.003007512,0.36504656,0.6319459,0.6319459,False
"If he looked any shade of brown skin he would have been. These ""Deplorables"" are really starting to come out ofthe…",0,Negative,Neutral,0.05059018,0.915076,0.034333844,0.915076,False
Cristiano Ronaldo and Lionel Messi ● Great Friends ● 2016 HD: Subscribe to my FIFA channel…,1,Neutral,Positive,0.0007446234,0.011642633,0.9876128,0.9876128,False
Ruddock wants to stay competitive on fossil fuels...but we will be left holding the dirty coal as the world changes without us #TheDrum,1,Neutral,Negative,0.98357993,0.015498732,0.0009214196,0.98357993,False
Time to modernise Medicare???????,1,Neutral,Negative,0.52140623,0.46649492,0.012098797,0.52140623,False
Drain the swamp. #Deplorables,0,Negative,Positive,0.0074692597,0.29831812,0.6942126,0.6942126,False
UNIVERSO NOKIA: Samsung Galaxy Note 7 Smartphone Scanner Iride Spe...,1,Neutral,Positive,0.001436798,0.37833595,0.6202272,0.6202272,False
Because I showed interest in Steve bannon higher decided to show me hit pieces in him.,1,Neutral,Positive,0.007961214,0.39483747,0.5972013,0.5972013,False
"""Hafta 96: #NabhaJailbreak, Congress's Twitter handle hacked and Fidel Castro | Newslaundry""",1,Neutral,Negative,0.887092,0.111237876,0.0016700844,0.887092,False
I must have @USER on my show this morning to talk about his quest for #Hatchimals #gooddaycolumbus,1,Neutral,Positive,0.0027370881,0.373758,0.62350494,0.62350494,False
".@USER And, THIS creature @USER is @USER battering ram! #BOTHLIBSrdisgusting cc @USER AND #NEVERROMNEY",0,Negative,Neutral,0.41770798,0.54580194,0.036490157,0.54580194,False
Me and emily_hibbs1 take hash brown and craft Fridays very seriously. #Chip #BeautyandtheBeast…,1,Neutral,Positive,0.0011145981,0.07007523,0.92881024,0.92881024,False
@USER here ya go Einstein @USER,0,Negative,Positive,0.0017162117,0.062003125,0.9362807,0.9362807,False
And then they brought out Bell Biv Devoe! Michelle was ready... #ThankYouObama,1,Neutral,Positive,0.001730783,0.064711675,0.9335575,0.9335575,False
I have persona 5 music stuck in my head,2,Positive,Neutral,0.03514076,0.6920977,0.27276152,0.6920977,False
"Sure, it looks like I'm sleeping off that Thanksgiving Day meal, but I'm actually taking the #MannequinChallenge ri…",2,Positive,Neutral,0.0022667714,0.9410545,0.056678757,0.9410545,False
Only @USER can scare the living hell outta people without even changing the tone of his voice #Westworld,2,Positive,Negative,0.9892889,0.007997323,0.0027137345,0.9892889,False
"💥 British PM @USER in #Bahrain to attend GCC meeting, cement Gulf ties before Brexit. #UK""",1,Neutral,Positive,0.0033306887,0.24614215,0.7505272,0.7505272,False
Retweeted Elle Druskin (@USER):Leonard Cohen's Hallelujah in Yiddish by Daniel Kahn....,2,Positive,Neutral,0.0011948845,0.97868377,0.020121265,0.97868377,False
Bill Clinton reacts to Melania Trump’s bullying speech,0,Negative,Neutral,0.11098413,0.8787075,0.010308329,0.8787075,False
"If I was Tim Duncan I would spend my retirement by opening up a chain of ""Duncan"" Donuts.",2,Positive,Neutral,0.0074366247,0.51104134,0.48152202,0.51104134,False
I have narrowed it down to 3 priorities (open to discussion of course) 1. #recount2016 2. #electoralcollege 3. Voter suppression,2,Positive,Neutral,0.033179786,0.95711744,0.009702697,0.95711744,False
"@USER ""A great man""...and you call conservatives backward?",2,Positive,Neutral,0.14738642,0.5776441,0.2749695,0.5776441,False
"Your self worth isn't based on someone else's thoughts, opinion or threats. #StandUp! #SpeakUp!…",2,Positive,Neutral,0.016639506,0.78904825,0.19431217,0.78904825,False
"@USER @USER except the joke here wasn't Melania's accent, it was the plagiarised speech. the accent was just an impression.",1,Neutral,Negative,0.90324634,0.09318195,0.0035717012,0.90324634,False
Hundreds flee wildfires near #Jerusalem #wildfire #Gobarireport #GobariNews,1,Neutral,Negative,0.9780018,0.021107744,0.00089048786,0.9780018,False
I would LOVE to give Grayson Allen a fake number,0,Negative,Neutral,0.05874427,0.5262093,0.41504642,0.5262093,False
"If you look at the one thing that conservatives #value, that liberals do not, it is truth.",0,Negative,Neutral,0.033023562,0.9286939,0.03828244,0.9286939,False
"@USER @USER Cuba has a better PUBLIC health system than Canada, the USA embargo has kept them from getting new drugs",1,Neutral,Positive,0.02704246,0.12166632,0.8512912,0.8512912,False
"I've noticed the US embargo didn't work, I noticed flat TVs and other new tech in Cuba",0,Negative,Neutral,0.118671186,0.8658539,0.015474927,0.8658539,False
.@USER reports @USER and @USER have teamed up to build a library of deep learning algorithms.,2,Positive,Neutral,0.0011194692,0.9234962,0.07538434,0.9234962,False
@USER watch that new david blaine show. shits nuts. you won't regret it.,1,Neutral,Positive,0.07560171,0.11298318,0.8114151,0.8114151,False
Retweeted Steven Schoenfeld (@USER):This is #Gaza under #Hamas rule - discrimination against...,1,Neutral,Negative,0.87258744,0.12594298,0.0014696027,0.87258744,False
black women having hardcore sex #zac efron butt naked,1,Neutral,Negative,0.7094894,0.2781958,0.012314829,0.7094894,False
"Vice President Mike ""Fag Punisher"" Pence",0,Negative,Neutral,0.15341493,0.744857,0.10172802,0.744857,False
"Ah yeah, but these are the *good* immigrants, nice well spoken white non-Muslim boys. Not bad hombres.",0,Negative,Positive,0.0135119,0.065824725,0.9206634,0.9206634,False
"""Net neutrality"" is a form of ""crony capitalism"" according to potential FCC appointees:",1,Neutral,Negative,0.6618747,0.33101365,0.0071116267,0.6618747,False
Thousands of protestors are being tear-gassed over the Dakota Access Pipeline…,1,Neutral,Negative,0.9934416,0.0057628257,0.00079562416,0.9934416,False
water is the essence of life & more important than oil ...we dont consume fossil fuels...our body is not made of liquid oil but of WATER,1,Neutral,Positive,0.0072403303,0.2470686,0.745691,0.745691,False
@USER @USER @USER @USER Dem drone strikes doe,1,Neutral,Negative,0.952385,0.046505928,0.0011090745,0.952385,False
@USER funny to find inspiring all the words Obama says even when he applauds riots disguise as anti Trump movement,0,Negative,Neutral,0.0669896,0.7303466,0.20266384,0.7303466,False
@USER #NeverRomneyRe-stocking the SWAMP#DrainTheSwamp...,0,Negative,Neutral,0.23634134,0.7383338,0.025324848,0.7383338,False
The R. Belo Daily is out! #beautyandthebeast,1,Neutral,Positive,0.0006229511,0.05210582,0.9472713,0.9472713,False
"Abby *talking about the Hamilton soundtrack"": I heard Zac Efron had to wait like 8 months to get tickets, imagine me",2,Positive,Neutral,0.1397731,0.79348445,0.06674243,0.79348445,False
I'd hate to see the #TPP trade agreement fail. I love my low-priced Made in #Vietnam running shoes. It's like walking on clouds! #Asics,2,Positive,Negative,0.7578011,0.15087412,0.09132475,0.7578011,False
Trump is building a wall on the Mexican border so they can stop herrion come in to America while there government is the biggest customers,1,Neutral,Negative,0.89021903,0.10372667,0.0060543288,0.89021903,False
@USER I agree. Was used to good effect in that protest of Trump in Chicago during primaries.,1,Neutral,Positive,0.012905315,0.1530238,0.8340709,0.8340709,False
"@USER well. you mentioned 1922. not me. so out of those 2000, how many were #Hamas / Islamic Jihad army?",1,Neutral,Negative,0.9151861,0.08319413,0.0016198391,0.9151861,False
@USER @USER why read about her tears?,1,Neutral,Negative,0.95955366,0.03926564,0.0011806702,0.95955366,False
‘Lots of kinks to work out’ understated: One reporter's Obamacare experience via @USER,0,Negative,Neutral,0.083194405,0.90554214,0.011263556,0.90554214,False
"*Friday Night*Me: Siri, we're friends, right?Siri: Uh...Who is Siri? I am a Galaxy Note 7. *Catches Fire*Me: Huh. Third one this month...",0,Negative,Positive,0.0026557995,0.2567665,0.7405777,0.7405777,False
Gigi Hadid is feeling the burn of a backlash.,1,Neutral,Negative,0.9797234,0.019173766,0.0011028408,0.9797234,False
@USER They were interviewing people on the Mexican side of the border. They said we don't care about no wall. We go over or under it,1,Neutral,Negative,0.9636838,0.03491921,0.0013970813,0.9636838,False
"@USER Bull vs Corbin is the gold standard for bad no DQ matches, this was a close second",1,Neutral,Negative,0.9291417,0.06490023,0.005958098,0.9291417,False
@USER @USER Equipo Ricky!!,2,Positive,Neutral,0.00092065433,0.6088742,0.39020512,0.6088742,False
Ashley Graham squirts all over guys face,1,Neutral,Negative,0.93302804,0.06359854,0.0033733868,0.93302804,False
Retweeted Medical Marijuana (@USER):So it's legal for a single doctor to prescribe these dangerous...,0,Negative,Neutral,0.013839733,0.94442034,0.041740004,0.94442034,False
Muhammad ali the great boxer speaks about his conversion to islam,2,Positive,Neutral,0.003147155,0.69783676,0.29901597,0.69783676,False
How a #Trump #Administration #Could #Make #Retirement #Savings and #Security #Great via @USER,1,Neutral,Positive,0.0014184443,0.02328277,0.97529876,0.97529876,False
Bob Dylan’s Nobel Prize – Canadian Jewish News (blog),1,Neutral,Positive,0.0012608888,0.17344503,0.82529414,0.82529414,False
"@USER Cubs win World Series, Cowboys are 11-1, bucs on SNF, trump is president. What more crazy shit will happen this year",0,Negative,Positive,0.17485888,0.208914,0.61622715,0.61622715,False
@USER Please don't EVER give up your vigil on Trump. His security will cost us a fortune/inexperienced billionaires in the cabinet,1,Neutral,Negative,0.99210817,0.006963351,0.00092852913,0.99210817,False
". @USER @USER #Gaddafi killed people, but was a benevolent dictator for most people in #Libya. Same with Saddam in #Iraq.",1,Neutral,Negative,0.9919463,0.006837422,0.0012162768,0.9919463,False
HERE THEY COME! Jumping on the #TRUMP BANDWAGON!😁 Mexican Cement Co. Offers Help To Build Border Wall,0,Negative,Neutral,0.121205986,0.606379,0.272415,0.606379,False
"#Netanyahu has warned that ""arson will be treated as terror"". Now, here is #terrorism - by illegal #Israeli settler…",1,Neutral,Negative,0.9918513,0.007264013,0.0008845999,0.9918513,False
One of my D&D villains for the number of drone strikes to increase by several orders of magnitude per month for the next four years,1,Neutral,Negative,0.991321,0.0078066955,0.00087222893,0.991321,False
When your dream is to be the next kim Jong Un,2,Positive,Neutral,0.006913647,0.94737023,0.045716096,0.94737023,False
Tandoori Fries for #NationalFastFoodDay #FastFood #Potatoes #frenchfries,2,Positive,Neutral,0.00073499244,0.795908,0.20335704,0.795908,False
"Condolences to families of the martyrs of d #Hella bombing by #ISIS in #Iraq80~100 Martyred,mainly Shia pilgrims~…",1,Neutral,Negative,0.9832208,0.015870126,0.0009090665,0.9832208,False
@USER @USER @USER nazi Sweeney 🇧🇪,0,Negative,Neutral,0.0012736617,0.97853756,0.020188715,0.97853756,False
I wrote on how white male power of the far right is coming for #abortion and #reproductiverights. @USER,1,Neutral,Negative,0.9802673,0.018817807,0.00091487437,0.9802673,False
Celebrity crush? — ashley graham and salma hayek,1,Neutral,Positive,0.011725125,0.28182295,0.70645195,0.70645195,False
Not so sure that David Blaine can be trusted!! Important!,0,Negative,Neutral,0.3157771,0.6639411,0.020281851,0.6639411,False
Pope Francis could've privately answered the 5 yes?/no? questions the cardinals originally posed PRIVATELY.…,0,Negative,Positive,0.00824342,0.41340822,0.57834834,0.57834834,False
RIP EU Persona 5 PSN theme ;_; ;_; ;_;The ride never ends for Europe,1,Neutral,Negative,0.9392864,0.056930732,0.0037828248,0.9392864,False
Ashley Graham insisted that her doll not have a thigh gap. We say thank you!,2,Positive,Neutral,0.023056738,0.5138434,0.46309984,0.5138434,False
"Yo, @USER don't let @USER stand behind you at the bus stop. #p2 #UniteBlue #tcot",1,Neutral,Negative,0.79219174,0.20311135,0.0046968893,0.79219174,False
@USER pre tpp but shit i love the one during his death too,1,Neutral,Positive,0.013017512,0.02608489,0.96089756,0.96089756,False
@USER Grayson Allen? 😈,1,Neutral,Positive,0.008805791,0.35265818,0.6385361,0.6385361,False
Let U.S. lift embargo...give socialism a chance on equal playing field..the US for years have planted sleepers in C…,0,Negative,Neutral,0.3908259,0.55804735,0.05112676,0.55804735,False
#Trump works!#MAGA #DraintheSwamp #TrumpPence16 #Trump2020 #BasketofDeplorables #TrumpTrain #fakenews #2A #1A[URL],1,Neutral,Positive,0.020128882,0.23893481,0.7409363,0.7409363,False
"Obviously, this isn't aimed at all leftists, but there are a scary amount who act this way. Many of whom are a part of this new wave",1,Neutral,Negative,0.8037965,0.19156793,0.0046354984,0.8037965,False
"Thankful for white supremacists, the media, fake news, Vladimir Putin, the FBI, Electoral College, and gullible people! #thiefinchief",1,Neutral,Negative,0.98555773,0.012016854,0.002425385,0.98555773,False
UN CC:Learn has #LinkedIn account now! Follow us here >> #ClimateAction #Learn #Environment…,2,Positive,Neutral,0.00093732873,0.5259578,0.4731048,0.5259578,False
"Ya Allah,Please Help the muslims of #Iraq #Syria#Gaza#Yemen #Burma#KashmirPlease don't scroll down without sa…",2,Positive,Neutral,0.0813962,0.8943563,0.024247466,0.8943563,False
"@USER @USER @USER gun control helps with population control, right? *sarcasm*",0,Negative,Neutral,0.058363754,0.9137277,0.027908463,0.9137277,False
Case-Mate: Samsung Galaxy Note 7 Case Collection – Free Shipping,1,Neutral,Positive,0.00088686944,0.025608718,0.9735044,0.9735044,False
#Yemen: The #Yemen Files: WikiLeaks 500 files allegedly show US 'arming and funding' #Yemeni forces,1,Neutral,Negative,0.823277,0.17407997,0.0026430888,0.823277,False
FrackNation HOT Documentary New Documentary...90min. #FRACKING #EDUCATIONAL VIDEO#HEALTH #ALERT#GEOENGINEERING,1,Neutral,Positive,0.0014976213,0.0319437,0.96655864,0.96655864,False
"For Democrats to recover, Nancy Pelosi and her team should go",0,Negative,Neutral,0.14704806,0.8019344,0.051017478,0.8019344,False
Reporter visiting Islamic state terrirory. #mosuloffensive #mosul #isis #iraq #syria #war #islamicstate #funny,1,Neutral,Negative,0.77726436,0.20179026,0.020945298,0.77726436,False
"This totally threw me. It may not be about gun control per se, but imagine living somewhere this needed to be made 😞",0,Negative,Positive,0.061143603,0.15252806,0.7863283,0.7863283,False
"I’m a student of Sergei Eisenstein, Nazi propagandist Leni Riefenstahl.” - Steve Bannon .Propagandist in White House... brilliant #Trump",0,Negative,Neutral,0.13624051,0.5897933,0.27396613,0.5897933,False
Leave @USER he doesn't do animal testing the company does. Some face wash company's DO animal testing and I don't see u no buying it,1,Neutral,Negative,0.97124434,0.027373815,0.0013818733,0.97124434,False
Who wants to work for #Uber after reading this from Business Insider UK?,0,Negative,Neutral,0.009388058,0.9657677,0.024844311,0.9657677,False
"In a pay-to-play scheme, when there’s no player, there’s no payer. #ClintonFoundation",1,Neutral,Negative,0.9673757,0.030903863,0.0017204309,0.9673757,False
Didn't see Paul Anka on anyone's @USER #GilmoreGirlsTop4. What's up with that?! 🐶,1,Neutral,Negative,0.8972618,0.08931862,0.013419624,0.8972618,False
"What time is it?! Ahh, yes. Time for your daily reminder that Steve #Bannon isn't just an anti-Semite, but also a…",1,Neutral,Negative,0.9902081,0.008454884,0.00133706,0.9902081,False
"#NVIDIA Deep Learning, Cloud Power Nvidia. Read more: $NVDA",1,Neutral,Positive,0.0010694603,0.3110709,0.68785965,0.68785965,False
@USER really? Enough with the popular vote stuff. It serves no purpose,1,Neutral,Negative,0.9926577,0.006534378,0.0008078092,0.9926577,False
House Conservatives Signal Donald Trump Won't Have A Blank Check | The Huffington Post,0,Negative,Neutral,0.07287496,0.9147974,0.012327649,0.9147974,False
"@USER @USER @USER yes, and as a jew i'm shocked at the number of #lgbtq's who support #hamas on here.",1,Neutral,Negative,0.6988562,0.29080546,0.010338377,0.6988562,False
Trump and Clinton Trade Insults At Alfred E. Smith Memorial Foundation Dinner | TIME,1,Neutral,Negative,0.9884671,0.010620654,0.00091233174,0.9884671,False
Quite the transformation: #Microsoft Buries Old Animosity by Joining #Linux Foundation,1,Neutral,Positive,0.0053439727,0.18702416,0.80763185,0.80763185,False
@USER KEEP PRAISING YOUR RACIST NEO NAZI CHOSEN LEADER,0,Negative,Neutral,0.01735494,0.7386424,0.24400271,0.7386424,False
"First Thanksgiving, Christmas, New Years, Valentines Day and Birthday without my Dad 😪!",0,Negative,Positive,0.0019409232,0.02567595,0.9723831,0.9723831,False
"Zac Efron Shares New 'Dirty Grandpa' Photo, Dwayne Johnson Comments 'Nice Tits' #ZacEfron #ZacEfron",1,Neutral,Positive,0.0089310855,0.33040172,0.66066724,0.66066724,False
Obama is the greatest POTUS so sad Trump will always be pictured beside him in history. Trump isn't worthy.…,1,Neutral,Negative,0.8420153,0.13897724,0.019007431,0.8420153,False
Companies need to convey that #homeopathy means 300-year-old widely-rejected theories. via @USER,1,Neutral,Negative,0.6819639,0.31045303,0.0075830226,0.6819639,False
"@USER So, Park's friend Choi forced people/corporations to put millions in her foundation to get rich. Did she use Clinton Foundation model?",1,Neutral,Negative,0.9687709,0.030232163,0.0009968803,0.9687709,False
#GilmoreGirlsTop4 4.Babette 3.Lane 2.Michel 1.When Sookie and Luke are together ..😣😣 #GilmoreGirlsRevival,1,Neutral,Positive,0.0016802966,0.0798842,0.9184355,0.9184355,False
"Gregg Popovich, San Antonio Spurs coach, still misses Tim D... via @USER",1,Neutral,Negative,0.55188686,0.43003744,0.018075665,0.55188686,False
@USER @USER @USER DELO LOVES SUFFERING AND OPPRESSION IF IT'S CASTRO OR MADURO. HE NEEDS OPPRESSOR TO B WHITE. WHAT A PIG,0,Negative,Positive,0.1503851,0.19412135,0.65549356,0.65549356,False
🏀@USER is ready #fcblive #GSOFCB,1,Neutral,Positive,0.0007816854,0.03336572,0.9658527,0.9658527,False
@USER has officially joined the #GilmoreGirls fandom 🙌🏼🙌🏼🙌🏼 @USER #GilmoreGirlsTop4,1,Neutral,Positive,0.0022183543,0.0020194724,0.99576217,0.99576217,False
@USER @USER @USER @USER riiiight... because all those anti-Trump riots are his supporters.,1,Neutral,Negative,0.9839564,0.014268896,0.0017747473,0.9839564,False
"#RIP16: Glen Frey, David Bowie, PRINCE, Leonard Cohen, Leon Russell, Gwen Ifill, Florence Henderson. 🎼🙏🏼👊🏼👏🏻",1,Neutral,Positive,0.0016788996,0.047808852,0.95051223,0.95051223,False
"I know elderly Republicans who voted for Trump who are going to stroke out and for mid term elections, put in...",1,Neutral,Negative,0.9752769,0.023501588,0.0012216179,0.9752769,False
New Trump Tower in Kiew :)[URL],1,Neutral,Positive,0.0007734842,0.03232181,0.9669047,0.9669047,False
"@USER and this is exactly why we are getting the dems out of the W.H. for good, and putting a republican in office to drain the swamp!",1,Neutral,Positive,0.006088152,0.10079324,0.89311856,0.89311856,False
"@USER I think, u know I think I would like to build a wall on the border with mexico, not to let mexican food in",0,Negative,Neutral,0.3042695,0.6624679,0.03326263,0.6624679,False
@USER hahahahahaahhahahaahha bhae i identify with leftists because i dont identify with rightists,0,Negative,Neutral,0.061840642,0.90634656,0.031812843,0.90634656,False
#IslamicState beheads 15 #IraqiArmy soldiers in #mosul Read more #MosulOffensive #ISIS,1,Neutral,Negative,0.9939984,0.005252713,0.0007489288,0.9939984,False
"No, the Pew Center study did not show evidence of voter fraud. It was about problems with voter registration systems",1,Neutral,Negative,0.60863626,0.38263312,0.0087306,0.60863626,False
The Tesla Model S was added to #Hertz Dream Cars line-up.,1,Neutral,Positive,0.00079447747,0.23018971,0.76901585,0.76901585,False
"No more #Hatchimals @USER in Parma, just empty shelves and this hatched display. ;) #blackfriday",1,Neutral,Positive,0.012674573,0.35918805,0.62813735,0.62813735,False
#France's Marine Le Pen says the result shows #Italians have rejected the #EU.....#TrumpEffect #Brexit #WakeUpWorld,0,Negative,Neutral,0.40907073,0.5817571,0.009172124,0.5817571,False
Will American designers flat-out refuse to dress Melania & Ivanka Trump?,1,Neutral,Negative,0.9373576,0.061167836,0.0014745881,0.9373576,False
Donald Trump is next President but the biggest winner is Melania Trump. She can now call herself The First Lady instead of The Third Wife,1,Neutral,Positive,0.010469114,0.088524625,0.9010063,0.9010063,False
A Deep Learning Supercomputer Approach to Cancer Research,2,Positive,Neutral,0.0092778,0.96323186,0.027490355,0.96323186,False
NST_Online: Venezuela's Maduro calls nephews' drug conviction 'U.S. imperialism'Read More : …,1,Neutral,Negative,0.9607292,0.038079187,0.0011916318,0.9607292,False
Watching David Blaine on @USER from behind a cushion but there's Jessie! 😍,1,Neutral,Positive,0.001194638,0.20011562,0.7986897,0.7986897,False
#VIDEO #ZionistPM Blamed #Palestinians for Alleged #ArsonAttacks[URL],1,Neutral,Negative,0.99015737,0.009002031,0.00084070064,0.99015737,False
@USER kys kim fatty the third,0,Negative,Neutral,0.0013462506,0.9885776,0.010076132,0.9885776,False
@USER @USER @USER @USER @USER @USER n weve always ben told dems were the nazis,0,Negative,Neutral,0.38320416,0.61098135,0.005814491,0.61098135,False
"@USER @USER No I love tall blonde men, white supremacists and Christian fundamentalist.",1,Neutral,Negative,0.9915411,0.007127561,0.0013314049,0.9915411,False
"Under Victoria's proposed euthanasia plans, those seeking suicide would receive better palliative care than others.",1,Neutral,Negative,0.97986346,0.018993286,0.0011433776,0.97986346,False
Which is his right. In several instances people have put digs against Obama in their obits. Rightists I guess you'd…,0,Negative,Neutral,0.10917421,0.8679022,0.022923589,0.8679022,False
Occupied #Palestine | #Israeli Tank FLIPPED OVER during military exercise in preparation for next war with…,1,Neutral,Negative,0.9738513,0.025183609,0.0009650483,0.9738513,False
"*Ben Carson whisper voice* America needs these hands more than ever Movie Theater Ticket Taker: sir, your movie started 20minutes ago",0,Negative,Neutral,0.06965927,0.7058009,0.22453979,0.7058009,False
@USER @USER @USER @USER Obama admin. didnt tell us they'd found BinLaden either; not a peep. Secrecy necessary smtimes,1,Neutral,Negative,0.981795,0.017119877,0.0010851059,0.981795,False
#TheWalkingDead Favorites @USER and Greg Nicotero Turn Zombie Appetite Into Upscale Restaurant…,2,Positive,Neutral,0.0013678055,0.96307427,0.03555793,0.96307427,False
@USER she working for GEORGE SOROS ANOTHER PAID PUPPET,0,Negative,Neutral,0.0011529183,0.94961196,0.04923505,0.94961196,False
@USER @USER @USER They come forward for chemical castration. If they don't and hurt a child it's death penalty. Easy :-),2,Positive,Negative,0.9900025,0.008227267,0.0017702297,0.9900025,False
So how long will states like CA and NY keep subsidizing red states with tax dollars if the Electoral College keeps devaluing their voters?,1,Neutral,Negative,0.98275167,0.01625383,0.0009945293,0.98275167,False
Is there anything Tim Duncan can't do?,2,Positive,Neutral,0.018021619,0.9745607,0.0074176625,0.9745607,False
Studs Terkel 1963 interview with Bob Dylan airing right now on @USER livestream at ♫♪♫♪♫,2,Positive,Neutral,0.0007248991,0.955948,0.043327127,0.955948,False
@USER @USER I wasn't aware we elected Presidents on popular vote...,1,Neutral,Negative,0.531102,0.4574428,0.011455191,0.531102,False
Let's see Palin in the Cabinet!-->Exclusive -- Sarah Palin on Her Political Future via @USER,2,Positive,Neutral,0.018417891,0.96059364,0.020988418,0.96059364,False
: #GalaxyNote7 #Smartphone - Samsung Galaxy Note 7 updates: Samsung France offering free 12…,1,Neutral,Positive,0.0007729653,0.054860856,0.94436616,0.94436616,False
@USER From a UK perspective this is a worrying development as the US has always been the gold standard for freedom of speech.,1,Neutral,Negative,0.986233,0.012740524,0.0010264843,0.986233,False
"@USER @USER Watch this (((David Blaine))) trick, I will turn sand into glass in a flash!",1,Neutral,Positive,0.001715967,0.17048483,0.82779926,0.82779926,False
I feel like Muhammad Ali..,1,Neutral,Positive,0.0055674156,0.1492141,0.8452184,0.8452184,False
Is this the biggest cock-up in the history of homeopathy?[URL] via @USER,1,Neutral,Negative,0.9894365,0.00936049,0.0012029296,0.9894365,False
@USER cool story bro. I like the one were those women get degrees and figure out how to end our dependency on fossil fuels.,1,Neutral,Positive,0.006539827,0.042641096,0.9508191,0.9508191,False
Ok there's only been two instances where American actually made me proud to be American. When they legalized gay marriage and today #NoDAPL,1,Neutral,Positive,0.012099866,0.13257723,0.85532284,0.85532284,False
Who did Soros buy off in Oakland?,0,Negative,Neutral,0.2441744,0.7485709,0.0072546783,0.7485709,False
"When two out of three the GOP lost the popular vote, and two were down to results in a single GOP-controlled state.",1,Neutral,Negative,0.8955767,0.10155784,0.002865464,0.8955767,False
Thankful for nasty women and bad hombres.,1,Neutral,Negative,0.99020153,0.008221002,0.0015774678,0.99020153,False
#VanessaHartley Hating people because of their color is wrong & it doesnt matter which color does the hating. Its plain wrong- Muhammad Ali,1,Neutral,Negative,0.98763907,0.01120405,0.0011568167,0.98763907,False
"@USER @USER Not to worry, sensible gun control laws are coming. When they wake up & realize AA'S are buying guns by the...",0,Negative,Neutral,0.14368632,0.6100061,0.2463076,0.6100061,False
Tomorrow Is A Long Time (Bob Dylan) | Rod Stewart,1,Neutral,Positive,0.0011854521,0.20128015,0.7975344,0.7975344,False
@USER buy Persona 5. Pre-order it on Amazon,2,Positive,Neutral,0.0014256836,0.6528323,0.34574205,0.6528323,False
"@USER @USER @USER I am sure she does when every Tom, Dick and illegal get a voter registration w/their DL in CA!.",0,Negative,Neutral,0.011805472,0.96923524,0.018959275,0.96923524,False
"Venezuelan President Nicolas Madura says his wife's nephews' drug conviction a clear sign of ""US imperialism""",1,Neutral,Negative,0.98590624,0.01319762,0.0008961112,0.98590624,False
"#Tesla #ModelS can be #located, #unlocked, #stolen by #manipulating #Tesla #apps #security #infosec #Privacy",0,Negative,Neutral,0.022260474,0.935656,0.042083506,0.935656,False
"#Ukraine #Poroshenko Signs Law That Allows Fining TV & Radio Stations For ""Separatism"" via @USER",0,Negative,Neutral,0.060735457,0.9264501,0.012814367,0.9264501,False
Stephen Bannon Hit With Serious FBI Federal Election Law Complaint By Democratic Coalition #TrumpTransitionTeam #GOP,1,Neutral,Negative,0.88790333,0.1103733,0.0017234209,0.88790333,False
Fell asleep while watching persona 5 walkthrough. Again. Gosh....,1,Neutral,Negative,0.7027125,0.23497207,0.062315412,0.7027125,False
"@USER I stirred t pot w leftists at a Mike Brown rally ~ yr ago, had maybe 10 breathing dwn my neck, but this was far more intnse",0,Negative,Neutral,0.026173795,0.9552617,0.018564448,0.9552617,False
I don't know if I should watch and listen to the music video of La mordidito or just stare at the angelic ricky Martin 😍 damn,2,Positive,Neutral,0.3580294,0.45360246,0.18836817,0.45360246,False
@USER Is someone in YOUR family a RU apologist? Be a patriot&report them to Saudi &Qatari dictatorship-funded #Clinton foundation today!,0,Negative,Neutral,0.38752273,0.59709805,0.01537921,0.59709805,False
@USER fingers crossed for my son 👌🏼 #Hatchimals #blackfriday,1,Neutral,Positive,0.0014702649,0.009161701,0.989368,0.989368,False
He is a #WhiteSupremacy follower btw....if he had swore to #ISIS you'd mention it EVERY single time you printed his…,1,Neutral,Negative,0.9903441,0.008427455,0.0012283428,0.9903441,False
Algeria donated to Clinton Foundation to get off terror list. by #egopanthers via @USER,0,Negative,Neutral,0.0276863,0.7680675,0.20424621,0.7680675,False
@USER I did no such thing. I exposed the agenda of the white supremacists like you.,1,Neutral,Negative,0.9902311,0.008767324,0.0010016584,0.9902311,False
@USER its a 3 to 4 page paper on Why or why not should the United States build a bigger wall along the Mexican Border? Apa format,0,Negative,Neutral,0.011608962,0.97973514,0.00865588,0.97973514,False
"Brave @USER won't be covering Melania as much: ""We plan on having no part in normalizing theTrump family.""",0,Negative,Neutral,0.26445538,0.72499174,0.010552964,0.72499174,False
@USER @USER how hard is it to post the prices not everyone can afford VIP unless they win lotto or marry Zac Efron,0,Negative,Neutral,0.4481423,0.52919847,0.022659276,0.52919847,False
"XYZprinting Nobel 1.0 SLA 3D Printer (Included FREE Resin, FREE Printing... - #3D #Design",1,Neutral,Positive,0.0008851327,0.22023854,0.77887636,0.77887636,False
Big Oil's Isadore Hall was in DC last week pretending to be the new congressman-- even asking Pelosi to let him vot…,0,Negative,Neutral,0.110139586,0.8732471,0.016613273,0.8732471,False
Some ole lady at thanksgiving was talmbout how she used to buy a zip for $40,2,Positive,Neutral,0.024319008,0.9479568,0.027724242,0.9479568,False
@USER needed affirmation after being dumped#uitvnews #AshleyGraham[URL],1,Neutral,Negative,0.89097595,0.10607102,0.0029530036,0.89097595,False
"@USER Yes, but that would ruin the fun ""Dems in disarray"" narrative.",1,Neutral,Negative,0.9924752,0.006392916,0.0011319498,0.9924752,False
#Erdogan says #Turkey faces economic sabotage ! 🐣#Aleppo[URL],1,Neutral,Negative,0.98693883,0.012182361,0.0008789068,0.98693883,False
"#ISIS claimed responsibility for a suicide operation targeting al-#Hashd forces near Al-Arbeed village, NW Hammam Al-Alil. #MosulOffensive",1,Neutral,Negative,0.9893316,0.009856263,0.0008121722,0.9893316,False
More Dems voted @USER than Repubs. It's courtesy of the Electoral College and state Repub voter suppression that we have💩 Trump.,1,Neutral,Negative,0.96860486,0.02909085,0.002304426,0.96860486,False
Jesuit Pope Francis took this Jesuit Oath of Extreme Induction .NOW you decide who is the SICK one in need of Chris…,0,Negative,Neutral,0.0073888563,0.964873,0.027738074,0.964873,False
"AUKEY Car Charger with Quick Charge 3.0 for LG G5, Samsung Galaxy S7/S6/Edge, Note 7/5/4",1,Neutral,Positive,0.00082433457,0.1735727,0.82560295,0.82560295,False
"@USER Is there anything good about the north? G of Thrones =White Walkers, N Korea=Kim Jong Un , N Dakota=NoDAPL, N Carolina=Shitty Gov",0,Negative,Neutral,0.08283466,0.8791797,0.037985563,0.8791797,False
I want a PS4 but there are no video games I want to play on it. Is that weird? Is Persona 5 out yet?,1,Neutral,Negative,0.8453768,0.15152681,0.0030963982,0.8453768,False
Goes to show what can be achieved by committed resistance to planet destroying fossil fuels.#NoCarmichael…,0,Negative,Positive,0.014667389,0.25835067,0.72698194,0.72698194,False
@USER reports wedding guests evacuated during celebration in #Jerusalem Hills.,1,Neutral,Negative,0.885678,0.11294192,0.0013800096,0.885678,False
@USER I'm seeing so many liberals praising #Castro as a hero and a role model in spite of all he's done.,0,Negative,Positive,0.0024360758,0.023168368,0.9743955,0.9743955,False
@USER The last of a classy President and First Lady! Can you imagine trump and Melania ever doing this..NOT,1,Neutral,Negative,0.98800826,0.010375984,0.0016158473,0.98800826,False
Tr*mp is acting like Kim Jong-un and on Chinese social media they call KJU fatty the third. So by that measure Tr*imp would be?,0,Negative,Neutral,0.051147837,0.939696,0.009156085,0.939696,False
The word MUST means forced as in have to do it 😈🐍🚽💩🐽 so NOT sincere and from the heart becuz he wants to…,1,Neutral,Negative,0.5489547,0.22087309,0.23017217,0.5489547,False
"#JustinVerlander 7 ROOKIE #Card LOT, DETROIT #Tigers, CY YOUNG WINNER #Baseball #Pitcher",1,Neutral,Positive,0.0007699326,0.2509686,0.74826145,0.74826145,False
#theProtestors Who do the Dems follow... George Soros Nazi War Criminal.,1,Neutral,Negative,0.9943159,0.004870399,0.0008137577,0.9943159,False
"Messi: ""In football these days it's important to be organised. To have a team that is well-organised is the most important thing"" #fcblive",1,Neutral,Positive,0.0013102884,0.02348864,0.975201,0.975201,False
@USER Being gay isn't a choice!!!!! A panel of gays including Anderson Cooper and Ricky Martin decide your fate,0,Negative,Neutral,0.031486437,0.9072056,0.061307926,0.9072056,False
anyway watch michael moore in trumpland to hear more about how hillary clinton is amazing and we failed her,1,Neutral,Negative,0.82469475,0.1382897,0.03701547,0.82469475,False
Wait is Big O WestWorld?? I never finished it.,1,Neutral,Negative,0.9909546,0.007741091,0.0013042731,0.9909546,False
Contact Music - Ashley Graham needed 'affirmation' after being dumped for the first time,1,Neutral,Negative,0.9291417,0.06940673,0.0014515145,0.9291417,False
Feeling some Leonard Cohen tonight,1,Neutral,Positive,0.0017003545,0.012499919,0.9857998,0.9857998,False
"Massive voter suppression coming, I believe it! I hope GOP goes big and we can bring in the #TYT calvary! @USER @USER",1,Neutral,Negative,0.98636496,0.011511962,0.0021230385,0.98636496,False
sarah is forcing her vegetarianism on me,1,Neutral,Negative,0.9831061,0.015840847,0.001053101,0.9831061,False
ADULT Dating for you!!! #LessNoteworthyMovies #WednesdayWisdom #2016WasTheYearThatIFinally…,1,Neutral,Positive,0.0038422379,0.09584613,0.90031165,0.90031165,False
@USER @USER @USER @USER @USER @USER @USER Comey? 😂😂😂,1,Neutral,Negative,0.48716375,0.23426841,0.27856788,0.48716375,False
"#Yemen: WikiLeaks on Twitter: ""The #Yemen Files: evidence of the US arming, tra… see more",0,Negative,Neutral,0.0707457,0.9247339,0.004520421,0.9247339,False
This simply means in English he is providing more support for @USER and #BlackLivesMatter to set them up and do h…,1,Neutral,Positive,0.008388334,0.34672904,0.6448827,0.6448827,False
"#OnThisDay in 1966, Taiyuan Party Chief Jia Jun admitted his statement ""It brings honour to Leftists when Rightists…",1,Neutral,Positive,0.0028057836,0.21461761,0.7825766,0.7825766,False
.@USER rival #Grab’s first CFO is leaving the company after just seven months - via @USER #india #uber,0,Negative,Neutral,0.12415582,0.85862523,0.017218962,0.85862523,False
Especially if you don't wanna get minimum wage all your life.,1,Neutral,Negative,0.84065247,0.15200879,0.007338744,0.84065247,False
IMPORTANT#ISIS fired multiple mortars at Tal Afar airbase west #Mosul directly targeting #PMU commanders operation room.1 commander injured,1,Neutral,Negative,0.99187565,0.0072444603,0.00087986037,0.99187565,False
only USA UK Israel say Vatican Pope Francis viel Glueck fuers Leben sagt Gott,0,Negative,Neutral,0.0017193954,0.95175344,0.046527203,0.95175344,False
Pls dont come :) #fcblive,1,Neutral,Negative,0.9925565,0.006034236,0.0014092986,0.9925565,False
Conservatives are breaking things too. . #spiritcooking #PodestaLeaks #pizzagate #cometpizza got.tje righteous indi…,1,Neutral,Negative,0.9872885,0.011696449,0.0010150523,0.9872885,False
"Chris Fudali: ""Fatty Kim the Third""?! It feels so unoriginal...yet, it works.",1,Neutral,Positive,0.026295368,0.46880668,0.5048979,0.5048979,False
"Donald, take it easy my friend, but I can't wait to see u start building that thick high wall on the Mexican border to seal ur legacy",1,Neutral,Positive,0.037154,0.33473283,0.62811315,0.62811315,False
Donald Trump’s stock in Dakota Access oil pipeline company prompts concern - National | Globalnews.ca,1,Neutral,Negative,0.9694819,0.02942904,0.0010890093,0.9694819,False
Today's NEWS: #BlackLivesMatter blocking access to white-owned businesses,1,Neutral,Negative,0.96761435,0.03144191,0.000943676,0.96761435,False
Microsoft joins Linux Foundation in another nod to open-source code - The Seattle Times #sourcecode #news,1,Neutral,Positive,0.0011243004,0.16534029,0.83353543,0.83353543,False
2Singapore scientists have become the 1rst from Asia to win prestigious award for their efforts to eradicate animal testing.. @USER,1,Neutral,Positive,0.0050514806,0.041404974,0.9535436,0.9535436,False
"@USER Enjoy your wait! You have Google and can type in ""voter suppression"", I presume.",0,Negative,Positive,0.08329476,0.22415026,0.69255495,0.69255495,False
I've started using Marine Le Pen's twitter acct to figure out if I am happy or sad about EU political results (Italian referendum - oh no!),0,Negative,Neutral,0.05322248,0.9174052,0.029372344,0.9174052,False
#BREAKING: Philippines Vice President resigns from Duterte cabinet. She is against the war on drugs and re-introduc…,1,Neutral,Negative,0.83663553,0.16069697,0.0026674827,0.83663553,False
"I think Juan Dixon is definitely in my top 5 non-Dukies of all time. Need to mull over that list some. Right now it's Tim Duncan, CP3, Juan.",1,Neutral,Positive,0.0018044106,0.0655953,0.93260026,0.93260026,False
"Oh Happy Day, Conservatives Laugh As LiberalsCry And All Their Dreams Fade Away @USER",1,Neutral,Positive,0.019324003,0.18287924,0.7977968,0.7977968,False
Can't believe how excited #Celtics fans are about Horford. Newsflash: He's not the 2nd coming of Tim Duncan.,1,Neutral,Positive,0.0063367574,0.030840302,0.9628229,0.9628229,False
"I miss my country,Palestinethat's what my grandmother told me when I asked why's she sad today. #Palestine",1,Neutral,Negative,0.9467477,0.050101627,0.0031506398,0.9467477,False
Tesla released inside footage of the Model S views when in autopilot mode. We're definitely several steps closer to…,1,Neutral,Positive,0.0015157401,0.05477244,0.9437118,0.9437118,False
@USER @USER what a joke this is & trump says @USER I will not touch medicare or social security which one is it,1,Neutral,Negative,0.9876436,0.011339848,0.0010165512,0.9876436,False
U of #Memphis student Nadine Taha @USER justifies #Hamas and glorifies terrorism.,1,Neutral,Negative,0.99220896,0.0071050464,0.00068601425,0.99220896,False
@USER @USER Even Muhammad Ali had enough brains left to eventually turn his back on the black panthers and Nation of Islam.,1,Neutral,Negative,0.7456793,0.24383335,0.010487371,0.7456793,False
@USER @USER I don't know but apparently they don't like rad dudes or bad hombres.,1,Neutral,Negative,0.9762657,0.022491954,0.0012423052,0.9762657,False
Yesterday was #NationalFastFoodDay and @USER Makes Sure you Don't Forget about #BellyBurger…,1,Neutral,Positive,0.0010116663,0.06406755,0.93492085,0.93492085,False
"This is a funeral he will not miss he will be joined by Maduro, Duterte and like minded comrades. #FidelCastro",0,Negative,Neutral,0.38418645,0.5668529,0.048960585,0.5668529,False
"Translation: Long live Trump, long live Putin, long live Marine le Pen, and long live the [Northern] League!",2,Positive,Negative,0.9703593,0.027279977,0.00236068,0.9703593,False
Daniel Thomas Dyer explores Rumi's influence on Leonard Cohen's music.,2,Positive,Neutral,0.0012657485,0.9638794,0.03485484,0.9638794,False
OMG it's Hatchi-Hell out there‼️ We need more #Hatchimals 😱 @USER @USER @USER I'm going to share my sources next! 😇,1,Neutral,Positive,0.0163045,0.10411931,0.8795762,0.8795762,False
. #Trumpslegacy will be dismantling @USER s legacy in 100 days. It's so easy it's hardly fair. #thewall #obamacare #immigration,1,Neutral,Negative,0.97445005,0.021365577,0.0041842875,0.97445005,False
Dallas Cowboys Trade Rumors: Tony Romo Would Do Well in These Teams #dallas_cowboys…,1,Neutral,Positive,0.0015085783,0.21120769,0.7872838,0.7872838,False
"@USER Yes, happened to me too. Enter #Uber and #CarToGo",1,Neutral,Positive,0.0024688006,0.09151913,0.90601206,0.90601206,False
@USER @USER @USER What's funny is that you people label yourselves as Christians.,0,Negative,Neutral,0.21930107,0.6844207,0.0962782,0.6844207,False
Renzo was Italy's 41st PM since the war.Another vote on immigration pulling Europe apart.,0,Negative,Neutral,0.007401007,0.97576684,0.016832171,0.97576684,False
"@USER delta flight,get over it.Are the anti trump riots in the USA ok .write about that please",1,Neutral,Negative,0.8501289,0.14645697,0.0034140996,0.8501289,False
Alba the dog wants more detail on Brexit policy prior to Article 50 notification #sadnessinhereyes,1,Neutral,Negative,0.75396556,0.24198127,0.004053155,0.75396556,False
"Shura Council leader, Mohamed al-Drissi, admits alliance with #ISIS against the Libyan army in #Benghazi. #Libya…",1,Neutral,Negative,0.91687673,0.081177704,0.0019455656,0.91687673,False
@USER rick porcello Cy young!,1,Neutral,Positive,0.003558261,0.2962237,0.700218,0.700218,False
@USER @USER @USER @USER Didn't realize 60 minutes was right wing[URL],1,Neutral,Negative,0.95835763,0.039803978,0.0018383705,0.95835763,False
"@USER @USER Oh, really. Verlander already was a star at 23.",1,Neutral,Positive,0.010789536,0.11330378,0.87590665,0.87590665,False
The latest Stars News! #beautyandthebeast #moana,1,Neutral,Positive,0.0007449157,0.08220584,0.9170492,0.9170492,False
The moment you figure out what's happening next: Oh shit. #westworld,1,Neutral,Negative,0.93481433,0.0532954,0.011890301,0.93481433,False
"Bob Dylan sings his biggest hit, Like A Rolling Stone live on David Letterman's 10th Anniversary Special in 1992 -",2,Positive,Neutral,0.0011171103,0.5729388,0.4259441,0.5729388,False
White supremacists claimed they will make twitter accounts as black people. So I'm not responding to any coon-ish tweets.,1,Neutral,Negative,0.9891088,0.010022982,0.00086821907,0.9891088,False
Kremlin media troll houses pushed support for trump and crucified Clinton. All because Putin didn't want to see We…,1,Neutral,Negative,0.98594713,0.013106116,0.00094675424,0.98594713,False
"We spoke to 9 year old Judy in eastern #Aleppo again""I want 2 go to school I’m not happy like this. At school we h…",1,Neutral,Negative,0.9906786,0.00828684,0.0010345534,0.9906786,False
Venezuelan President Maduro: Fidel in eternal life will fight on until victory forever.,1,Neutral,Positive,0.0011166548,0.04890993,0.9499734,0.9499734,False
"Found: My missing Social Security Card, my car title, and a $8.46 un-cashed check. Still Missing: A $50 key fob,...",1,Neutral,Negative,0.8579214,0.13927238,0.002806226,0.8579214,False
Ryan and Reince both from WI which already has vilely repressive voter suppression votes.. IN has every type of vil…,1,Neutral,Negative,0.99423295,0.004904347,0.00086267944,0.99423295,False
#Iraq #MosulOffensive #SVBIEDShiite terrorists at Tal Afar airport record a vehicle bomb attack by a Daesh terrori…,1,Neutral,Negative,0.9928523,0.0064430027,0.00070471945,0.9928523,False
Like it's about abortion 😞,0,Negative,Neutral,0.15582897,0.4927497,0.35142133,0.4927497,False
What You Love- Live life @ 300%[URL],1,Neutral,Positive,0.0012436935,0.012966315,0.9857901,0.9857901,False
That shooting ad about paying attention kinda bothers me. Look at useful GUN CONTROL first before disaffected youth,1,Neutral,Negative,0.986948,0.011857412,0.0011945505,0.986948,False
@USER @USER @USER @USER Aleppo send a final message before SAA eliminated them,1,Neutral,Negative,0.640752,0.3556057,0.0036423274,0.640752,False
Gun Sales Down Nationally Following Trump Win #tcot #tpp,0,Negative,Neutral,0.12074945,0.74005175,0.13919874,0.74005175,False
MOSCOW (Reuters) - Russian Foreign Minister Sergei Lavrov said on Monday he was confident Moscow and Washington ...,1,Neutral,Positive,0.0019028834,0.45115218,0.5469449,0.5469449,False
⭐️ #News • Buyers’ clubs and test labs for death drug: Right-to-die campaigner Philip Nitschke says euthanasia…,1,Neutral,Negative,0.53007674,0.46592918,0.0039940784,0.53007674,False
"Funny how phenomena of ""Fake News"" only Spawned in 2016 & how it Shant be applied to dems going backwards#MAGA…",1,Neutral,Negative,0.9835312,0.01523386,0.0012349657,0.9835312,False
Cowboys were awful last Thanksgiving. Now they’re the NFL’s best team,2,Positive,Neutral,0.28320774,0.42507705,0.29171517,0.42507705,False
"@USER @USER #DumpTheEstablishment #DrainTheSwamp #NeverRomney Never, ever!…",1,Neutral,Negative,0.9858408,0.012591515,0.0015677037,0.9858408,False
Lavrov says militants who do not leave eastern Aleppo to be regarded as terrorists via @USER,1,Neutral,Negative,0.9828416,0.016347934,0.0008103959,0.9828416,False
This Week in Ridiculous Regulations #tcot #tpp,1,Neutral,Negative,0.99492514,0.004150391,0.0009244374,0.99492514,False
I haven't seen my best friend since the Cubs parade ☹️ and we only live less than 5 minutes away. 😩,0,Negative,Neutral,0.07215892,0.513337,0.41450408,0.513337,False
@USER Don't stop fighting Marine Le Pen !!!,1,Neutral,Negative,0.6341511,0.31677565,0.049073245,0.6341511,False
In case someone is not aware of Steve #Bannon's mental issues...,0,Negative,Neutral,0.21923631,0.76589966,0.014864016,0.76589966,False
"America, for instance, has more than 200 years of lessons unlearned. As for Britain, Brexit is 100% in keeping with its aloof insularity.",0,Negative,Neutral,0.18316543,0.7901548,0.02667981,0.7901548,False
"Fidel is gone, maduro you are next.",0,Negative,Neutral,0.079438336,0.8895382,0.031023439,0.8895382,False
@USER Tim Duncan and Kareem both had better careers than Kobe,1,Neutral,Positive,0.0012347001,0.015899446,0.98286587,0.98286587,False
Pope Benedict admits he was 'unsure' about Francis at first,0,Negative,Neutral,0.30294526,0.6773217,0.019733053,0.6773217,False
Let our bones break into song - @USER reading from BLUE LAWS at #MiamiBookFair2016 #NBAwards,1,Neutral,Positive,0.0016468555,0.20618103,0.7921721,0.7921721,False
Prophesized collapse of organized religion in society? We can only hope. They think Francis will be the last Pope. He's a hard act to follow,2,Positive,Neutral,0.17485775,0.6602517,0.16489051,0.6602517,False
"@USER @USER we must fight as democrats. Having Steve Bannon, Donald Trump, and Breitbart leading our country how scary!",1,Neutral,Negative,0.9886425,0.010063493,0.0012940901,0.9886425,False
Untrustworthy journalists left us vulnerable to fake news: Steve Deace via @USER #college #Democrats #UniteBlue,1,Neutral,Negative,0.9933454,0.005857553,0.000797072,0.9933454,False
@USER Will not help her. :),1,Neutral,Negative,0.991772,0.0069011254,0.0013268318,0.991772,False
"""TSA has recalled the air travel of the Samsung galaxy note 7. If you have this device, please step up to the security line""",0,Negative,Neutral,0.12800583,0.8473691,0.024625087,0.8473691,False
@USER like I saw someone on FB share an article saying that instead of vaccines people should just be exposed to the disease to fight it,0,Negative,Neutral,0.068422474,0.91523665,0.016340816,0.91523665,False
"#Didyoumiss via @USER Meet Melania Trump, the former nude model that is America’s new First Lady FLOTUS",0,Negative,Neutral,0.004131833,0.5293361,0.46653208,0.5293361,False
"Spend #BlackFriday IN #The602Club for the best deal, we talk #FantasticBeasts with @USER & @USER",1,Neutral,Positive,0.0010577176,0.007100138,0.99184215,0.99184215,False
"David Blaine is not magic, he's incredible. Again, he's incredible, but not magic.",2,Positive,Neutral,0.3210865,0.4403809,0.23853263,0.4403809,False
"How are you going to unite the millions of ""leftists wasting their time?"" Sounds like you're doing a great job.....…",1,Neutral,Positive,0.15319733,0.36970267,0.47710007,0.47710007,False
@USER There's a bunch but:Pain in My HeartMBDTF & College DropoutFreewheelin' Bob DylanRidin' Dirty (H-Town)Pet Sounds,0,Negative,Neutral,0.0016121431,0.65860933,0.33977857,0.65860933,False
@USER @USER @USER @USER it's a data point. Being triggered by data points also something liberals do. Don't be dumb,0,Negative,Neutral,0.17622757,0.8043806,0.019391729,0.8043806,False
The only thing I can commit to is my vegetarianism,2,Positive,Neutral,0.004499004,0.86759627,0.12790465,0.86759627,False
@USER Please don't push for Romney for Secretary of State.,1,Neutral,Negative,0.763416,0.23013677,0.00644725,0.763416,False
Donald Trump Is Considering Gutting Medicare And Giving It To Wall Street #topprog #libcrib #NeverTrump #uniteblue,1,Neutral,Negative,0.9681943,0.03045682,0.0013488602,0.9681943,False
"We shouldn't be celebrating other people's death even if we hate them, we're better than this! #Palestine #PalestineBurning",1,Neutral,Negative,0.9723778,0.024672585,0.0029496395,0.9723778,False
"@USER @USER TPP the gold standard. She also was in favor of government deregulation, a border fence, called black people super",0,Negative,Neutral,0.20877075,0.72178584,0.06944332,0.72178584,False
CONFIRMED: The Doctor Is IN! Ben Carson Is Donald Trump's New...,1,Neutral,Positive,0.0070171272,0.12176606,0.87121683,0.87121683,False
"I found a nice strip club in Miami for sale, but I also want to open my medical marijuana dispensary and a big biker bar. Maybe all of them.",1,Neutral,Positive,0.0023390315,0.17066969,0.8269913,0.8269913,False
@USER Funny since it is easy to prevent fraud: Ensure social security number exists before allowing voter registration.,0,Negative,Neutral,0.11218058,0.52365285,0.36416662,0.52365285,False
That meeting with pelosi Shumer and others dems..including Hillary and.. ( Jill Stein),0,Negative,Neutral,0.015372001,0.95144844,0.033179577,0.95144844,False
i just wonder how much @USER got paid and what position she was offered - may be a role in Clinton Foundatio…,0,Negative,Neutral,0.01893872,0.9611476,0.01991374,0.9611476,False
Quick! Do one of those on-the-street things where you ask random people if we should pull out of TPP and then ask them what it stands for!,0,Negative,Neutral,0.037358206,0.9350754,0.027566448,0.9350754,False
An easy-to-follow deep learning formula for natural language processing,2,Positive,Neutral,0.0062302863,0.6326106,0.3611591,0.6326106,False
Ashley Graham Ain’t Shy No More!,1,Neutral,Positive,0.028719438,0.4515013,0.5197793,0.5197793,False
"#BlackFridayShopping Tevo Black Widow, for sale. Miss this chance, you need to wait for one…",1,Neutral,Negative,0.9905377,0.00825546,0.0012068991,0.9905377,False
"VEVC in the Santa Lights Parade! 6 EVs including a Tesla Model X and S, down Govt St, starting at 5:45pm.…",1,Neutral,Positive,0.0005983669,0.16105235,0.83834934,0.83834934,False
"Chinese Web Sites are censuring ""Kim Fatty the Third"", a nickname given to disparage N. Korean leader, Kim Jong-un....",1,Neutral,Negative,0.98221624,0.016935797,0.0008479632,0.98221624,False
"Bruh if my girl cheated on me with Cristiano Ronaldo, I'd just be jealous.",1,Neutral,Negative,0.7952154,0.19322929,0.011555258,0.7952154,False
"If the situation was in reverse, and Trump had the popular vote and it was definitely proven that a foreign power had hacked our ...",1,Neutral,Negative,0.9863237,0.012764293,0.0009120328,0.9863237,False
How This ‘Art Of Living’ Teacher Saved Hundreds Of Women From #ISIS,1,Neutral,Positive,0.0058524664,0.1598394,0.83430815,0.83430815,False
"40billion:Hand-painted, 3D-printed toys reimagine Frida Kahlo in the style of Picasso, Munch, Monet, and more: …",2,Positive,Neutral,0.0015290546,0.74310994,0.25536096,0.74310994,False
Are you hunting for one of THESE? @USER got a #Hatchimals and we'll be telling you how to get it…,2,Positive,Neutral,0.0012751027,0.97881067,0.01991425,0.97881067,False
"Google this important piece & write to 99K Americans have so far, inc. 6K today.",2,Positive,Neutral,0.0045769573,0.946065,0.0493581,0.946065,False
You've probably heard of the Galaxy Note 7 phones that have been catching fire & it all has to do with the battery:,0,Negative,Positive,0.014113563,0.28330863,0.7025778,0.7025778,False
The importance of using Surface & Deep learning effectively with PBL. #pblchat #pbl #lssharksbc,1,Neutral,Positive,0.0015878732,0.18403275,0.81437933,0.81437933,False
@USER @USER not clear what sanction will be for breaking this oath in favour of miniskirts & gay marriage.,0,Negative,Neutral,0.07438386,0.9182831,0.007332993,0.9182831,False
@USER @USER Poroshenko regime is still the same Kremlin's colonial regime of Yanukovych after the rotation. /1,1,Neutral,Negative,0.9871717,0.012050368,0.0007779541,0.9871717,False
So smear HRC NOW real dirt comes out Trump? No investigations WikiLinks Russia Comey and now Conflicts lies #notmypresident #stillwithher,1,Neutral,Negative,0.98965925,0.009518059,0.00082262926,0.98965925,False
Reports from the scene suggest that the victim was killed.#DebunkIsrael#israelisburning#BDS#Palestine#Jerusalem,1,Neutral,Negative,0.987917,0.011348576,0.00073446037,0.987917,False
(especially since I'm not getting that sweet sweet minimum wage in return for assisting you..) #lifepostretail,0,Negative,Neutral,0.3989362,0.4999841,0.10107966,0.4999841,False
@USER Russia had peacekeepers stationed in Georgia who were shelled by Saakashvili. Ukraine is a civil war assistance US-style.,1,Neutral,Negative,0.98904026,0.010094407,0.00086543185,0.98904026,False
Who Are the Millions of ‘Bad Hombres’ Slated for US Deportation? via @USER,1,Neutral,Negative,0.99289846,0.006214031,0.0008874949,0.99289846,False
"Cubs- ""We want to win the World Series in 2016.""Devil- ""OK, but it's gonna cost you.""Cubs- ""pfft, how bad could it be?""",2,Positive,Negative,0.6018918,0.34297544,0.055132784,0.6018918,False
🏀@USER is back! #fcblive,1,Neutral,Positive,0.0012609636,0.0035441057,0.995195,0.995195,False
@USER @USER When I say safe about Aleppo I mean still alive and free.,1,Neutral,Positive,0.0042937957,0.04179366,0.95391256,0.95391256,False
@USER I'd love if some of these white supremacists did their DNA - I'm sure they'd be in for some surprises.,1,Neutral,Negative,0.9717643,0.021747475,0.0064881854,0.9717643,False
"@USER Then people ask ""how come with a dem congress and president Obamacare had no public option?""",1,Neutral,Negative,0.8309166,0.16441365,0.0046697645,0.8309166,False
Reading about euthanasia stories for people with cerebral palsy reminds me how fortunate I was that my parents gave a damn.,0,Negative,Positive,0.26469365,0.33485112,0.40045524,0.40045524,False
(Montreal Gazette):#Leonard Cohen's most recent #CD flying off store shelves in Montreal..,2,Positive,Neutral,0.00089061016,0.96629524,0.032814104,0.96629524,False
"@USER BILLIONAIRE ( A WOMEN ) WHO MADE FORTUNE IN PRIVATE BUSINESS WHICH IS NORMALWAY, NOT IN GOVERMENT POSTs AS PER REPUBICANS & DEMS",1,Neutral,Negative,0.9473028,0.050138213,0.0025588823,0.9473028,False
"#GilmoreGirlsTop4 Christiane Amanpour, Sophie Bloom/Carole King, Madeleine Albright, Barbara Boxer",2,Positive,Neutral,0.0011778504,0.9729689,0.025853204,0.9729689,False
"@USER @USER Happy Thanksgiving,hope you had a lot to be thankful 4. Please, Re-Do OBAMA CARE its that time again & its BAD!",1,Neutral,Negative,0.6896908,0.12328901,0.18702021,0.6896908,False
My wife's top 4.4. Kirk 3. Sookie 2. Luke 1. Jess #GilmoreGirlsTop4,1,Neutral,Positive,0.0008313109,0.040099192,0.9590695,0.9590695,False
"Turkey you meddling fuck. I'm just kidding, you are a strong independent state actor who does what she pleases.…",1,Neutral,Negative,0.9871428,0.010949352,0.0019079124,0.9871428,False
1 of America's greatest Presidents #RonaldReagan quote on abortion “I've noticed that everyone who is for abortion…,1,Neutral,Positive,0.02108628,0.38627666,0.5926371,0.5926371,False
@USER Great! Now support an end to fracking.,1,Neutral,Positive,0.023259735,0.13944347,0.8372968,0.8372968,False
Immigration is a really crucial issue for these tech giants.,0,Negative,Neutral,0.13614526,0.81710744,0.046747252,0.81710744,False
Residents sell furniture as firewood in besieged Deir az-Zour #ISIS,1,Neutral,Negative,0.702227,0.2941725,0.0036004437,0.702227,False
#DSU: here is a great read to understand Thxgiving and present-day Native American relations,1,Neutral,Positive,0.0006404536,0.02359096,0.97576857,0.97576857,False
"'We’ve Seen What Obama Admin Is Doing, Just Hauling in 3rd World: Ann Coulter on Cabinet, Immigration, The Wall...",1,Neutral,Negative,0.96384877,0.034896504,0.0012547212,0.96384877,False
"""TPP Grants Banks Terrifying Secret Powers"" on YouTube",2,Positive,Negative,0.81778246,0.17622285,0.005994681,0.81778246,False
@USER @USER - David blaine and nathan fielder would be whining abt ralph nader lol,0,Negative,Neutral,0.2746177,0.6628847,0.062497575,0.6628847,False
>Persona 5 OST will have 110 tracks from the gameOh sweet mother of god have mercy on my wallet,1,Neutral,Positive,0.06925518,0.2896955,0.64104927,0.64104927,False
Hey #deplorables your boy is screwing you already.,1,Neutral,Negative,0.99501663,0.0039337007,0.0010496334,0.99501663,False
@USER @USER @USER @USER We must unite ALL against #oppression #IndigenousRights #BlackLivesMatter #J20 #disruptJ20,2,Positive,Negative,0.70883864,0.28189254,0.009268812,0.70883864,False
@USER I think some form of euthanasia might be best,2,Positive,Neutral,0.16647361,0.8115523,0.021974042,0.8115523,False
Real Madrid could face investigation over Gareth Bale signing amid suspicions club used bailed-out… #RealMadrid,1,Neutral,Negative,0.67938447,0.31750596,0.0031096062,0.67938447,False
Do Mike Pence and I agree on something? Giuliani is fucking crazy.,1,Neutral,Negative,0.99202806,0.006992274,0.0009797044,0.99202806,False
I think the only thing about Persona 5 I'm dreading is the obligatory beach/hot-springs event. Ever since 3 we keep getting it.,1,Neutral,Negative,0.9922397,0.0066056955,0.001154605,0.9922397,False
Another oil producer is under pressure to devalue its currency #Libya,1,Neutral,Negative,0.50643975,0.489982,0.0035782726,0.50643975,False
@USER @USER @USER ...and the Clinton Foundation did well during the Obama years as a pay for play business,0,Negative,Positive,0.0013076644,0.034193534,0.9644988,0.9644988,False
At least there would be a reason...😒#TrumpTeam #TrumpTransitionTeam #Trump #TransitionTeam,1,Neutral,Negative,0.76851267,0.1988935,0.032593865,0.76851267,False
"@USER Normally, it works just fine, with integrity. The past winners confirm that. In this instance, two ballots minus Verlander? Bad",0,Negative,Neutral,0.19749612,0.5037458,0.29875803,0.5037458,False
"@USER @USER I pretty much got it now while I have the money so I won't have to worry when Persona 5 comes out lol, I'm pathetic",1,Neutral,Positive,0.17459738,0.2741208,0.5512818,0.5512818,False
"#3Novices : Demonetisation: ED arrests 2 Axis Bank officers in a money laundering case A gold bar, part of alleged…",1,Neutral,Negative,0.9359546,0.062265597,0.0017798878,0.9359546,False
There's no better way to get around in London than an #uber with Abdulla in his all black #prius banging the tunes…,1,Neutral,Positive,0.0029649672,0.024475837,0.9725592,0.9725592,False
@USER What's the best source of data for number of voters elected by current suppression efforts (voter ID etc.)?,1,Neutral,Negative,0.8753966,0.12284944,0.0017539131,0.8753966,False
"LeBron pays off World Series bet, dons Cubs uni",1,Neutral,Positive,0.00448223,0.2921277,0.70339006,0.70339006,False
Natural #Gas #Prices At #Highest Level In Two Years. #fracking[URL],1,Neutral,Positive,0.0049927626,0.10049843,0.89450884,0.89450884,False
@USER @USER says best in nation. He's turning in his Grayson Allen fan club card. #GoHeels #MauiInvitational #BilasIsADookie,1,Neutral,Positive,0.0012477073,0.029750071,0.96900225,0.96900225,False
Ricketts Scores Cash For Cubs..,2,Positive,Neutral,0.0021219521,0.9844989,0.01337924,0.9844989,False
"Boss: We've got your last check.Me: ...Boss: Well you keep screaming ""ow-AH-AH-AH-AH"" in the Disturbed voice everytime you give vaccines",1,Neutral,Negative,0.9907526,0.008200818,0.0010464916,0.9907526,False
Ssssssnakesssss! #draintheswamp,1,Neutral,Positive,0.026501367,0.47550383,0.49799487,0.49799487,False
@USER CHIP defines a child at conception. Some Democrats want to end CHIP by folding it into Medicaid. Should…,0,Negative,Neutral,0.10368497,0.87856114,0.017753905,0.87856114,False
@USER but why do they claim #jerusalem when they do not have any religious association???,1,Neutral,Negative,0.9566028,0.04249178,0.0009053906,0.9566028,False
9 things Democrats still have to be thankful for #Trump2016 #TrumpTrain #GOP #ccot #tcot #ThanksTrump #UniteBlue,1,Neutral,Positive,0.0034920648,0.08134815,0.91515976,0.91515976,False
@USER #TrumpTransitionTeam Runnin the COUNTRY ❗️❗️❗️🇺🇸🇺🇸🇺🇸,1,Neutral,Positive,0.001296751,0.03588254,0.9628207,0.9628207,False
"@USER With you as Commander-in-Chief believe you'll get DOD/Contractor Partners ""smart"" in this key area…",1,Neutral,Positive,0.0016379253,0.036516607,0.96184546,0.96184546,False
All beauty-lovers need to read thekatvond's powerful words about animal testing:,1,Neutral,Positive,0.006813926,0.2575514,0.7356346,0.7356346,False
Hey Kim Fatty The third u there :D ? Fatty fatty,0,Negative,Neutral,0.0018112797,0.9023424,0.09584624,0.9023424,False
2016 World Series Champions - Chicago Cubs~ Major League Baseball[URL] & Outdoors,1,Neutral,Positive,0.0011984771,0.39413106,0.6046704,0.6046704,False
#Update #YemenAt least #Houthi's fired 11 missiles into the southern border village of #Al_Tuwal in #SaudiArabia,1,Neutral,Negative,0.9452567,0.053596616,0.0011466608,0.9452567,False
#Aztecas #Maya #Indigenous Peruanos. Love it. #DAPL Shows What Happens When Indigenous Communities Unite-,1,Neutral,Positive,0.0018981982,0.002417113,0.99568474,0.99568474,False
White-collar supremacy? White supremacists have always been suit & tie wearing pseudo-intellectuals. NY Times just wants hits lol,1,Neutral,Negative,0.99075234,0.007884282,0.0013634496,0.99075234,False
4-6-2009Are all those runs charged to Verlander? How long till fans start panicking over Verlander?Some things never change.,1,Neutral,Negative,0.96813065,0.030178117,0.0016911788,0.96813065,False
😇❤...just because it's Friday night and I'm home doing nothing,1,Neutral,Positive,0.0014011454,0.010040161,0.98855877,0.98855877,False
"@USER I've got 3 actual people too so don't you 'chicken' me.They've found a good home, I saved them all from euthanasia.",1,Neutral,Positive,0.065958105,0.20862895,0.7254129,0.7254129,False
"@USER @USER and he is paid reasonably well above the minimum wage. He doesn't have to pay for rent, water, or elec.",1,Neutral,Positive,0.019908288,0.24014312,0.73994863,0.73994863,False
Reading Marine Le Pen tweet you would think that Forza Italia was the big winner #italyreferendumIf elections Forza would be annihilated,1,Neutral,Negative,0.68490726,0.30328506,0.011807644,0.68490726,False
@USER i think the #TrumpTransitionteam said that she dos not support common core! and btw i think your hopes are way too hi.,1,Neutral,Negative,0.97750825,0.020949412,0.0015424151,0.97750825,False
Australian Government Commits to Nationwide Medical Marijuana Program,1,Neutral,Positive,0.0019746548,0.4331291,0.5648963,0.5648963,False
"Other than Lorelai and Rory, #GilmoreGirlsTop4 characters are: 4.Sookie 3.Kirk 2.Jess",2,Positive,Neutral,0.0013364838,0.9766401,0.022023464,0.9766401,False
"#ISIS claimed responsibility for a suicide op, launched by #Morocco national, in Al-Intisar, E.#Mosul, allegedly killing 18. #MosulOffensive",1,Neutral,Negative,0.99085265,0.008319581,0.000827773,0.99085265,False
#Assad #Russia Airforce Attack #Turk soldiers in Support of #Hezbollah #IRGC led Global #Shia Army Funded By #Iran oil #Khamenei Spirit Ldr,1,Neutral,Negative,0.9658618,0.033203725,0.0009344336,0.9658618,False
Standing Rock #nodapl Stop Dakota Access PipelineIt is all about the power of Intention! stand together and we...,1,Neutral,Positive,0.0023946015,0.1547337,0.84287167,0.84287167,False
"If Intel Community was aware of RUSSIA efforts to MANIPULATE election, Why COMEY didn't disclosed, but was eager to talk about Emails B.S.?",1,Neutral,Negative,0.6068567,0.38761404,0.005529325,0.6068567,False
Top story: How Racing Champions Use 3D Printing for Victory| Interesting Engine… see more,2,Positive,Neutral,0.0040919636,0.59457403,0.40133396,0.59457403,False
Yep. Dems neither can nor should ditch “identity politics” @USER #uniteblue #NotMyPresident #Trump #tcot #MAGA,1,Neutral,Negative,0.97082233,0.027077835,0.0020998407,0.97082233,False
@USER @USER @USER Only thing I disagree with is 3D printing. Nowhere close to efficiencies of large scale manufacturing.,1,Neutral,Negative,0.99146736,0.0075121117,0.0010205656,0.99146736,False
#FFRNN #CLASSROOM GUEST LECTURER Neil Cavuto; Apple vs. Government (A Company that Cares vs #Obamacare) #uniteblue,0,Negative,Neutral,0.0025679944,0.83180815,0.16562381,0.83180815,False
@USER @USER all the 'w' from keyboards. #Obama is reducing border security with huge masses crossing over. #ThankYouObama,1,Neutral,Negative,0.98248464,0.01505858,0.00245668,0.98248464,False
"#Syria Update: Lavrov - Rebels Remaining in Eastern #Aleppo City Are ""Terrorists""",1,Neutral,Negative,0.8794035,0.118428655,0.0021678468,0.8794035,False
"Ahead of today's Seoul protest, N Korean defectors worry S Korean political crisis may be a boost for Kim Jong-un",1,Neutral,Negative,0.9248155,0.072956435,0.0022280305,0.9248155,False
"Commie #Castro's Vast Estate Estimated @ Over $900 ~ Yachts, 20 Mansions, Swiss Accounts, Yet His Citizens Starved.",0,Negative,Neutral,0.021860084,0.86583483,0.112304986,0.86583483,False
the only one good thing about this whole dirty grandpa movie was zac efron's dick,0,Negative,Neutral,0.24969496,0.40775365,0.34255138,0.40775365,False
Love is love. No room for hate! @USER from @USER - @USER @USER para Cuando Un...,1,Neutral,Positive,0.0024198405,0.0058792843,0.9917008,0.9917008,False
@USER I don't think we'll see anything like that from the Cubs for a while. Cubs used unprecedented prospect depth for that one.,2,Positive,Negative,0.56333107,0.41262224,0.024046645,0.56333107,False
"@USER It seems like it, I know. #usa #racism #BlackLivesMatter #racematters #Equality #foundingfathers…",1,Neutral,Negative,0.8353231,0.16150405,0.003172888,0.8353231,False
Gun Show Thursday's #FantasticBeasts #GloryDays #healthcare #NationalFastFoodDay #FantasticBeastsAndWhereToFindThem,1,Neutral,Positive,0.0012116503,0.011183337,0.987605,0.987605,False
@USER ummm @USER should be in the middle and @USER on DJT right side. At least Paul u got #MakeAmericaGreatAgain,1,Neutral,Positive,0.0027854943,0.09748655,0.89972794,0.89972794,False
AFRICOM: Strikes destroy 29 #ISIS sites in #Sirte. #Libya[URL],1,Neutral,Negative,0.86748797,0.12527704,0.0072349934,0.86748797,False
"@USER @USER @USER @USER @USER I live in MD. 3rd strictest gun ""control"" in the country.",0,Negative,Neutral,0.013436379,0.9309004,0.055663254,0.9309004,False
@USER prediction: Walker will get the cy young next year and a golden glove for Marte. The trade curse must continue!,2,Positive,Neutral,0.10628168,0.8503757,0.04334263,0.8503757,False
Debate on the repeal of Obamacare will make it obvious to American people that this system was created in their fav…,1,Neutral,Negative,0.9369229,0.059835672,0.003241512,0.9369229,False
"@USER No gold standard can support the needs of a modern monetary economy. This ""intrinsic value"" you speak of is arbitrary.",1,Neutral,Negative,0.9758975,0.022807987,0.0012945042,0.9758975,False
L L L #Entertainment #Buzz ZAC EFRON HANDSOME BARECHESTED BEEFCAKE HUNK CANDID PHOTOGRAPH #eBay……,2,Positive,Neutral,0.00093192037,0.96397394,0.0350941,0.96397394,False
And Newton is about 5 years overdue for that. Eclipses Cristiano Ronaldo as the biggest prima donna in sports.,1,Neutral,Positive,0.007832512,0.22964028,0.76252717,0.76252717,False
Ashley Graham Confesses That Losing Weight Would #loseweightnow#loseweightfast#lose inches,1,Neutral,Positive,0.013177352,0.39260173,0.59422094,0.59422094,False
This is why I firmly support Paul Ryan's plan to gut Medicare. White folks over 45 voted 60-40 for Trump. Let em ha…,0,Negative,Positive,0.010043791,0.17645133,0.8135048,0.8135048,False
I wish I was Ashley Graham,2,Positive,Neutral,0.09348257,0.61500365,0.29151374,0.61500365,False
"Yep. A wall on the Mexican border, that is. Obama, Schumer, you name it. They all voted for it. Consistently contra…",0,Negative,Positive,0.0081739975,0.06336115,0.9284649,0.9284649,False
Let me fix that headline for you: GOP Looks To Gut Medicare.You're welcome.,0,Negative,Neutral,0.07927349,0.76969266,0.15103377,0.76969266,False
Seems Tim Duncan is doing more than just showing up at #Spurs practices #spurs #gospursgo,2,Positive,Neutral,0.0055894298,0.9401042,0.05430631,0.9401042,False
"@USER @USER @USER @USER And vaccines, let's not forget vaccines...",1,Neutral,Positive,0.015885565,0.34511867,0.6389958,0.6389958,False
Grayson Allen only plays well against bad teams,1,Neutral,Negative,0.9823845,0.016357873,0.0012576354,0.9823845,False
This @USER account is delicious! Nothing but deplorables who already feel betrayed by the Cheeto 😂😂😂😂,0,Negative,Positive,0.15372162,0.052136693,0.7941417,0.7941417,False
😇 (Vine by #TheWalkingDead),2,Positive,Neutral,0.0066930573,0.8857767,0.10753028,0.8857767,False
The Return review: Hisham Matar's attempts to uncover his father's terrible fate[URL] #News,0,Negative,Neutral,0.025095649,0.96722275,0.0076814834,0.96722275,False
#DumpTrump #WillMissObama #ThankYouObama gets 'choked up' presenting Ellen DeGeneres with Medal of Freedom – video,2,Positive,Neutral,0.031366136,0.7349066,0.23372722,0.7349066,False
Just arrived #fcblive,1,Neutral,Positive,0.0008350007,0.095999934,0.90316504,0.90316504,False
Nu: Happy Music (Eddy) Met dit uur o.a.: DRAKE - ONE DANCE (FT WIZKID AND KYLA) - 2016 RICKY MARTIN - SHE BANGS...,1,Neutral,Positive,0.0007353507,0.022064101,0.97720057,0.97720057,False
@USER But the #Australian #coal #LNP (Libs.) and #GOP #Oil already know this. They just want to earn cash out of fossil fuels while,1,Neutral,Negative,0.9691656,0.029139798,0.0016946861,0.9691656,False
If Putin wanted to intervene all he would have had to do is donate to the Clinton Foundation. Not hack computers &…,0,Negative,Neutral,0.15413962,0.8227379,0.023122529,0.8227379,False
"@USER @USER George Soros Will Never Let The Inauguration Happen,The Time For Americans To Act, Peacefully is NOW,Or NWO..",1,Neutral,Negative,0.98739946,0.011585293,0.0010152328,0.98739946,False
Saakashvili predicts chaos if no snap elections held. What will be Poroshenko's counter?,1,Neutral,Negative,0.98155105,0.017554348,0.0008947144,0.98155105,False
I took one look at gamefaqs and one thread is just one dude screaming about how much better Dragon's quest and Pers…,1,Neutral,Negative,0.668431,0.3025071,0.029061912,0.668431,False
"@USER @USER @USER That's OK, only ""little people"" buy cheap things Made in #China, so #MAGA!…",1,Neutral,Negative,0.8796582,0.1122899,0.008051918,0.8796582,False
"#Assortment of #ginger #man, #cookies that looks #natural that anyone would try to taste.#NationalFastFoodDay…",1,Neutral,Positive,0.001434809,0.050504193,0.94806105,0.94806105,False
SA's weed oil salesmen get ahead of themselves with medical marijuana products #MedicalDagga,1,Neutral,Negative,0.6347679,0.35529158,0.009940577,0.6347679,False
"Now this is a #Tesla that Trump might like, view here: $tsla #teslamodels #teslamotors #teslamodelx #teslamodel3 #EV",1,Neutral,Positive,0.0019720283,0.07502834,0.9229996,0.9229996,False
"@USER MAC is perfect, but no longer animal-testing free 😿I'm on a constant search for a Lady Danger dupe that feels as good...",1,Neutral,Negative,0.58440924,0.31390938,0.10168139,0.58440924,False
RT @USER In the news: 'Alt-right' is believed to have been coined by the guy who quoted Nazi propaganda in D.C. on Saturday. htt…,0,Negative,Neutral,0.10017009,0.8911076,0.008722297,0.8911076,False
this shouldn't be a thing... #NationalFastFoodDay,1,Neutral,Negative,0.9905359,0.0081670405,0.0012969815,0.9905359,False
For #CriminalMinds #Hotchner and #Morgan back. For #TheWalkingDead Faster paced show. For 'Our' group to rise up fr…,1,Neutral,Positive,0.0013718142,0.3261993,0.67242885,0.67242885,False
The perfect Christmas gift for any lapsed Catholics or dentists that you only want to spend £2.60 on.…,1,Neutral,Positive,0.001241605,0.008913149,0.9898453,0.9898453,False
"Phosphorus: highly flamable: A person who is affected by Phosphorus is energetic, outgoing, hyperactive, sociable,…",1,Neutral,Negative,0.52831715,0.42180762,0.049875267,0.52831715,False
@USER Kim Jong Un needs to mix in a salad once in a while.,0,Negative,Neutral,0.016292432,0.97524095,0.00846661,0.97524095,False
@USER @USER @USER No Warren is Hillary light another born again Republican that came to save liberals from themselves.,0,Negative,Neutral,0.19301014,0.7546904,0.052299447,0.7546904,False
@USER #Resistance #NeverTrump #StillWithHer #PopularVote #ElectoralCollege #FaithlessElector #AuditTheVote,1,Neutral,Negative,0.78890246,0.20568718,0.005410363,0.78890246,False
Pelosi laying out early bribes[URL],1,Neutral,Negative,0.8339826,0.16209728,0.003920122,0.8339826,False
"@USER @USER And ISDS under TPP was a national sovereignty issue, too. Never got the headlines...",1,Neutral,Negative,0.6903307,0.3039135,0.005755826,0.6903307,False
"@USER So the fact that your grandparents where anti-fascists makes your ""lugenpresse""-husband less of a nazi? Amazing logic",0,Negative,Neutral,0.3420241,0.61144763,0.04652826,0.61144763,False
Native American Pipeline Protest Halts Construction in N. Dakota,1,Neutral,Negative,0.94484013,0.053677212,0.0014826958,0.94484013,False
Such a good summary of so many little Brexit Tories; do yo recognise anyone @USER,1,Neutral,Positive,0.001669308,0.011047842,0.9872829,0.9872829,False
@USER Really? I just got Medicaid and don't have to pay shit! I had $10k in hospital bills and paid nothing,2,Positive,Negative,0.9900595,0.008440232,0.0015001529,0.9900595,False
Farsoon High-tech sees huge growth ahead in 3D printing - China Daily,1,Neutral,Positive,0.0013924052,0.013051996,0.98555565,0.98555565,False
Did you miss the #NBAwards announcement? Here are the titles honored this year by @USER,1,Neutral,Positive,0.0010221623,0.29509187,0.703886,0.703886,False
"Steve Bannon is my Favorite Trump -Pick Yet, Breitbart is a threat to media🎉coming from a fellow Jew, Trump will ha…",2,Positive,Negative,0.97417635,0.023891466,0.0019322006,0.97417635,False
"That's incorrect I do, no one gets to clock out today.. #TheWalkingDead 😆",1,Neutral,Negative,0.8337479,0.15950061,0.0067514903,0.8337479,False
"Reading up on Nazi collaborators, here's some light reading. Article from 2011. Lots more. And Deplorables GFYS.",1,Neutral,Negative,0.9656475,0.03209239,0.0022600323,0.9656475,False
"@USER You must not know anyone who needs Medicare, Social Security, SNAP (like Veterans families), or education.",1,Neutral,Negative,0.9527491,0.04531875,0.0019322169,0.9527491,False
"""They're doing everything to overthrow Brexit""",1,Neutral,Negative,0.6659352,0.31506637,0.018998392,0.6659352,False
"Messi: ""Anoeta is a complicated stadium where we haven't won in years"" #fcblive",1,Neutral,Negative,0.85004,0.1448529,0.0051070177,0.85004,False
Honey's a sweet success for Cuba as other bee populations suffer Cuba has no pesticides due to embargo.#SaveOurBees,1,Neutral,Positive,0.06881895,0.26920423,0.6619769,0.6619769,False
Conflict. Incoming controversial Tweet about something insignificant that will dominate headlines for days......,1,Neutral,Negative,0.95854044,0.03995248,0.0015070174,0.95854044,False
#Australia 's most wanted #jihadist #NeilPrakash arrested in the #MiddleEast#ام_الربيعين_تجمعنا#mosul#mosulop…,1,Neutral,Negative,0.8983112,0.10031401,0.0013747987,0.8983112,False
@USER it's what Bob Dylan sounds like at an amphitheater,2,Positive,Neutral,0.0026343171,0.6307498,0.36661583,0.6307498,False
David Blaine's Best Color Change Revealed: via @USER,1,Neutral,Positive,0.0008995307,0.02055708,0.97854334,0.97854334,False
"@USER at least wait untill the end for your #GilmoreGirlsTop4 . Mine are Luke, Paul Anka, Suki and Babette. #TeamJess all the way",2,Positive,Neutral,0.0019561201,0.9423474,0.05569644,0.9423474,False
@USER @USER @USER wonder how they would feel if Kim Jong-un was the one helping Trump? i.e. Not a white guy,0,Negative,Neutral,0.15837672,0.83181095,0.009812346,0.83181095,False
New 2016 @USER #Rapid #Facelift 1.5 Diesel DSG Review : Rejuvenated![URL],1,Neutral,Positive,0.0013481395,0.011459022,0.98719287,0.98719287,False
One thing I've learned about the #GilmoreGirlsTop4? People really need to learn how to spell Sookie. You call yourself real fans? Pffffffft.,1,Neutral,Negative,0.9356919,0.061486028,0.0028220597,0.9356919,False
@USER @USER And the drama continues from DJT camp even though he won the electoral college!Stirring pot!,1,Neutral,Negative,0.8623747,0.13302831,0.004596917,0.8623747,False
2 medical marijuana users sue to force Arizona to reduce fees - Arizona Daily Star,0,Negative,Neutral,0.014159743,0.97741836,0.0084219,0.97741836,False
#Erdogan’s Hard Times in #Syria #Aleppo[URL],1,Neutral,Negative,0.73173726,0.2642015,0.0040612603,0.73173726,False
"@USER @USER I know! Just like the way Republicans assume liberals are victims of mainstream media!! Crazy, right?",1,Neutral,Negative,0.9902422,0.008380041,0.0013776716,0.9902422,False
"Nancy Pelosi""Donald Trump is not going to be President of the United States, take it to the bank. I guarantee it""[URL]",1,Neutral,Negative,0.97247,0.025304588,0.002225337,0.97247,False
@USER @USER @USER @USER When the Dems weaponized the IRS they had to know it would circle back on them. 🐴,2,Positive,Negative,0.9890216,0.009287826,0.0016906228,0.9890216,False
It won't and you Dems look smart not going with Ryan and moth balling Pelosi. Ryan is the ticket to win 2020. Mode…,2,Positive,Neutral,0.3246839,0.5166297,0.15868647,0.5166297,False
Jill Stein gets 1% of Trump's votes in Wisconsin but demands a recount? BS - she is getting Clinton Foundation mon…,1,Neutral,Negative,0.98537135,0.013549347,0.001079256,0.98537135,False
Canceled my FFXV preorder from Amazon; decided to save 1500yen and buy it in Toronto next month. Plus I haven't finished Persona 5 yet heh,1,Neutral,Negative,0.9641297,0.033602692,0.0022676634,0.9641297,False
AND ALIENS!!!!!1 AND ROBOTS!!!!!!!! SPACE ROBOTS!!!!!!!!!!,1,Neutral,Positive,0.0018983426,0.15368414,0.8444175,0.8444175,False
@USER Any money left after giving it all away by purchasing a coveted spot in the Usless Nations? #UnitedNations #fb,0,Negative,Neutral,0.0115528945,0.96996605,0.01848101,0.96996605,False
@USER @USER We have received only 30+ votes and they say these votes are from ultra rightists which actually want to 1,1,Neutral,Negative,0.7292311,0.26613957,0.0046293614,0.7292311,False
@USER we pulled out of the middle East and now we're fracking in America.,0,Negative,Neutral,0.07879795,0.90858775,0.012614311,0.90858775,False
@USER .@USER No were are not all the same. We are not white supremacist and we don't condone it. #notmyprsident #StillWithHer,0,Negative,Neutral,0.23888831,0.737233,0.023878604,0.737233,False
"@USER Let’s just say that after the whole #Comey election interference fiasco, I reserve judgement on anything they say. Or don't",1,Neutral,Negative,0.98321474,0.015817748,0.0009675574,0.98321474,False
We've got photos from the #NBAwards red carpet on our website.,2,Positive,Neutral,0.00089121185,0.97490376,0.024205131,0.97490376,False
"Never shame to say I get a curve , rasss , girls out there was being randy Johnson on me . Damn CY Young award pitchers.",1,Neutral,Negative,0.6041281,0.3323752,0.06349675,0.6041281,False
@USER We now wait for Maduro's turn,0,Negative,Neutral,0.3925526,0.59741586,0.010031507,0.59741586,False
I'm sure Trump would NEVER let money influence his decisions,1,Neutral,Negative,0.957221,0.039639276,0.0031397366,0.957221,False
Op-Ed: Gun control will not solve gun <b>violence</b> #ExpressHatred,1,Neutral,Negative,0.9818318,0.01719428,0.00097389653,0.9818318,False
THIS. SHOULD. SCARE. YOU.,0,Negative,Positive,0.00806451,0.017060224,0.97487533,0.97487533,False
".@USER @USER And Mikheil #Saakashvili, former #Georgia President and a #CIA ""asset"", is now a #Ukraine politician. (",1,Neutral,Negative,0.89260536,0.1055565,0.0018381942,0.89260536,False
"Fires near 'Abu Ghosh', northwest of occupied Jerusalem.#israelisburning #Palestine",1,Neutral,Negative,0.96350104,0.03560459,0.00089442206,0.96350104,False
Kim fatty the third,0,Negative,Neutral,0.0013844761,0.98222107,0.016394496,0.98222107,False
#Obama Helps #Iran Get New Planes As They Smuggles Weapons To #Hezbollah >[URL],1,Neutral,Negative,0.9583594,0.04028197,0.0013586094,0.9583594,False
"Traditional Thanksgiving food is fire, my mom just made some shit she makes all the time but made it slightly better",1,Neutral,Negative,0.9654889,0.025489125,0.0090220235,0.9654889,False
@USER @USER @USER @USER Agreed,2,Positive,Neutral,0.002844353,0.97208846,0.02506719,0.97208846,False
"Propaganda #AQAP #INFOGRAPHIC 13 vehicles Destroyed 10 Land Cruisers,2 Armored,1Ford #aden #yemen",1,Neutral,Negative,0.99279904,0.006306114,0.0008948331,0.99279904,False
@USER @USER @USER @USER @USER And neither he or Lynch said anything about the Comey letter.,1,Neutral,Negative,0.669466,0.324635,0.005898966,0.669466,False
@USER @USER extend this man's contract! #TheFuture,1,Neutral,Positive,0.0011452779,0.033177633,0.9656771,0.9656771,False
"@USER they won because of Comey, Russia, and fake news. and thy didn't win by much. We don't have to listen to the easily duped",0,Negative,Neutral,0.42742056,0.5148328,0.057746693,0.5148328,False
"Read the first chapter of @USER THE UNDERGROUND RAILROAD, Winner of the 2016 #NBAwards for Fiction",1,Neutral,Positive,0.000939724,0.20589393,0.79316634,0.79316634,False
"#Hatchimals Hatchimals have been out of stock everywhere, don't pay the outrageous markups, just wait, be patient",1,Neutral,Negative,0.9872799,0.011679511,0.0010406988,0.9872799,False
"The latest Politicos, political, politique,! Thanks to @USER @USER @USER #fracking",1,Neutral,Positive,0.00089660246,0.029395645,0.9697077,0.9697077,False
#news #summary: #uber rival #grab’s first #cfo is leaving the #company after just seven #months,0,Negative,Neutral,0.03430539,0.9539574,0.011737211,0.9539574,False
Fidel Castro: Master of His Image,1,Neutral,Positive,0.0039004106,0.34132892,0.65477073,0.65477073,False
@USER you should ask other leaders globally to have their own Obamacare.,2,Positive,Neutral,0.01273849,0.9639338,0.023327744,0.9639338,False
@USER not wasting ridiculous amounts of taxpayer money on a witch hunt is my gold standard. #publicityStunt,1,Neutral,Negative,0.98441595,0.013302048,0.0022820472,0.98441595,False
#BOTVA16 Best Recurring ActorMichael Cudlitz @USER #TheWalkingDeadJeffrey Dean Morgan @USER #TWD[URL] NOW,1,Neutral,Positive,0.001214364,0.019384034,0.9794016,0.9794016,False
"Read this > No, Trump, We Can’t Just Get Along #wipolitics #wiunion #UniteBlue #tcot #MAGA",1,Neutral,Negative,0.97388625,0.024588635,0.0015251746,0.97388625,False
I KNEW IT WAS D.R CASSIDY! #ScreamQueens,1,Neutral,Positive,0.032489635,0.2598729,0.7076375,0.7076375,False
ANN7 insert on abortion is so ten seasons ago news chapters cannot stunt rumour stigma wen FAM say multiple ones as young teen was the case!,1,Neutral,Negative,0.8288526,0.16223352,0.008913924,0.8288526,False
The poem is the Constitution of the inner country.- Leonard Cohen,2,Positive,Neutral,0.0010447048,0.9530902,0.045865063,0.9530902,False
#victoriaderbyshire .. even the people who voted remain know what #brexit means .. #badlosers,1,Neutral,Negative,0.9898633,0.008942327,0.0011944614,0.9898633,False
"@USER @USER @USER @USER so when Israel supplies electricity to #Gaza, do you condemn it for helping #Hamas?",1,Neutral,Negative,0.9241244,0.07466294,0.0012127227,0.9241244,False
Maduro praises #Castro. His people sort through rubbish for food.Venezuela close to breaking point via @USER,0,Negative,Positive,0.015056793,0.24036804,0.7445751,0.7445751,False
@USER just drop all three episodes back to back to back this Sunday #TheWalkingDead 😅,1,Neutral,Positive,0.008397443,0.45077115,0.5408313,0.5408313,False
@USER reports brush fire approaching community of Maaleh HaChamisha in the #Jerusalem Hills.,1,Neutral,Negative,0.77178043,0.22573654,0.0024829896,0.77178043,False
The Real Goal of the Anti-Trump Riots – Eliminate the Electoral College and the Constitution Part Two of Two Yep !,1,Neutral,Negative,0.99155104,0.0072631785,0.0011857633,0.99155104,False
"#saturdaymorning @USER ""Trump...'trust his judgement' But what is his judgement? He keeps changing it! Hillary, Obamacare..",1,Neutral,Negative,0.9654048,0.032975085,0.0016200207,0.9654048,False
"I come alive in the fall time 😨Coffee and Sniped Photo cred: mom @ Tipp City, Ohio",1,Neutral,Positive,0.0008991576,0.009209662,0.9898912,0.9898912,False
"Progressives/liberals/leftists like arguing so much, we argue w/each other instead of choosing/believing in common ground to effect progress",0,Negative,Positive,0.0065872716,0.09612013,0.89729255,0.89729255,False
WHY IS CHINA BUYING UP SO MUCH GOLD? ARE THEY PLANING TO BACK THEIR MONEY ON THE GOLD STANDARD WHILE WE PRINT MORE…,1,Neutral,Negative,0.9340813,0.062316675,0.0036019564,0.9340813,False
#thewalkingdead 😍 sweet dreams,1,Neutral,Positive,0.002574171,0.0018333999,0.9955924,0.9955924,False
@USER @USER @USER @USER Better tell that to the leftists.,1,Neutral,Negative,0.9862591,0.012645015,0.0010958245,0.9862591,False
"Ben Carson being considered for the same cabinet position Jack Bauer once had. Mister Carson, you're no Jack Bauer.",0,Negative,Neutral,0.45210925,0.5316038,0.016287014,0.5316038,False
@USER @USER count them for what?? Why don't you worry about voter registration fraud?? That's where the fraud is going on,1,Neutral,Negative,0.9940054,0.005137016,0.00085772126,0.9940054,False
"Together, we fight to make cosmetics animal cruelty free",1,Neutral,Positive,0.009243487,0.35615602,0.63460046,0.63460046,False
Join me in ridding your house of #methane producing gas We don't need #fracking Seek @USER from @USER,0,Negative,Neutral,0.104646966,0.75244874,0.14290428,0.75244874,False
Meanwhile... China blocks “Kim Fatty the Third” from web search results - Merci @USER !,1,Neutral,Negative,0.97536486,0.023727482,0.0009076131,0.97536486,False
#MuhammadAli RARE! Muhammad Ali signed BOTH his names aka Cassius Clay w/ Certification! #Legend #Boxer,1,Neutral,Positive,0.0014781673,0.41306284,0.585459,0.585459,False
@USER @USER meh.. Grayson Allen is 💩,1,Neutral,Positive,0.002356197,0.03107401,0.9665698,0.9665698,False
"DYK? Our soap is #crueltyfree & #vegan, which means absolutely no animal products or testing! #NoMoreDirtyHands",1,Neutral,Positive,0.010796761,0.14598575,0.84321755,0.84321755,False
"@USER #gilmoregirlstop4 4)Paris3)Luke2)Sookie1)Emily...how could you forget Emily, @USER ?!",1,Neutral,Positive,0.0059943697,0.35234106,0.64166456,0.64166456,False
#Iraq #Mosul Scores of #families continue to flee #Mosul#mosuloffensive #media #MosulAid #news_journalism…,1,Neutral,Negative,0.9886246,0.0106263235,0.0007491133,0.9886246,False
"#Recount2016 #UniteBlue <Silly suckersJill Stein Now Can’t ‘Guarantee’ Money Will Go to Recount, Changes $$$ Goal",1,Neutral,Negative,0.9937686,0.005342401,0.00088912144,0.9937686,False
"""How do you do, fellow alt-Rightists? Say, any of you revolutionaries up for an op against a designated target late…",0,Negative,Neutral,0.03303847,0.9606181,0.006343418,0.9606181,False
@USER Some Bad Hombres,1,Neutral,Negative,0.99516004,0.0039714314,0.00086849945,0.99516004,False
Ric Flair & Muhammad Ali,1,Neutral,Positive,0.004204756,0.44049025,0.555305,0.555305,False
@USER @USER only evidence of that will be illegal voter registration.,1,Neutral,Negative,0.9815555,0.017354688,0.0010897843,0.9815555,False
Barcelona facing disciplinary action for chants directed at Cristiano Ronaldo[URL],1,Neutral,Negative,0.8796797,0.11800917,0.0023111622,0.8796797,False
Ted Cruz: Gov. actuaries say #ObamaCare will increase health care spending by $621B over next 10 yrs %u2026 #pjnet,0,Negative,Neutral,0.0056609493,0.9742599,0.020079084,0.9742599,False
Fuck the Tesla Model S looks solid!! 👍😨,0,Negative,Positive,0.0063771904,0.007706414,0.98591644,0.98591644,False
animal testing would finally end,1,Neutral,Negative,0.98209953,0.01611721,0.0017832494,0.98209953,False
"people come out to voice, hope gay marriage through! I hope the Taiwan government can hear it. We love equality🌈🌈😭😭💞",1,Neutral,Positive,0.0017094872,0.0068442314,0.99144626,0.99144626,False
"@USER Hi, Came across and I'm looking for ideas to write a 3D printer proposal. I'm in the EL school LMC. Thanks",2,Positive,Neutral,0.0012775777,0.80715144,0.19157091,0.80715144,False
@USER @USER @USER @USER @USER @USER @USER noise but no substance,0,Negative,Neutral,0.020863267,0.9716932,0.0074436036,0.9716932,False
California run into the ground by corrupt 1 party rule~Drivers licenses for illegals/ automatic voter registration,1,Neutral,Negative,0.99333996,0.0058895494,0.0007705798,0.99333996,False
Pope Francis reminds the weak to appeal to the protection of God's mercy.-the hard hearted like the Pharisees rule by fear not compassion.,1,Neutral,Positive,0.010550371,0.4282835,0.5611661,0.5611661,False
Early start 4 @USER this morning chatting about @USER #panto #beautyandthebeast with @USER,2,Positive,Neutral,0.00067342207,0.9254289,0.07389764,0.9254289,False
I'd believe more in self-driving cars if there were a single Map program that didn't frequently catastrophically malfunction,0,Negative,Positive,0.053141285,0.4452679,0.50159085,0.50159085,False
Retweeted #TrumpTransitionTeam (@USER):#hamiltonmusical's auditions banned white...,0,Negative,Neutral,0.091733456,0.9014033,0.0068632327,0.9014033,False
"Super-simple Google Earth VR ""tour"" generator, for marking locations into GEVR before you …",1,Neutral,Positive,0.0013839524,0.15172149,0.8468945,0.8468945,False
@USER @USER I want verlander and miggy,2,Positive,Neutral,0.0050543947,0.90238655,0.092559025,0.90238655,False
@USER Liberal Nazi world Fidel Castro was there liberal god every liberal nazi dream idol.,1,Neutral,Negative,0.9811974,0.016797183,0.0020054677,0.9811974,False
North Korean officials asked that China block searches for the popular term.,0,Negative,Neutral,0.0797585,0.9145821,0.005659511,0.9145821,False
#OneDirection Story of My Life #Music,2,Positive,Neutral,0.001237193,0.9789444,0.01981828,0.9789444,False
#FantasticBeasts for my last day visiting #chicago,1,Neutral,Positive,0.0007193906,0.040825043,0.95845556,0.95845556,False
Myopic world of Brenda Power that sees violence as a solution - no human problem can EVER be solved by an act of violence-which abortion is,1,Neutral,Negative,0.98872685,0.010063103,0.0012099557,0.98872685,False
"True. Also, don't you support TPP?? Weird",0,Negative,Neutral,0.067227274,0.8693109,0.06346186,0.8693109,False
"Man if I ever run into this guy, I'm decking him. #Westworld #WestworldFinale",0,Negative,Positive,0.0047180294,0.028308257,0.9669737,0.9669737,False
@USER What yr was this?What ifACjust had this1meeting?ACpromotes Holodomor.Don't think a KT would do that:,0,Negative,Neutral,0.15362854,0.8375121,0.008859356,0.8375121,False
Why does this sound like a melania trump speech,1,Neutral,Negative,0.86918825,0.1281531,0.0026586656,0.86918825,False
#Trump stock in #DAPL company raises concerns. #STOPDAPL #StopTrump NOW by any means necessary! #OurRevolution,1,Neutral,Negative,0.9794947,0.019029912,0.0014754925,0.9794947,False
Tactics used could be seen as key voter suppression,1,Neutral,Negative,0.97256505,0.026320744,0.0011141365,0.97256505,False
"Chinese officials are censoring the term ""Kim Fatty the Third,"" a nickname for North Korea's Kim Jong Un",1,Neutral,Negative,0.9127184,0.08587743,0.0014040801,0.9127184,False
"#Maduro, you must be the next one. #2017 do your work well",1,Neutral,Positive,0.0008661767,0.01865196,0.9804819,0.9804819,False
Grayson Allen? 2015 Championship game MVP. Freshman All American. 1000+ College points. Duke All American.According…,1,Neutral,Positive,0.0011903195,0.011797263,0.98701245,0.98701245,False
@USER @USER Are you comparing Cuba to China and the ramifications of lifting the embargo to a call with Taiwan? #getaclue,0,Negative,Neutral,0.011967318,0.9796566,0.008376107,0.9796566,False
Awkward moment #289 - RKelly playing in your #uber and you dance,2,Positive,Neutral,0.013603385,0.97149783,0.014898856,0.97149783,False
"@USER is this a prophecy? Is that what you wish a hospitable country like US? If everyone, countries do the right thing no deplorables.",0,Negative,Neutral,0.05058513,0.88326967,0.06614524,0.88326967,False
#anal fissure homeopathy lest talk about sex,1,Neutral,Negative,0.49737668,0.49656337,0.0060599204,0.49737668,False
@USER @USER @USER good mans,1,Neutral,Positive,0.0012546796,0.017582104,0.9811632,0.9811632,False
#FinallyAtPeaceWith people calling me 'Kim Fatty the Third',1,Neutral,Positive,0.0044597182,0.16615967,0.8293806,0.8293806,False
@USER we probably need those riots to end the rentier paradise the country has come brexit or no,1,Neutral,Negative,0.973813,0.025004398,0.0011825673,0.973813,False
You know it's not a good sign when Nigel Farage and Marine Le Pen take to Twitter for a gloat with ... via @USER,1,Neutral,Negative,0.99052304,0.008602925,0.0008739871,0.99052304,False
@USER @USER - democracy at the whim of the electoral college Is nut-worthy- @USER (??),1,Neutral,Negative,0.77732116,0.21435024,0.008328605,0.77732116,False
@USER Agreed! I just love when the deplorables are afraid of progress!,2,Positive,Negative,0.51676923,0.12195337,0.36127737,0.51676923,False
"UK govt failing to learn Libya lessons, say MPs[URL] #News",1,Neutral,Negative,0.9888256,0.010449459,0.000724989,0.9888256,False
@USER @USER @USER @USER @USER @USER He Comey is a pawn. Yankd by DOJ and his FBI uproar,1,Neutral,Negative,0.9915392,0.007528384,0.0009323673,0.9915392,False
Space robots help clear the road for self-driving cars #autonomouscars,1,Neutral,Positive,0.0011886947,0.05797899,0.9408324,0.9408324,False
"@USER you still fighting for that minimum wage hike? ""A hair net is worth 👏🏼👏🏼👏🏼A fair net worth"" #HNLM",2,Positive,Neutral,0.026318777,0.66819745,0.30548385,0.66819745,False
why does melania trump look like she knows you from somewhere but doesnt remember your name,1,Neutral,Negative,0.96297234,0.036025863,0.001001871,0.96297234,False
"English has opposed abortion voluntary euthanasia ,physician assisted suicide,civil unions and the decriminalisation of prostitution",0,Negative,Neutral,0.17909995,0.8106994,0.01020065,0.8106994,False
"Natalie Cole, #Bowie, #Prince, Leonard Cohen, Leon Russell, Gwen Ifill, #SharonJones, & now #FidelCastro? Geez, 2016. 😭",0,Negative,Positive,0.011723283,0.15161644,0.8366603,0.8366603,False
Cassidy is the Green Meanie????? #ScreamQueens,1,Neutral,Negative,0.99008524,0.008988288,0.0009264887,0.99008524,False
#IraqiForces storming Al Zuhour district east of #Mosul #Mosul #Mosuloffensive #MosulOp #Iraq#ISIS…,1,Neutral,Negative,0.9542088,0.04476368,0.0010274855,0.9542088,False
the explanation as to why dems got blown out of the water in 2016 is full of tautologies,1,Neutral,Negative,0.98758125,0.011432873,0.0009859009,0.98758125,False
@USER @USER so what do y'all think about gun control??? 😂😂😂,1,Neutral,Negative,0.8375554,0.15043725,0.012007373,0.8375554,False
if you said have the partime tech job with a 2nd partime job making minimum wage B/c you don't have a degree but you got the hot Asian gf,0,Negative,Neutral,0.09705988,0.8672946,0.035645545,0.8672946,False
Still hoping Electoral College sides with the majority of American people. #AuditTheVote #StillWithHer,2,Positive,Neutral,0.01076172,0.70829743,0.28094083,0.70829743,False
Uplifting reading from @USER #earth #climate #robots #unitednations #soil #extinction #trump #timetopulltogether,2,Positive,Neutral,0.013786663,0.9139953,0.072218075,0.9139953,False
NVIDIA Doubles Down On Self-Driving Cars With Xavier AI Chip And A Hat Tip To Next Gen Volta GPU,2,Positive,Neutral,0.001801034,0.629761,0.36843798,0.629761,False
Black Friday giveaway samsung galaxy note 7 2016 via @USER,2,Positive,Neutral,0.00083903014,0.710401,0.28876007,0.710401,False
Read my heartfelt tribute to Fidel Castro in part three of my @USER column #Castro,1,Neutral,Positive,0.001137304,0.07113761,0.9277251,0.9277251,False
@USER That tactic worked so well for Labour under austerity and I'm sure will rid the anti-EU sentiment from those harmed by Brexit,1,Neutral,Positive,0.010740768,0.09848789,0.8907714,0.8907714,False
Check out the 2016 @USER award winners #NBAwards!,1,Neutral,Positive,0.0007641307,0.32880595,0.6704299,0.6704299,False
"Maduro the pin head. A Festival of Strife, isn't the world watching? @USER #freevenezuela",0,Negative,Neutral,0.004511555,0.84685624,0.14863214,0.84685624,False
#GilmoreGirlsTop4 4) Emily 3) Luke 2) Richard 1) Paul Anka,2,Positive,Neutral,0.0013019165,0.9832093,0.015488748,0.9832093,False
Really hope there's one person who appreciates this gold standard metal band pun.,1,Neutral,Positive,0.008035097,0.12858365,0.86338127,0.86338127,False
'Nothing to See Here' Headlines Conceal Police Violence at Dakota Access #UniteBlue,1,Neutral,Negative,0.9794708,0.01963902,0.0008902296,0.9794708,False
Sunday: Football. American football. Dolores Park. Fantastic Beast and Where to Find Them. Ramen. Palace Hotel. Forgot Westworld. 1 a.m.,1,Neutral,Positive,0.0025656826,0.059397563,0.9380368,0.9380368,False
#FantasticBeasts is good except for the incredibly stupid 'twist' ending :/,2,Positive,Negative,0.77594435,0.1265282,0.09752745,0.77594435,False
"No, U didn't pay enough attention 2 PUTIN Comey&Wikileaks!She is actually winning popular vote by 2million+ pollste…",1,Neutral,Negative,0.87541825,0.11714359,0.0074380706,0.87541825,False
@USER The @USER elevated a loon (who also operates @USER to judge what is proper media in the US.,1,Neutral,Negative,0.95297295,0.045443248,0.0015838939,0.95297295,False
Japan and Russia tensions set to IMPLODE as Putin deploys missiles on Japanese islands,1,Neutral,Negative,0.9859242,0.013302216,0.0007735925,0.9859242,False
Microsoft Joins The Linux Foundation In Latest Open Source Commitment #business #technology,1,Neutral,Positive,0.0007798348,0.10656593,0.8926542,0.8926542,False
Bringing The World To Virtual Reality With Google Earth VR.,1,Neutral,Positive,0.0008027979,0.07683274,0.9223645,0.9223645,False
"Scientists play a key role in solving global problems, Pope #Francis says | Christian...",1,Neutral,Positive,0.0008412448,0.028172698,0.97098607,0.97098607,False
Funds raised for recount in WI + PA - keep going to help MI done! -- #nevertrump #AuditTheVote #StillWithHer,1,Neutral,Positive,0.0010291737,0.12758364,0.8713872,0.8713872,False
@USER @USER wow the fact you like the cubs totally proves your existence,1,Neutral,Positive,0.004001968,0.014456701,0.9815414,0.9815414,False
@USER dropped that heat 🔥🔥🔥🔥 .. #uber .. I'm fw that.. link in his bio 🏧💰 #omg #therealbfa…,1,Neutral,Positive,0.0027483266,0.07485354,0.92239815,0.92239815,False
#opensource What #Microsoft joining the #Linux Foundation means for us,1,Neutral,Positive,0.0010950869,0.039664708,0.95924014,0.95924014,False
#BeautyAndTheBeast @USER this is how shows are made... AB,2,Positive,Neutral,0.0014926133,0.87491655,0.12359084,0.87491655,False
"Oh, and let's not forget getting that PS4 theme and costume DLC. Wew lad. Persona 5 has become far too much of a money sink.",1,Neutral,Negative,0.9891394,0.009523339,0.001337302,0.9891394,False
@USER do anything for $ PIMP @USER NEWS RETWEET-RUSSIANS/CLINTONS,0,Negative,Neutral,0.008135648,0.97596747,0.015896967,0.97596747,False
The Crankies on tour again? #democracy #sovereignty #draintheswamp,1,Neutral,Negative,0.9438795,0.054095153,0.0020253623,0.9438795,False
Kim “Fatty Kim the Third” Jong Un Gets New Mean Nickname After Chinese Censors Block Fat Jokes,0,Negative,Neutral,0.19833297,0.791078,0.01058914,0.791078,False
#LGBT #p2 UN Rejects Attempt to Suspend LGBT Rights Expert -,1,Neutral,Negative,0.8774234,0.12010717,0.0024694377,0.8774234,False
do jews admit alt-rightists into ADL meetings?,0,Negative,Neutral,0.023058616,0.9676853,0.009256111,0.9676853,False
AMAZING: Folliculitis Decalvans Homeopathic Cure by Dr. Ravi Singh[URL],1,Neutral,Positive,0.0016301938,0.009786785,0.98858297,0.98858297,False
Leo Messi delivered 59 completed passes in Glsagow. More stats like this here: #FCBlive,1,Neutral,Positive,0.0008103018,0.11542253,0.8837671,0.8837671,False
@USER By her own admission he tried to pick up Melania while he was with a date. Trump is loyal to Trump. That's it. End of story.,0,Negative,Neutral,0.11867467,0.8059333,0.075392105,0.8059333,False
@USER @USER MEHH I don't get OT and I'm not on medicaid so it'll be a banner year!,0,Negative,Positive,0.0020611198,0.006729516,0.9912094,0.9912094,False
Who says surge pricing is gone? #uber #uberindia #travel #taxi,1,Neutral,Negative,0.6228373,0.369962,0.0072006606,0.6228373,False
Google Earth VR lets you fly anywhere without leaving the house via @USER,1,Neutral,Positive,0.0011728315,0.11322895,0.88559824,0.88559824,False
@USER @USER ERIC IM SURE YOUR DADS ON THIS RECOUNT SCAM RITE?GEORGE SOROS AND ALEX WOW!,0,Negative,Positive,0.014102483,0.25320557,0.7326919,0.7326919,False
#Uber #rolls out new #features in its #rider and #driver #app,2,Positive,Neutral,0.000891663,0.7342148,0.26489356,0.7342148,False
my family was lit as hell when Chavez died & it's a celebration now that Castro died & we not even Cuban...maduro when's your turn?,0,Negative,Neutral,0.19894136,0.5518649,0.24919376,0.5518649,False
I like how the Bbc always loads against Brexit VD on now.,1,Neutral,Positive,0.010421819,0.1030454,0.8865328,0.8865328,False
"We must catch the moments while we're young and quick, for soon we will be old and slow. #ThisIsUs",1,Neutral,Positive,0.003689226,0.22462,0.77169085,0.77169085,False
"@USER Please call for a recount of the votes in the swing states. Even if things don't change, you gave it your all. #StillWithHer",2,Positive,Neutral,0.017520485,0.58018136,0.40229812,0.58018136,False
"I've said dude about 30,000 times so far this trip so euthanasia is my only option",1,Neutral,Negative,0.9866803,0.012236269,0.0010834273,0.9866803,False
"@USER It's a counter to ""Russians hacked election"" and ""Comey violated Hatch Act."" Defense against covert Electoral College plots.",1,Neutral,Negative,0.676724,0.31501833,0.008257681,0.676724,False
Prayers to #israel #israelisburning #haifa #jews #jerusalem,2,Positive,Negative,0.8624304,0.13523646,0.0023330909,0.8624304,False
1. Tweet the Beauty and the Beast cast2. Request @USER to sing the theme song3. Don't forget to use the #Beautyandthebeast hashtag,1,Neutral,Positive,0.00148567,0.462582,0.53593236,0.53593236,False
"Millennials, perpetual petulant children, The Daycare Generation. #p2 #tcot #maga #trump protest",1,Neutral,Negative,0.9918355,0.007037967,0.0011265156,0.9918355,False
"NEWS : Christian Media in Nigeria : Yolanda Adams and Common singing ""Glory"" at the BET's #ThankYouObama event by…",2,Positive,Neutral,0.0013233057,0.8030271,0.19564956,0.8030271,False
Id be more impressed if he pulled ashley Graham...baddest by my standard,1,Neutral,Negative,0.5434905,0.31763303,0.13887645,0.5434905,False
#RICKYMARTIN - PERDONAME[URL] #cancion #video #amor #desamor,1,Neutral,Negative,0.9781146,0.02088665,0.0009987886,0.9781146,False
just ... when?I died #onedirection #MtvStarsNiallHoran #3YearsofMidnightMemories #NiallOnAMAs,2,Positive,Negative,0.9914352,0.0074443812,0.0011204425,0.9914352,False
"@USER I'm not saying they will, but they can; also: will of the ppl? HRC is winning popular vote by 2 mill, so ... 😉",1,Neutral,Positive,0.0031741504,0.13042371,0.86640215,0.86640215,False
Iraqi forces raise the flag and pull down #isis flag in Qara Tapa outside of #mosul #mosuloffensive #BREAKING…,1,Neutral,Negative,0.89584035,0.10278427,0.0013753886,0.89584035,False
@USER @USER They're natural conservatives goy,0,Negative,Neutral,0.010939559,0.9576976,0.03136286,0.9576976,False
#USA spottd 3m long rockets leavng #Iran 2 #Gaza &made #Israel strike it@USER 12m long ones arrive #Houthi #Yemen[URL],1,Neutral,Negative,0.94473064,0.054103207,0.0011661861,0.94473064,False
Thx 4 Folow'ng @USER This from #Jerusalem - a #contemporary take on prayer beads #art #culture…,2,Positive,Neutral,0.00084952224,0.96389115,0.035259392,0.96389115,False
I think Céline Dion should sing the soundtrack to #BeautyAndTheBeast again.@USER it's Céline's thing right? She should do it,1,Neutral,Positive,0.0034940555,0.10721364,0.8892923,0.8892923,False
@USER there's no way the media would black out protest of a Trump inaug. It's what they want,1,Neutral,Negative,0.8472167,0.14689787,0.005885475,0.8472167,False
"@USER @USER @USER I guess history treats slaves & liberals as less than one person, or the electoral college is working",0,Negative,Neutral,0.22351801,0.7572172,0.019264756,0.7572172,False
"@USER Happily @ the mainland awaiting for Yulin, Maduro, Jay Fonseca, Putin, Kim Jong, Puertorican media, etc., to JOIN him.",1,Neutral,Positive,0.004528906,0.18082012,0.814651,0.814651,False
"@USER well, @USER has no problem telling you that he fully supports #Hamas . I wonder where all the donations go.",1,Neutral,Negative,0.9719801,0.026040332,0.001979597,0.9719801,False
#Hezbollah parades around in #US personnel carriers but where did they get them?,1,Neutral,Negative,0.72677714,0.27075803,0.0024648071,0.72677714,False
@USER In fact thousands of eligible voter registration are mistakenly deleted every year because of change of address conflicts,1,Neutral,Negative,0.9928986,0.0062799784,0.0008214592,0.9928986,False
WeWeDonald Trump says...We need to build a wall on the Mexican border.We need somebody who can make america great again.. TF,1,Neutral,Positive,0.009436712,0.1671375,0.82342577,0.82342577,False
Jeep ferrying Castro's ashes broke down and needed to be pushed 😂😂,1,Neutral,Negative,0.98471594,0.013525415,0.0017586672,0.98471594,False
Eight of my fellow monks & nuns & I are forming our own protest in front of Trump Hotel in DC tomorrow. We can't afford to wait#ResistTrump,0,Negative,Neutral,0.04929246,0.5810016,0.36970598,0.5810016,False
"Dear Electoral College member, Dec 19 will be very interesting.",1,Neutral,Positive,0.0014775095,0.0036547477,0.9948677,0.9948677,False
"@USER I love your products. However, I can't in good conscience buy your products anymore until you stop animal testing",1,Neutral,Positive,0.31451103,0.16652581,0.5189631,0.5189631,False
Steve Bannon’s First Pick For President - POLITICO // hold on to your seats: it's @USER,2,Positive,Neutral,0.007277388,0.9030629,0.089659765,0.9030629,False
"Steve Bannon says Trump is “probably the greatest orator since William Jennings Bryan"" 😹😹😹😹😹😹😹😹 totes bigly",1,Neutral,Positive,0.008129842,0.08498129,0.9068889,0.9068889,False
Pittsburgh’s Commuters Will Be the First to Use Uber’s Self-Driving Cars,2,Positive,Neutral,0.0032009964,0.71505535,0.2817437,0.71505535,False
Given my experience with my real estate inheritance & the issues w/#fracking so glad I passed on buying real estate in #BoulderCounty #yikes,1,Neutral,Positive,0.0353624,0.35657725,0.6080603,0.6080603,False
Study Proving Vaccines Cause Autism Banned From InternetA peer-reviewed scientific study…,1,Neutral,Negative,0.96315175,0.035502456,0.0013458207,0.96315175,False
good morning everyone except dakota access pipeline supporters,0,Negative,Neutral,0.0666587,0.9133057,0.02003565,0.9133057,False
#eleanorRoosevelt #Firstlady #respect #Fighter #elegance #grace Founder of #UnitedNations #MyDay newspaper column…,1,Neutral,Positive,0.0010933928,0.04131526,0.9575913,0.9575913,False
@USER @USER @USER Unless you want to work for below minimum wage.,1,Neutral,Negative,0.69176865,0.30301777,0.0052135903,0.69176865,False
Only thing I care about rn is westworld.... and the universe doesn't wanna see me happy,1,Neutral,Negative,0.98646927,0.011929098,0.001601606,0.98646927,False
Zac Efron & Seth Rogen Both Have Abs -- Kinda -- In First Official Neighbors 2 #ZacEfron,2,Positive,Neutral,0.0022941811,0.89409286,0.103612944,0.89409286,False
"in the Oregon experiment, 10,000 previously-excluded people (poor & childless) were given access to Medicaid for the first time",2,Positive,Neutral,0.0041352217,0.62223524,0.3736295,0.62223524,False
#Aleppo : Despite Russian airstrikes the Regime has failed to advance and the Opposition have killed 250 militiamen in the last 48 hours.,1,Neutral,Negative,0.9930957,0.0061648013,0.00073947984,0.9930957,False
🚨DOW JONES🚨TIME TO SELL BEFORE THESE JERKS @USER @USER @USER @USER @USER,0,Negative,Neutral,0.008279362,0.97699136,0.014729327,0.97699136,False
"@USER @USER @USER Now you're talking about your Gal Pal Hillary! SHE USED ""SOS"" job to make MILLIONS! Pay to Play!",1,Neutral,Negative,0.79391146,0.14259553,0.06349298,0.79391146,False
With #PresElectTrump we can DefundPP & work to stop #Abortion #AbortionKillsBabies #ChooseLife #ProLife #Adopt…,0,Negative,Positive,0.046340138,0.46541822,0.4882416,0.4882416,False
"Illicit drug sales through social media growing, security expert says",1,Neutral,Negative,0.82141495,0.17393692,0.0046481965,0.82141495,False
HILL YES!! #ImWithHer #TrumpNeverAnyone'sPresident #UniteBlue,1,Neutral,Positive,0.015071515,0.3501704,0.6347581,0.6347581,False
"#DeepLearning Key Terms, Explained #KDN",2,Positive,Neutral,0.0043772333,0.9797943,0.015828505,0.9797943,False
@USER @USER @USER What about Last Guardian? Persona 5? I just don't see the connection lol,1,Neutral,Negative,0.53666884,0.4427002,0.020630892,0.53666884,False
@USER is it de Galaxy Note 7,1,Neutral,Positive,0.0009300895,0.15533265,0.84373724,0.84373724,False
didi pickles definitely believes that vaccines cause autism,1,Neutral,Negative,0.822282,0.17034626,0.007371636,0.822282,False
"@USER @USER I believe it's meant for you to question the integrity of, second guess & question the Obama Admin. 1/2",1,Neutral,Negative,0.9349802,0.06294657,0.0020732197,0.9349802,False
@USER @USER Police found 2 arson devices in the forest near Haifa. Set by Arabs. Suspicious #Israel #Hamas #ISIS #CrushTheCaliphate,1,Neutral,Negative,0.98952323,0.00961396,0.0008627174,0.98952323,False
"BUY medical marijuana, CANNABIS OIL,moon rocks AND SEEDS AT VERY GOOD PRICES",1,Neutral,Positive,0.0014564536,0.0105587635,0.9879848,0.9879848,False
"-Expect no real immigration reform, no wall on the Mexican border, no repeal of the sick joke known as…",1,Neutral,Negative,0.991915,0.0071830507,0.0009019743,0.991915,False
#Beauty #ArianaGrande-THE REMIX-JAPAN ONLY #CD E78 #Deals #TopSeller,2,Positive,Neutral,0.00084468856,0.97564507,0.023510186,0.97564507,False
@USER @USER BAHAHA I find it hilarious how liberals love to assume that if some1 is against media they like FOX. Idiot.,0,Negative,Positive,0.26030016,0.32682288,0.41287696,0.41287696,False
Why is Bradley Cooper here..... #ThankYouObama,0,Negative,Positive,0.006171885,0.097520724,0.8963074,0.8963074,False
"Ireland's economic fortunes look good - but Brexit, EU tax rules and housing are wildcards",1,Neutral,Positive,0.06033187,0.4693096,0.47035846,0.47035846,False
The union between myself and @USER must be realized. A marriage between rightists and #tankies must be secured for the sake of peace!,1,Neutral,Positive,0.0026083137,0.20919342,0.78819823,0.78819823,False
Assault on St. Valentines – a Review[URL] #bookreview #politicallyincorrect,1,Neutral,Negative,0.9858395,0.013121981,0.0010385737,0.9858395,False
#DayAfterThanksgiving Steve Bannon is asking Trump why can't it be White Friday.,1,Neutral,Negative,0.9758961,0.02303954,0.001064328,0.9758961,False
@USER @USER Do you even know who Nancy Pelosi and Harry Reid are and what years they had control?,0,Negative,Neutral,0.14117162,0.83758724,0.021241084,0.83758724,False
Your Money: What Should a Cubs Fan Pay to Realize a Lifelong Dream? #ApsnyNews,2,Positive,Neutral,0.0065358006,0.9837362,0.009727895,0.9837362,False
Who's better than Grayson Allen or josh Jackson 😂😂😂😂😂,1,Neutral,Positive,0.016621957,0.057864096,0.925514,0.925514,False
"Ingeniously finding a way to save vast sums on building costs, #Trump just sent a brigade of expert wall builders t…",0,Negative,Neutral,0.12293728,0.56779283,0.30926988,0.56779283,False
"@USER @USER I ALWAYS get people arguing speciesism with me against veganism, u could use it as a ""for"" for animal testing x",1,Neutral,Negative,0.90994745,0.08648029,0.0035722707,0.90994745,False
Abbreviated pundit roundup: Trump packs cabinet with the megarich,0,Negative,Neutral,0.013116626,0.9757722,0.011111249,0.9757722,False
"my votes are for RONALDO..@USER for this years BALLON""DOR.....2016.......",2,Positive,Neutral,0.0007774786,0.93134713,0.06787539,0.93134713,False
If the #TrumpTransitionTeam expects an apology from @USER then @USER should reciprocate. Ugly comments came from both.,1,Neutral,Negative,0.98916095,0.009781231,0.0010578091,0.98916095,False
@USER @USER @USER @USER @USER Nancy Pelosi and soooo many more w Obama masquerading as a Moderate.,0,Negative,Neutral,0.27550277,0.6986266,0.02587064,0.6986266,False
"#Microsoft joins the #Linux Foundation. But, there's a twist! |",1,Neutral,Positive,0.0024820836,0.40257367,0.5949442,0.5949442,False
Betsy DeVos nightmare dystopia for American schoolchildren: Into The Sweatshop With You! #UniteBlue #Resist #p2…,1,Neutral,Negative,0.99100375,0.0076001445,0.0013961677,0.99100375,False
Breaking News: MSM confused Michael Moore for Hillary in story,0,Negative,Neutral,0.29117253,0.69599056,0.0128368735,0.69599056,False
@USER @USER He violated the Cuba embargo. @USER,1,Neutral,Negative,0.9900657,0.009031512,0.0009028321,0.9900657,False
@USER gold medal standard for sure!,1,Neutral,Positive,0.0013636491,0.007835451,0.9908009,0.9908009,False
"@USER Ben Carson~""I would not advocate that we put a Muslim in charge of this nation. I absolutely would not agree with that.""",1,Neutral,Negative,0.9845308,0.014270141,0.001199095,0.9845308,False
#gilmoregirlstop44. Babette3. Miss Patty2. Lorelai1. KirkColor me surprised at how many people don't know how to spell Kirk.,0,Negative,Neutral,0.0530534,0.9169083,0.030038243,0.9169083,False
@USER no but really! Lol,1,Neutral,Positive,0.007948634,0.37242305,0.61962825,0.61962825,False
That time Christina Crossin dropped Melania Trump speech during her set at the #INSCENE 2 year anniversary party...,0,Negative,Neutral,0.0010615463,0.94283664,0.05610176,0.94283664,False
A detailed map of the Dakota Access Pipeline that's led to months of clashes near Standing Rock…,1,Neutral,Negative,0.84201175,0.15615727,0.001830935,0.84201175,False
Melania Trump sues Slovenia journalist over 'escort' claims via @USER,0,Negative,Neutral,0.3012472,0.69360673,0.0051460387,0.69360673,False
@USER drivers licenses for illegals & motor voter + honor system voter registration = clear path for voter fraud,1,Neutral,Negative,0.9920026,0.0071863234,0.0008110929,0.9920026,False
"If this happened I personally want to thank President PUTIN. I just wonder how this stacked up against CNN""s...[URL]",2,Positive,Neutral,0.05703497,0.7494664,0.19349855,0.7494664,False
"Voted for Trump because he tells it like it is; speaks his mind.*Millions protest because of things he said.*Folks, he didn't MEAN it!",2,Positive,Negative,0.98864263,0.009334598,0.0020227807,0.98864263,False
"#Dems #UniteBlue {trump, vote, web, stop, #thanksgiving, medicare, woman, republicans, lost} +4 fotos",1,Neutral,Negative,0.8940975,0.103513665,0.002388797,0.8940975,False
@USER Steve Bannon has done nothing to you.,1,Neutral,Negative,0.8487234,0.14853804,0.0027385617,0.8487234,False
"Spectator Hotel guests take on the #mannequinchallenge in our lobby. While sipping champagne, naturally.🍾",1,Neutral,Positive,0.0011003197,0.14327152,0.8556282,0.8556282,False
See Potential Clinton Foundation Child Trafficking Ring! via @USER,1,Neutral,Negative,0.97284263,0.025510795,0.0016466064,0.97284263,False
@USER @USER @USER @USER Of course *smacks forehead* b/c white supremacists didn't support Trump throughout his campaign.,1,Neutral,Negative,0.98262906,0.016024671,0.0013462999,0.98262906,False
Our Little Ms. Philippines. 👏👏👏#littleMsPhilippines #unitednations,1,Neutral,Positive,0.0007700866,0.17046304,0.8287668,0.8287668,False
"@USER @USER yes indeed, he's hopeful of global free trade and more immigration",1,Neutral,Positive,0.0022767796,0.014992141,0.98273104,0.98273104,False
A letter toWI @USER How about a Legislator accountability system? Still relevant #wipolitics #uniteblue,1,Neutral,Positive,0.002767207,0.31735724,0.67987555,0.67987555,False
EPISODE 15 - FANTASTIC BEASTS AND WHERE TO FIND THEM[URL] #FBAWTFT #MovieReview #MoviePodcast…,1,Neutral,Positive,0.0013054976,0.038865216,0.9598292,0.9598292,False
@USER How brown does the Dem electorate have to be for white Dems to acknowledge that a first non-white VP would be helpful for votes?,1,Neutral,Negative,0.8983651,0.09831666,0.0033183163,0.8983651,False
Do people still want WW3? Is that why they're paying for a recount that's not happening? #Recount2016 #DrainTheSwamp,1,Neutral,Negative,0.94283396,0.05577702,0.0013889901,0.94283396,False
@USER @USER @USER well popular vote for Trumpster is approx. 61 million. Hillary well over 63 million. Hope!!,1,Neutral,Positive,0.0013296169,0.25504556,0.74362487,0.74362487,False
If President Elect Trump does not want our Rudy Than He Should Chose The Smart Dr.Ben Carson As His SOS. He is scandal Free and good man,2,Positive,Neutral,0.034350183,0.5319879,0.4336619,0.5319879,False
Retweeted The Independent (@USER):China is censoring people calling North Korea's leader 'Kim Fatty the...,1,Neutral,Negative,0.92895174,0.069686085,0.0013622494,0.92895174,False
Muhammad Ali actually threw his Olympic gold medal into a river as a way to protest racial discrimination in America.,1,Neutral,Negative,0.54159534,0.4480964,0.010308294,0.54159534,False
@USER Indeed White Supremacists aren't #AltRight anymore... We are Republicans now ! o/ Hail Victory !,2,Positive,Negative,0.88305527,0.076472916,0.040471856,0.88305527,False
#TheWalkingDead EM MEMORIA 😳🌸MERLET-DOGLORISOPHIAGLENNABRAHAMBOBJACQUILIZZIETYREESEGOVERNADORSAMBETHNOAHANDREAMIKA,2,Positive,Neutral,0.009196572,0.8047905,0.186013,0.8047905,False
This is a MUST WATCH #DAPL #DakotaAccessPipeline @USER @USER @USER @USER @USER @USER,1,Neutral,Positive,0.0031038441,0.014808636,0.98208755,0.98208755,False
Excuse my language but 🙄🙄🙄🙄,0,Negative,Neutral,0.36677846,0.39800614,0.23521543,0.39800614,False
"Emily, Paris, Kirk and Michel #GilmoreGirlsTop4 though it probably changes every other episode",2,Positive,Neutral,0.0020254916,0.9815046,0.01646988,0.9815046,False
November 22: Breaking News: Medicare Part B Experiment Dead,1,Neutral,Negative,0.9063534,0.09122669,0.0024199395,0.9063534,False
Anyone else realised that getting a #Hatchimals is actually harder than copping #yeezyboost 😳,1,Neutral,Negative,0.9447983,0.04779111,0.0074105817,0.9447983,False
@USER @USER @USER Tim Duncan still has money,1,Neutral,Positive,0.0015827218,0.14789864,0.8505186,0.8505186,False
MS joins the Linux Foundation for $500k as it continues to extort many times that from LF members via patents.,0,Negative,Neutral,0.019024992,0.9557919,0.025183039,0.9557919,False
@USER That Sellars favors a man who used consumer fraud to swindle citizens undermines his pretension.,1,Neutral,Negative,0.99088293,0.008354752,0.00076227525,0.99088293,False
"#feminism #StillWithHer #liberals: speak out against real horror, not some the #msm caricature of @USER",0,Negative,Neutral,0.16384572,0.80991024,0.026244061,0.80991024,False
@USER : that's the unconvenient truth. Leftists don't get plus points,1,Neutral,Negative,0.9525197,0.04550271,0.0019775694,0.9525197,False
Maarvi and I are having a Zac Efron vs Ashley Tisdale on the Suite Life moment minus the kiss,1,Neutral,Positive,0.004275744,0.1750761,0.82064813,0.82064813,False
"Completed watching Persona 5 the Animation: The Day Breakers, 9/10",2,Positive,Neutral,0.00060794695,0.89281327,0.10657888,0.89281327,False
(( - Pre-Persona 5 timeline!- Multiverse? We're all a big family!- Occasional Writer bluff.- Detailed as you ar…,2,Positive,Neutral,0.0028726782,0.6223232,0.3748042,0.6223232,False
"For me, seeing the progression of video games and consoles - whethe... #JustinVerlander #quotes",1,Neutral,Positive,0.0015067325,0.13698803,0.8615052,0.8615052,False
"Damn, reading other Green Meanie theories is shaking my confidence in my pick... everyone is a suspect! #ScreamQueens",1,Neutral,Negative,0.9912588,0.0073582157,0.0013830148,0.9912588,False
@USER Fracking,1,Neutral,Negative,0.97199327,0.027004879,0.001001819,0.97199327,False
"@USER You see, gun control is a grand issue in this nation but we can't just simply ban guns. That'd be a violation of the 2nd...",1,Neutral,Negative,0.9715001,0.027242053,0.0012578237,0.9715001,False
@USER what about those WMDs in #Iraq why bomb #Libya and #Syria,1,Neutral,Negative,0.99366623,0.0056144283,0.00071940303,0.99366623,False
"So many games to think about now that I actually have a ps4.. persona 5, FFXIV AND FFXV, OW",1,Neutral,Positive,0.0026653812,0.3147191,0.6826155,0.6826155,False
"I was personally opposed to the death penalty, and yet I think I have ... #JanetReno #citations",0,Negative,Neutral,0.03903341,0.94498634,0.015980296,0.94498634,False
Putin doesnt order anything that could be bad for Trump,1,Neutral,Negative,0.62165385,0.37028694,0.008059219,0.62165385,False
"This woman is still talking about Melania Trump's admittedly plagiarized speech, guys.As in, she's still saying i…",1,Neutral,Negative,0.96170825,0.03683514,0.0014566146,0.96170825,False
Leon Daniels has sent his expenses in for last Fridays evening Mayfair dinner causing cash flow problems at #uber HQ,1,Neutral,Negative,0.9800806,0.019063834,0.000855575,0.9800806,False
She totally Melania'd that speech #UsefulNewVerbs,0,Negative,Positive,0.0074959095,0.06411831,0.9283858,0.9283858,False
Label scan of Bob Dylan's 4th highest charting single Positively 4th Street,2,Positive,Neutral,0.0014036276,0.725173,0.27342334,0.725173,False
"Explosion today near Bazwia-Gogjali, east Mosul. With @USER and @USER #Iraq #MosulOffensive",1,Neutral,Negative,0.8515883,0.14620577,0.0022059584,0.8515883,False
Pope Francis insults Catholic youth,1,Neutral,Negative,0.9878114,0.011221715,0.0009669474,0.9878114,False
"Bob Dylan, Seasick Steve and rock’s great hits and myths – The Sydney Morning Herald",1,Neutral,Positive,0.00082901155,0.32027525,0.6788957,0.6788957,False
"Hey, sorry I haven't been inspiring you in a while. Let's get back to it. ""Don't count the days. Make the days count."" -Muhammad Ali",2,Positive,Neutral,0.029914109,0.71672106,0.2533648,0.71672106,False
@USER Snowflakes in July...is that about the anti Trump riots?? LOL,1,Neutral,Negative,0.76548684,0.21422273,0.020290432,0.76548684,False
Make this Black Friday matter a #BlackLivesMatter by spending your time and #NotOneDime. Join a protest and vote through boycott,1,Neutral,Negative,0.6748355,0.31627738,0.008887213,0.6748355,False
@USER in this Democrats & Republicans agree but bringing people like Gingrich & the like does not #DrainTheSwamp @USER,0,Negative,Neutral,0.16717264,0.80966586,0.023161415,0.80966586,False
No fan of McConnell; surprised at failure to respond to #ministerofpropaganda 7:27 in video. Maybe he's human.,1,Neutral,Negative,0.9868342,0.011975083,0.0011907301,0.9868342,False
@USER I'll print & carry during anti-trump inaugural protest march. HOPE someone near me has NAKED Melania so we can pair 'em up!,0,Negative,Neutral,0.10311417,0.7392302,0.15765557,0.7392302,False
"So if you have a Samsung galaxy note 7, you can't board planes...glad I have an iPhone 😊",1,Neutral,Positive,0.021503644,0.20374104,0.7747553,0.7747553,False
@USER @USER @USER You do know HRC won popular vote BY TWO MILLION VOTES,1,Neutral,Positive,0.012583954,0.17428757,0.8131285,0.8131285,False
"statistically, ""bad luck"" is just as valid a cause for the Electoral College result as anything else",0,Negative,Neutral,0.21457846,0.7451371,0.040284492,0.7451371,False
.@USER digi front page | Senior Brexit campaigner denies offering six-figure 'bribe' to MPs (@USER)…,0,Negative,Neutral,0.09851309,0.8932905,0.008196391,0.8932905,False
Japan warns to Prep for possible N Korean Nuke Attack,0,Negative,Neutral,0.22607778,0.7677721,0.0061501362,0.7677721,False
"For Dems to recover, Nancy Pelosi, her team should go@USER + rep Ryan are CLUELESS about Dem probs",1,Neutral,Negative,0.94647306,0.050141264,0.0033856074,0.94647306,False
2 Episodes of Westworld down. 8 to go.,2,Positive,Neutral,0.00752309,0.9653977,0.027079238,0.9653977,False
Was able to get #hatchimals but no luck with the #NintendoClassicMini 😡 #blackfridayshopping,0,Negative,Neutral,0.22132644,0.723265,0.05540863,0.723265,False
"Trump won the popular vote. And that is with all of the illegals, over 3 million, and the vote rigging with voting machines.",1,Neutral,Negative,0.98467505,0.013223942,0.0021010374,0.98467505,False
"@USER I think the future looks like 3 parties: a socialist left, multi-cultural liberals, and FN-style rightists. @USER",0,Negative,Neutral,0.0034506533,0.92279744,0.073751904,0.92279744,False
If you're against animal testing then you're against animal testing ALWAYS - not until MAC release a really nice colour lipstick lol,0,Negative,Neutral,0.15385473,0.6837566,0.16238873,0.6837566,False
"@USER We all know it's true. In CA alone, all an illegal has to do is go to DMV, get a voter ID card, then handed Voter Registration",1,Neutral,Negative,0.9002881,0.09503622,0.004675731,0.9002881,False
"420Magazine: ALS Patient Uses Medical Marijuana, Outlives Anti-Marijuana Doctors",2,Positive,Negative,0.9793396,0.019610785,0.0010495282,0.9793396,False
Microsoft love affair with Linux continues as it joins The Linux Foundation #breakingnews #zdnet,1,Neutral,Positive,0.0018094562,0.03353092,0.96465963,0.96465963,False
"@USER India, I am sure top management/Admin would've fallen Prey to Leftists'/Psedoseculiars' setting tempetions -:)!",0,Negative,Neutral,0.07266357,0.81147814,0.11585833,0.81147814,False
.Medical authority Dr Greek speaking out against the arcane practice of animal testing. #CambridgeKillers,1,Neutral,Negative,0.9538511,0.0444657,0.0016832642,0.9538511,False
@USER @USER @USER @USER @USER another -> it's a real good on…,1,Neutral,Positive,0.0017842575,0.0033062955,0.99490947,0.99490947,False
I just published “How Self-Driving Cars Will Change Cities Forever”,1,Neutral,Positive,0.0022684631,0.1513514,0.8463801,0.8463801,False
"""We could do a WALL of solar panels on the border> BOOM> Mexican Sun God pays for it."" #TrumpNarratesPlanetEarth",0,Negative,Neutral,0.011714845,0.55229944,0.43598568,0.55229944,False
Zac Efron & bear grylls lol#Liveme 🔥🐠John Smith🔱🇨🇦:,1,Neutral,Positive,0.0011611592,0.36620125,0.6326376,0.6326376,False
#Mannequinchallenge we killed it,1,Neutral,Positive,0.0066585755,0.02487127,0.9684702,0.9684702,False
@USER @USER I think it's Team Trump battling itself. The Conway wing is undermining those who want adults in the cabinet.,1,Neutral,Negative,0.975229,0.023574589,0.0011963617,0.975229,False
"Even if this results in nothing, big PR coup for Trump,vs Obama's admin which didnt seem to do much,plus look at pi…",0,Negative,Neutral,0.11524404,0.8164387,0.068317324,0.8164387,False
@USER Calls for Trump's transition team to be investigated...,1,Neutral,Negative,0.9135101,0.08481102,0.001678891,0.9135101,False
"MOVE OVER Marijuana-lovers, there's a new recreational-cum-medical substance in town 👉🏼 MEDICAL MAGIC MUSHROOMS 🍄",1,Neutral,Positive,0.004936221,0.07339083,0.92167294,0.92167294,False
Modi ji may advise people to shift to vegetarianism for maintaining good health thereby increasing the average lifespan of people of India.,2,Positive,Neutral,0.012945638,0.84536046,0.14169398,0.84536046,False
Whatthefuck Liam OMG #liampayne #onedirection #hot #sixpack #leeyum #ily #king #lifesaver…,0,Negative,Positive,0.01827502,0.03419967,0.94752526,0.94752526,False
"Instead of being aghast at the spectacle of Trump's transition, liberals should try a more level-headed approach.…",0,Negative,Neutral,0.28620538,0.6826027,0.031191897,0.6826027,False
AI and deep learning systems can develop synthetic procedures better than humans can. I shall soon be obsolete. Any new job suggestions?,1,Neutral,Positive,0.023979042,0.09485793,0.88116294,0.88116294,False
"@USER Why is a bot linked to Soros donating to your recount fund at about 160K per day, why would you take money from George Soros?",1,Neutral,Negative,0.9521368,0.04605906,0.0018041597,0.9521368,False
"Agree w/ no death penalty. UR cafeteria Catholic, unless U object to birth control, same sex marriage, communion for divorced/remarried.",0,Negative,Neutral,0.015506698,0.9460631,0.038430132,0.9460631,False
"I was thinking about trying to fix my dishwasher, but then I remembered that it is over 17 years old and euthanasia is an acceptable end.",1,Neutral,Negative,0.97584814,0.022516593,0.0016352724,0.97584814,False
Mainstream media critical of Trump's Cabinet picks: via @USER,0,Negative,Neutral,0.42535695,0.56790805,0.0067350506,0.56790805,False
@USER @USER FLASH! #AngelaLansbury turns her spout up at #BeautyAndTheBeast remake,2,Positive,Neutral,0.016712634,0.64329493,0.33999246,0.64329493,False
"Hook, line and sinker. Scottish Fishermen caught out by Brexit - Autonomy Scotland",1,Neutral,Negative,0.6508466,0.3442519,0.0049014427,0.6508466,False
"Story...Clinton Foundation paid off both Sanders and Stein, according to source. ~14 min last few min.",0,Negative,Neutral,0.005953045,0.9054779,0.088569075,0.9054779,False
"#CHINA just stopped citizens from calling Kim Jong Un ""Kim Fatty The Third"". Well this post is for all of you Chinese people. #NorthKorea",0,Negative,Neutral,0.34755397,0.6357642,0.016681919,0.6357642,False
"By 2025, #robotics and #drones, together, could replace 1/3 of the current global #workforce. #robots @USER",1,Neutral,Positive,0.025458045,0.47144747,0.50309443,0.50309443,False
"Clinton, and again and Hillary has consequences.’” Politico: Comey’s decision to a lot of legal custom that a voter registration,",1,Neutral,Negative,0.887069,0.10938223,0.0035487933,0.887069,False
OMG Nurse Hoffel is the sister of the Chanel's former maid!!!! 😱 #ScreamQueens,1,Neutral,Positive,0.0077432226,0.3179305,0.67432624,0.67432624,False
Melania short circuiting during a televised speech. #KeepsTrumpUpAtNight,0,Negative,Neutral,0.093907975,0.8875085,0.018583577,0.8875085,False
@USER @USER @USER Like you did when you were campaigning for someone who supports the death penalty?,0,Negative,Neutral,0.25358567,0.73726416,0.009150094,0.73726416,False
"@USER spends $Millions on politicians like #Giuliani, to push #iran war, makes Kim Jong Un look humble![URL]",0,Negative,Neutral,0.055611487,0.85345125,0.09093724,0.85345125,False
"Ride-sharing starts to change the way cities, urban landlords think about real estate #uber",2,Positive,Neutral,0.008031806,0.8544418,0.13752644,0.8544418,False
"@USER Bless your tact. You try to be delicate saying ""private parts."" Saakashvili boldly says, ""he wanted to hang me by my balls.""",0,Negative,Neutral,0.12867647,0.56130594,0.31001765,0.56130594,False
@USER @USER Rob Jeremy in the light. Zac Efron in the night.,1,Neutral,Positive,0.0019521515,0.17911173,0.8189361,0.8189361,False
"Will the Dakota Access pipeline take a place in a bitter history? The pipeline would carry as much as 570,000...",0,Negative,Neutral,0.015046241,0.97398067,0.0109730465,0.97398067,False
🔹ASHLEY GRAHAM | VH1 DIVAS🔹#AshleyGraham #VH1Divas #VelvetDreams #bestdressed #StyledByJeffKKim…,1,Neutral,Positive,0.0008739806,0.13087878,0.8682472,0.8682472,False
when you think people from the chicago suburbs are horrible but then you meet people from the Austrian countryside. #deplorables,1,Neutral,Negative,0.97778475,0.020938696,0.001276534,0.97778475,False
Always keep up to date with #Westworld try a free trial of #HBO through amazon![URL],1,Neutral,Positive,0.0009914418,0.1174802,0.8815284,0.8815284,False
@USER @USER don't let conservatives in denial disarm your alarm system-I really think ur insights are spot on,0,Negative,Positive,0.094093464,0.39396536,0.51194125,0.51194125,False
@USER I think a lot of what the campaign did wrong/her weaknesses could be argued what made it close. Little doubt Comey pushed it over,1,Neutral,Negative,0.8944089,0.10204061,0.003550466,0.8944089,False
And we're very lucky that Trump not be able to go because he's doing his transition so we won't be embarrassed,1,Neutral,Positive,0.03238312,0.26182666,0.7057902,0.7057902,False
Debating ignorance isn't worth the timeor usefulTRUMP won!Suck it up buttercup!NO GUN CONTROL FOR YOU!@USER @USER,1,Neutral,Negative,0.99295276,0.0059205946,0.0011266284,0.99295276,False
"@USER @USER and they are howling he is picking ""other millionaires""-apparently was not a problem with Obama's admin...",1,Neutral,Negative,0.98005086,0.01780347,0.002145709,0.98005086,False
Old death penalty needs to be laid to rest - The Daily Titan,1,Neutral,Negative,0.8835139,0.11308808,0.0033978934,0.8835139,False
If it wasn't for medical marijuana stress would be the end of me...,1,Neutral,Negative,0.9801153,0.018381372,0.0015033277,0.9801153,False
"@USER - @USER loon listing @USER @USER & others as ""allies"" is same crazy guy operating @USER 1/2",1,Neutral,Negative,0.9871049,0.01170052,0.0011945883,0.9871049,False
"@USER IA was one of the first states to legalize gay marriage.The IA I grew up in was smart,progressive and tolerant. WTH happened?",0,Negative,Positive,0.0542836,0.27292326,0.67279315,0.67279315,False
Take that Liberals and Alt-Rightists!,0,Negative,Neutral,0.33872432,0.62957317,0.03170247,0.62957317,False
"@USER The GRIT that defeated Nazi war machine in Russia,in winter, is something to be feared, BUT same humans throw away women&orphans",1,Neutral,Negative,0.99119276,0.0077007767,0.0011064437,0.99119276,False
"So Mike Pence believes in ""fixing"" non-straight people's sexuality....",1,Neutral,Negative,0.9109872,0.08482332,0.0041895136,0.9109872,False
"@USER @USER @USER Sucks Obamacare was a repub idea birth at the Heritage Foundation, & stimulus was passed by a repub POTUS",1,Neutral,Negative,0.9939267,0.0051440094,0.00092926377,0.9939267,False
#32 - Saint Valentines Day,2,Positive,Neutral,0.0016733344,0.9852889,0.013037685,0.9852889,False
Keras 1.1.2: Deep Learning for Python,2,Positive,Neutral,0.0025315061,0.93880504,0.058663495,0.93880504,False
Samuel Umtiti working on his recovery. #fcblive,2,Positive,Neutral,0.0011905098,0.9126942,0.08611525,0.9126942,False
"“We’re an important producer in that area and we have to respect our clients on both sides of the border,” CEO...",1,Neutral,Positive,0.0012780622,0.017511157,0.9812107,0.9812107,False
Boys looked so FAF#MPN #OneDirection,2,Positive,Neutral,0.06551316,0.8602476,0.07423923,0.8602476,False
BREAKING - Top Fox News Host to QUIT - to Work for Donald J. Trump #TrumpTransitionTeam #Fox News #POTUS @USER,0,Negative,Neutral,0.12081569,0.8554163,0.023768112,0.8554163,False
Sis you missed bombshell #ThisIsUs,1,Neutral,Positive,0.0074057737,0.1082976,0.88429666,0.88429666,False
"Treating Lupus with CannabisLupus is an autoimmune disease that causes inflammation throughout the body,...",1,Neutral,Negative,0.91285896,0.08501744,0.002123583,0.91285896,False
Sheriff Puts Up Politically Incorrect Sign at The Office…Liberals Lose Their Minds,1,Neutral,Negative,0.989195,0.0092242155,0.0015807222,0.989195,False
#goodnews ! Can we do something about #China ?? #GlobalWarming #SaveOurPlanet #unitednations,1,Neutral,Positive,0.046488307,0.31215006,0.64136165,0.64136165,False
@USER @USER SOUR GRAPES! Surprised that even Shankar sharma batting for dems- who knew it all & used it all too.KARMA.,0,Negative,Neutral,0.26394224,0.5826491,0.15340863,0.5826491,False
@USER @USER #ThankYouObama for keeping our premiums high! #CHANGE,1,Neutral,Positive,0.0015119523,0.010157634,0.9883305,0.9883305,False
Fire broke out in one of the #Palestinian shops in Occupied #Jerusalem,1,Neutral,Negative,0.97620296,0.023042241,0.0007548099,0.97620296,False
zac efron as link larkin 👅💦,1,Neutral,Positive,0.0022875653,0.2604756,0.73723686,0.73723686,False
I've been outed as a Gilmore Girls fan. No shame. Might as well share my #GilmoreGirlsTop44. Luke3. Richard2. Emily 1. ParisWho ya got?,1,Neutral,Positive,0.0027657833,0.047522325,0.9497119,0.9497119,False
"Black Friday, Steve Bannon yells, ""Not on my watch!""",1,Neutral,Negative,0.9647075,0.033439808,0.001852678,0.9647075,False
"They're giving out rainchecks @USER for their XXL swastika graphic tee, Steve Bannon showed up at 6am and bought every one.",1,Neutral,Negative,0.9851302,0.013417339,0.0014524878,0.9851302,False
Bob Dylan Highway 61 Revisited LP 1965 pressing with alternate From A Buick 6 ≈ 118 hours U…,2,Positive,Neutral,0.0009267519,0.9778617,0.021211626,0.9778617,False
but then those pesky vaccines and antibiotics came along.,1,Neutral,Negative,0.98993075,0.008792358,0.0012768531,0.98993075,False
Now Playing on #Channel80: Ricky Martin - Casi Un Bolero -,2,Positive,Neutral,0.0012931977,0.98536795,0.013338869,0.98536795,False
"Gold heart earrings, Textured gold heart charm dangle earrings, heart jewelry, valentines..",2,Positive,Neutral,0.0016984856,0.78209436,0.21620713,0.78209436,False
@USER Lmao. Nothing new about Pelosi. SHE became a millionaire while working as Elected for US? How's that happen w/ $173K salary?,1,Neutral,Negative,0.9842376,0.014027578,0.0017348627,0.9842376,False
.@USER condemns car bomb attack in southern #Baghdad #ISIS,1,Neutral,Negative,0.9843805,0.014681549,0.00093794666,0.9843805,False
@USER she'd claimed Thomistic view of ensoulment showed church's oppositon to abortion is recent develpmnt & Benedict wasn't having it,1,Neutral,Negative,0.9465054,0.051550347,0.0019441645,0.9465054,False
@USER #ISIS NOT #AlQaeda command center discovered in #AlQuwarshe #Benghazi #Libya,1,Neutral,Negative,0.74258167,0.2545342,0.002884049,0.74258167,False
"@USER @USER I think the #recount got the deplorables a bit on edge. There are more of us, honey. Didn't you hear? #notmypresident",1,Neutral,Negative,0.98099375,0.017124996,0.0018812863,0.98099375,False
My face but with Ashley Graham's bodyy😩😭,1,Neutral,Positive,0.0049994118,0.06664342,0.92835724,0.92835724,False
Good thread. Strong likelihood that Tilden wouldn't have won the popular vote without white supremacists' massive c…,1,Neutral,Negative,0.7147913,0.23900804,0.046200614,0.7147913,False
@USER I better win that friggin fracking contest,1,Neutral,Negative,0.99010766,0.008079578,0.0018126734,0.99010766,False
"Bad HOMBRES, Awful Women of all ages (ft. “Odd Al” Yankovic)",1,Neutral,Negative,0.9944094,0.004751471,0.00083912053,0.9944094,False
I liked a @USER video from @USER Anti-Donald Trump Protests and Riots in a Nutshell (VIDEO),1,Neutral,Positive,0.21071434,0.35157242,0.43771324,0.43771324,False
POLL result:You voted for Cabbage Patch Kids & the Furby as your favourite Christmas toys . Looks like it will be…,1,Neutral,Positive,0.0012127204,0.056308042,0.94247925,0.94247925,False
BREAKING: Paul Ryan & GOP Announce Plan To DRASTICALLY Cut Health Care (DETAILS),0,Negative,Neutral,0.08511284,0.9023423,0.012544908,0.9023423,False
"Vegetarianism, politics, religion, pro life or pro choice... it's all opinion. Shut up and let people believe what they want to believe",0,Negative,Neutral,0.08693362,0.87334573,0.039720614,0.87334573,False
"@USER This is something you should read, and take dead serious. #Trump#KeepElectoralCollegeRead:",0,Negative,Neutral,0.46687815,0.4766304,0.056491517,0.4766304,False
Support For Gay Marriage Surges Higher via @USER,1,Neutral,Positive,0.0024207232,0.20667765,0.79090166,0.79090166,False
"@USER @USER Not bashing gay marriage. You feel you need to be with same sex, so be it.That is not what Christians believe is all",0,Negative,Neutral,0.22215153,0.7566742,0.021174297,0.7566742,False
@USER Yeah and the homeopathy aisle - crazy!,1,Neutral,Positive,0.030093031,0.30021498,0.669692,0.669692,False
Marco Rubio Urges Tolerance for LGBT People in Orlando Speech to Christian Conservatives: WATCH,2,Positive,Neutral,0.016483106,0.9708363,0.01268055,0.9708363,False
these old Cubs fans talking about the city's championship is making me rethink having childrenneed one to weep for me when the Phins win,1,Neutral,Negative,0.89691937,0.0961171,0.0069635813,0.89691937,False
"The New Yorker, Nov 16, 2015: ""The Hispanics love me,"" despite that he proposes building a wall on the Mexican border....#DonaldTrumpQuotes",1,Neutral,Positive,0.0026893865,0.11436797,0.8829427,0.8829427,False
Hahaa... hopefully soon M$ is forced to opensource office and windows sourcecodes. 😋,1,Neutral,Positive,0.03657155,0.17774516,0.78568333,0.78568333,False
"#ISIS ""US officials say a secretive campaign of surveillance & drone attacks has cut the ISIS's ability to inspire attacks in the West. nyt",1,Neutral,Negative,0.98011637,0.01894613,0.0009375155,0.98011637,False
What? They didn't ask for a refund?[URL],1,Neutral,Negative,0.9830064,0.016149124,0.00084442477,0.9830064,False
"Tesla Model S P100D vs Dodge Challenger SRT Hellcat, Battle Of The Fastest Cars",1,Neutral,Positive,0.0011186153,0.36271745,0.6361639,0.6361639,False
Post on Social Networks and Win a #Tesla Model S from TemplateMonster! #contests #prizes #wordpress,1,Neutral,Positive,0.000882443,0.13351335,0.86560416,0.86560416,False
VERY POSSIBLE & BEST REASON WHY NEW ATT GENERAL MUST INVESTIGATE & IMPANEL GRAND JURY ON CLINTON FOUNDATION & BOTH…,1,Neutral,Positive,0.037975356,0.1418457,0.8201789,0.8201789,False
Microsoft Joins The Linux Foundation — Turns Love Affair Into a Relationship,2,Positive,Neutral,0.010735712,0.7388631,0.2504011,0.7388631,False
"#TrumpTransitionTeam no matter who get hired or what happens, GOD is still in control 🙏🙏🙏🙏🙏🙏🙏🙏🙏🙏🙏",1,Neutral,Positive,0.00217504,0.026910234,0.9709147,0.9709147,False
"A Cold War-era conservative would have put up with this.But then again, those kinds of conservatives aren't runni…",1,Neutral,Negative,0.91793686,0.079422235,0.002640934,0.91793686,False
@USER I have nearly 30 health problems wrong with me. That's why I request legalizing medical marijuana for patients like me.,1,Neutral,Negative,0.9841724,0.014506772,0.0013207829,0.9841724,False
"""Donald Trump isn’t just vowing to undo US climate policies as president. His transition team is also talking...",0,Negative,Neutral,0.06030365,0.9257576,0.0139387185,0.9257576,False
Beck sounds alarm about Steve Bannon,0,Negative,Neutral,0.45297098,0.5422607,0.004768359,0.5422607,False
The new Miniestadi could be renamed after Cryuff as one of the options to remember him [@USER] #fcblive,2,Positive,Neutral,0.0030238063,0.9521901,0.044786185,0.9521901,False
Social Security is a promise that we cannot and must not break.... #BernieSanders #quotation,1,Neutral,Positive,0.003987519,0.04529728,0.9507152,0.9507152,False
@USER You can thank fracking for this marvel. lol,1,Neutral,Positive,0.0062715323,0.060040705,0.9336878,0.9336878,False
@USER Claiming to be knowledgeable on this subject? Spelling anti-Semitic right would be a good start.,1,Neutral,Negative,0.97272587,0.024605574,0.002668552,0.97272587,False
"Digital labor undercuts minimum wage, #Robotic Process #Automation gains traction in #FinancialServices. #FinTech…",0,Negative,Positive,0.006868262,0.33170786,0.66142386,0.66142386,False
I would have settled for the occasional interjection of truth & full coverage of Obama's unconstitutional Admin...…,0,Negative,Neutral,0.23096804,0.75317705,0.015854923,0.75317705,False
"Media connected to #Palestinian #Hamas says ""60,000 settlers"" evacuated due 2 fires in #Israel; 4 them every1 n…",1,Neutral,Negative,0.98824126,0.011065048,0.00069359946,0.98824126,False
"#AlAsed #Russia #Iran & #Hezbollah destroy #Halab, didn't move 1 helicopter 2 rescue people,when burnt #Israel rose…",1,Neutral,Negative,0.95498616,0.043915022,0.0010987809,0.95498616,False
"Oh shit , we are playing against sociedad on Sunday at the anoeta 🤔😶#fcblive",0,Negative,Positive,0.005211624,0.021327535,0.97346085,0.97346085,False
Its still pretty crazy that we lost Muhammad Ali this year,0,Negative,Neutral,0.2929437,0.63803166,0.06902469,0.63803166,False
Football is physically grueling. Those guys take a pounding & leave the game broken. If Medical Marijuana helps them cope I'm all for it,1,Neutral,Negative,0.54207575,0.36549684,0.09242741,0.54207575,False
Ask Tim Duncan about Kentucky - Antoine Walker. ✊🏾,1,Neutral,Positive,0.004665479,0.34309965,0.65223485,0.65223485,False
"Cutting tool maker Sandvik looks to software, 3D printing to stay ahead.. Related Articles:",1,Neutral,Positive,0.0019756032,0.19819881,0.7998256,0.7998256,False
#BREAKING: #ISIS claims responsibility for attack on checkpoint that killed 12 soldiers in #Egypt's Sinai peninsula.,1,Neutral,Negative,0.9910685,0.008148265,0.00078315707,0.9910685,False
@USER during pre tpp its angry and messy and he took kaz's limbs bc he feel like he took john for himand during his death its more-,0,Negative,Neutral,0.47504684,0.5164605,0.008492752,0.5164605,False
@USER @USER @USER @USER @USER WHY ARE YOU NOT TALKING ABOUT THE COUNTRY WIDE #ARSON HAPPENING.…,1,Neutral,Negative,0.9702861,0.027270889,0.0024430945,0.9702861,False
I liked a @USER video Sports Illustrated Swimsuit Cover Model Ashley Graham,1,Neutral,Positive,0.0015164106,0.004860309,0.9936233,0.9936233,False
Democratizing Research Access to Self-Driving Cars,1,Neutral,Positive,0.0030629842,0.094043575,0.9028935,0.9028935,False
"@USER such goofy fear-mongering. Notice you didn't have Poroshenko or Saakashvili on today,given the past week",1,Neutral,Negative,0.9912866,0.007632941,0.001080468,0.9912866,False
"Don't we deserve a place to call our own, a land to call a home same as you Israelis... stop blaming us for defending our rights.#Palestine",1,Neutral,Negative,0.97391164,0.024552263,0.0015360777,0.97391164,False
anti trump protest,1,Neutral,Negative,0.8580139,0.13862741,0.0033586593,0.8580139,False
Ethical ingredients and no animal testing play a role too and I'd rather pay more money for morality,1,Neutral,Negative,0.94436157,0.052999463,0.0026388823,0.94436157,False
#Saakashvili appears to have abandoned 'The Wave'. #Ukraine,1,Neutral,Negative,0.9001529,0.09830606,0.0015410818,0.9001529,False
"well if Trump AG goes after Clinton Foundation, Hillary can go after the Trump foundation & the GOP AG will look li…",1,Neutral,Negative,0.5551637,0.4290323,0.01580399,0.5551637,False
Help Stop Animal Testing Now!,1,Neutral,Negative,0.99110097,0.0075544156,0.001344661,0.99110097,False
"J'aime une vidéo @USER de @USER New VR Games Last Week - Google Earth VR, Keep Watching VR, Bounce, Lantern",2,Positive,Neutral,0.0006824753,0.9440357,0.05528179,0.9440357,False
"anyone thinking ""deplorables""?",0,Negative,Neutral,0.009372323,0.9622049,0.028422812,0.9622049,False
someone: mentions pentagonme: (melania trump voice) Hello.,0,Negative,Neutral,0.0037763813,0.9709165,0.025307009,0.9709165,False
Nothing like the smell of minimum wage in the morning,0,Negative,Positive,0.36335337,0.25766268,0.37898394,0.37898394,False
@USER Check the Clinton Foundation for contributions to Jill Stein! There's your problem! Hillary still in the game and trying,0,Negative,Neutral,0.13574459,0.7682464,0.09600898,0.7682464,False
3D Printing B2B Newsletter Niche With Recurring Revenue #OnlineSchool#marketingschool#onlinetraining#digitaltools,1,Neutral,Positive,0.0010899429,0.27763894,0.7212711,0.7212711,False
Well that finale was one big mindfuck 😳 #Westworld,1,Neutral,Negative,0.994557,0.0041290894,0.0013139343,0.994557,False
"Walsh, 15, 30th May, Pink, Ashley TD and Theo Graham😛",1,Neutral,Positive,0.0018960412,0.29950586,0.6985981,0.6985981,False
i just found a dennis rodman/kim jong un fanfic on my old phone. WHAT AM I,1,Neutral,Positive,0.029110052,0.4024459,0.5684441,0.5684441,False
So this is what happened in the comic...😁😁 #TheWalkingDead The amount of cringe has blew me off this planet😷…,2,Positive,Negative,0.8107621,0.14996913,0.039268766,0.8107621,False
"@USER Bones, MLK, Muhammad Ali, Jesus Christ, and the list goes on.",1,Neutral,Positive,0.0072783744,0.37164694,0.6210746,0.6210746,False
No. CSS is #ruby for Agile. Deep Learning likes #ai :),1,Neutral,Positive,0.0026856086,0.058278777,0.9390356,0.9390356,False
▓ ♡ ▓ #Deutsch ▓ ♡ ▓ BUCH <3 TIPP ▓ ♡ ▓ #German ▓ ♡ ▓ SEASON OF DESIRE - @USER Momente des...,2,Positive,Neutral,0.0038352462,0.9873475,0.00881723,0.9873475,False
"i have to talk about animal testing for two minutes and that's too short, idk what to say",1,Neutral,Negative,0.98450524,0.014440311,0.0010543816,0.98450524,False
"#Eurozone Ireland reunifies, why can't I? (Praise Kim Jong-un) #SydMUN16",0,Negative,Positive,0.010369447,0.30407074,0.68555975,0.68555975,False
".@USER ""doesn't have to know"" #Hezbollah difference - @USER tells @USER at #RNCinCLE",1,Neutral,Negative,0.5336855,0.46026745,0.006047054,0.5336855,False
And here's one of the deplorables proving my point.,1,Neutral,Negative,0.9944113,0.0044424455,0.0011463031,0.9944113,False
"#Bahrain's courts uphold the death penalty agnst falsely accused tortured detainees Ali AlSingace, Abbas AlSameea &…",0,Negative,Neutral,0.15239257,0.82596195,0.021645589,0.82596195,False
#isis Slaughter of innocents continues in battle for Mosul - CNN #isis #breaking,1,Neutral,Negative,0.99015826,0.0087413415,0.0011002932,0.99015826,False
"Assessment on 2016: So far so good. Naipasa natin ang Budget on time for the first time. Hopefully next, maipasa na ang death penalty.",1,Neutral,Positive,0.0046459404,0.024119675,0.97123444,0.97123444,False
@USER its about automation. e.g. I keep meeting drivers who have never heard of self driving cars. The silver collar worker is coming!,2,Positive,Negative,0.9678178,0.028573137,0.003609142,0.9678178,False
When you've been looking forward to @USER monster reboot for months and they put out this Michael Bay look…,1,Neutral,Positive,0.01666316,0.3032474,0.6800894,0.6800894,False
It's about to be 2017 and i still can't get over zac efron and vanessa hudgens not dating anymore,1,Neutral,Negative,0.95518386,0.041416574,0.0033996147,0.95518386,False
"@USER @USER 4. Careful what you say about Melania's favorite speech writer, Michelle Obama.",2,Positive,Neutral,0.06532274,0.89969003,0.03498727,0.89969003,False
KD for lunch and the last episode of season 6 of #TheWalkingDead -- Batter's up! Then it's on to 7.,2,Positive,Neutral,0.0026811778,0.7625607,0.23475802,0.7625607,False
@USER You've been quoted in my Storify story “The Overview Effect and the Wonders of #GoogleEarthVR”,2,Positive,Neutral,0.0011467345,0.79687643,0.20197676,0.79687643,False
@USER @USER There's upside in dumping the TPP. It would have reinforced the use of 'geoblocking' to price gouge audiovisual content.,2,Positive,Negative,0.6826882,0.27512717,0.04218467,0.6826882,False
Combine these results with documented Russian interference and Comey testified voting systems hacked #AuditTheVote,1,Neutral,Negative,0.98080736,0.018216867,0.0009758725,0.98080736,False
Floridaians have highest enrollment in Obamacare but voted for Trump... #floridaiscrazy #wtfwereyouthinking #obamacare #florida,0,Negative,Neutral,0.058223017,0.9062502,0.035526805,0.9062502,False
@USER @USER So he's going to denounce the anti-Trump riots and violence?,1,Neutral,Negative,0.88795316,0.109843105,0.0022037085,0.88795316,False
#onedirection fans might be interested in this Lightning Deal on Amazon UK soon,1,Neutral,Positive,0.0009629455,0.029853713,0.96918327,0.96918327,False
How to be fierce with zac efron #part6 (THANK YOU @USER !) (Vine by @USER,1,Neutral,Positive,0.0009002449,0.029818509,0.96928126,0.96928126,False
#AUTISM & #SIDS are listed as adverse events reported for DTaP vaccine.Check the insert:[URL],1,Neutral,Negative,0.9515962,0.04715787,0.0012458831,0.9515962,False
"if you're 64, say bye bye bye.... and welcome Wal-Mart shoppers, may i get you a cart?",0,Negative,Positive,0.0055038454,0.31681326,0.6776829,0.6776829,False
psa: cristiano ronaldo is NOT of this earth,1,Neutral,Negative,0.97542757,0.02324138,0.0013311042,0.97542757,False
lythgoepanto: 10 giorni per andare da NIALL HORAN!!! 🌟 #onedirection #niallhoran #niall #americanpanto #pasadena…,1,Neutral,Positive,0.001125081,0.4108606,0.58801436,0.58801436,False
NBA star LeBron James giving $2.5 million to Muhammad Ali exhibit :Auto pickup by wikyou,2,Positive,Neutral,0.0012255579,0.88864255,0.11013188,0.88864255,False
"Best description of why we need the Electoral College explained with facts! There are 3,141 counties in the...",1,Neutral,Positive,0.022729093,0.19623506,0.7810359,0.7810359,False
"#TheWalkingDead episode 42. The Governor is back to his old ways...plans on taking over the prison. For me, 8/10 #JJReviews",2,Positive,Neutral,0.03729048,0.9053878,0.057321712,0.9053878,False
"If CNN liberals said that math is racist, this algorithm must be the soul of KKK. LOL.",1,Neutral,Negative,0.993166,0.005803952,0.0010300847,0.993166,False
#UN ACCUSES #MYANMAR OF #ETHNICCLEANSING #asean #unitednations #rohingya #rakhinestate #rakhine #burningvillages…,1,Neutral,Negative,0.8305687,0.16713737,0.002293957,0.8305687,False
THAT SANDY HOOK GUN CONTROL VIDEO REALLY SHOOK ME UP,1,Neutral,Positive,0.013093884,0.050339554,0.9365666,0.9365666,False
I see you Westworld! These violent delights lead to violent ends. #WestworldFinale #shakespeare #vlogger #youtube #SundayFunday #ingadtv,2,Positive,Negative,0.9900933,0.008185066,0.0017217132,0.9900933,False
The latest Life in the Grocery Line! #nationalfastfoodday #eatthis,1,Neutral,Positive,0.0007057909,0.108529836,0.8907644,0.8907644,False
Sure have learned a lot about Leonard Cohen since he died,1,Neutral,Positive,0.026358081,0.4286844,0.5449576,0.5449576,False
"@USER ive had no problem with it in games, but google earth really messed me up.. VR is lots of fun still tho..",1,Neutral,Positive,0.19166812,0.34306276,0.4652691,0.4652691,False
@USER @USER Let them do it. Deplorables need to feel pain.,0,Negative,Neutral,0.056534644,0.65166366,0.29180172,0.65166366,False
The latest Google Earth News! Thanks to @USER @USER @USER #googlemaps #vr,1,Neutral,Positive,0.00077530666,0.014919756,0.98430496,0.98430496,False
@USER yes! An organized #terrorist act. Operating in north #IsraelFires and #Jerusalem area! A surprise attack!,1,Neutral,Negative,0.989684,0.009410106,0.0009059968,0.989684,False
"@USER @USER plenty of other news sources with riots, just look. Not to mention anti-trump assaults",1,Neutral,Negative,0.9897724,0.009167229,0.001060333,0.9897724,False
@USER He who laughs last laughs best. Remember what you said?,1,Neutral,Positive,0.002086679,0.022720555,0.9751927,0.9751927,False
"#Syria: Regime+#Hezbollah broke the ceasefire agreement for #AlTall area in north of #Damascus, and launched a large-scale offensive.",1,Neutral,Negative,0.9912957,0.007970998,0.0007332678,0.9912957,False
@USER Homeopathy is simply quackery.Whatever it is used for. Long as you know that and don't expect too much from it? Carry on!,1,Neutral,Negative,0.99175805,0.006650314,0.0015917188,0.99175805,False
Italy has not voted on leaving the EU. Right leaning parties have lost influence in Italy and Austria. #brexit #notmypresident,1,Neutral,Negative,0.98897624,0.01007847,0.00094525085,0.98897624,False
@USER will this then expose the illegal and dead votes for the dems and potentially create a bigger victory for DJT?,0,Negative,Neutral,0.014091101,0.6701931,0.31571582,0.6701931,False
"""Paul Pelosi"": 451 views per day, quality rating 18/100. #fixme",1,Neutral,Positive,0.0024936367,0.24537237,0.75213397,0.75213397,False
@USER relaxes with his team on thevoiceau 😁✌🏻️ #RickyMartin #Ricky_Martin #РикиМартин…,1,Neutral,Positive,0.0011137979,0.0063865716,0.99249965,0.99249965,False
America get ready....unfiltered is the new gold standard in talk. #thepew,1,Neutral,Positive,0.0060498607,0.29667348,0.69727665,0.69727665,False
of course yes to Death Penalty 😡 criminals must die in more grievous cause of death.,1,Neutral,Negative,0.9931865,0.005736572,0.0010769966,0.9931865,False
RT @USER remember when Clinton warned abt alt right w/ speech in August and pundits deducted points b/c she went 'off message'?,1,Neutral,Negative,0.65963763,0.3353739,0.0049884073,0.65963763,False
Read today's #RacismIsASickness Daily Dispatch! Thanks to @USER @USER @USER #trump #uniteblue,1,Neutral,Positive,0.082772255,0.38623613,0.5309916,0.5309916,False
Germany says Aleppo assault worsening the Syria crisis:,1,Neutral,Negative,0.9870324,0.012277333,0.000690201,0.9870324,False
IMPORTANT: Justin Verlander and Kate Upton are engaged... #kateupton,1,Neutral,Positive,0.0024257952,0.3919689,0.60560536,0.60560536,False
"If You Want Gun Control So Bad, Why Don't You Just Move to the South Side of Chicago? ->",1,Neutral,Negative,0.9827778,0.01583404,0.0013882079,0.9827778,False
I needa be sleep😑,1,Neutral,Negative,0.9271002,0.063319735,0.009580083,0.9271002,False
"North SF Bay Leftists, Where Art Thou? (New Sub: /r/SFNorthBayAnarchists)",0,Negative,Neutral,0.0018560113,0.98386776,0.014276206,0.98386776,False
Galaxy Note 7 fail opens door for rivals,0,Negative,Neutral,0.31715235,0.66791916,0.0149284545,0.66791916,False
Move over Fracking @USER @USER @USER @USER,0,Negative,Neutral,0.12587453,0.8676592,0.006466369,0.8676592,False
"The EPA is claiming that fracking, a dangerous method of mining for energy, is ""completely safe."" Payoffs are...",1,Neutral,Negative,0.5259738,0.43575087,0.038275342,0.5259738,False
"Tesla Model S can be located, unlocked, stolen by manipulating Tesla apps",0,Negative,Neutral,0.21770914,0.7495662,0.032724705,0.7495662,False
Fuk knows y #auspol wld give to the Clinton Foundation % of Donations go to Charity 5.7%,0,Negative,Neutral,0.007818687,0.9048453,0.08733606,0.9048453,False
@USER POPULAR VOTE OVER 2MILLION.+STILL.COUNTINGVOTED CLINTON TO BE PRESIDENT..WE DID NOT !!VOTE FOR TRUMP HE JEOPARDIZES DEMOCRACY!!!!!,1,Neutral,Negative,0.9812924,0.015981102,0.002726471,0.9812924,False
Cristiano Ronaldo On Instagram: Bed time👌🔝💋good night.,1,Neutral,Positive,0.0008002988,0.010932849,0.9882669,0.9882669,False
"Castro Town: Fidel grew up here, but he came back to destroy it[URL]",0,Negative,Neutral,0.113284394,0.8646126,0.022102976,0.8646126,False
@USER @USER Giving thanks on the corner of @USER street - #p2 #UniteBlue,1,Neutral,Positive,0.0010535556,0.027699227,0.97124726,0.97124726,False
"@USER @USER wait, medicare parts? Ugh. I guess I have to go and check out this draft now.",1,Neutral,Negative,0.9704929,0.026925376,0.0025816676,0.9704929,False
"2016 strikes again. Send security to Bob Dylan, Paul McCartney, and Jimmy Carter's homes immediately.",1,Neutral,Negative,0.91968524,0.077968605,0.002346216,0.91968524,False
"NICE! It's all about the #innercity. | ""...to making our inner cities great for everyone...""- @USER #Riots",1,Neutral,Positive,0.012935748,0.035111696,0.9519526,0.9519526,False
A lot of bad hombres!,1,Neutral,Negative,0.9950229,0.0040315995,0.00094551407,0.9950229,False
Cristiano Ronaldo keeps his cool as Barcelona fans turn nasty with homophobic slurs -,1,Neutral,Negative,0.73051816,0.25772646,0.011755368,0.73051816,False
Label scan of Bob Dylan's Can You Please Crawl Out Your Window? from 1966. His 20th biggest hit.,1,Neutral,Positive,0.0018076455,0.49059725,0.5075952,0.5075952,False
Highlight of last night had to be my brother and I talking about Cowboy Bebop and Persona 5 at Walmart,1,Neutral,Positive,0.0013115997,0.023910632,0.97477776,0.97477776,False
PLS S&S | Stand with the #Native people! Stop the Dakota Access Pipeline! #NoDapl #NoDakotaAccess #RezpectOurWater,1,Neutral,Negative,0.56017256,0.41832635,0.021501066,0.56017256,False
Family Thanksgiving convo—divided on politics but all agree: Tampa writers leaving @USER off Cy Young ballots shld be flogged.,1,Neutral,Negative,0.5206216,0.4686419,0.010736546,0.5206216,False
Hopeful this day goes by quick. 😏 #NationalFastFoodDay,0,Negative,Positive,0.0020100924,0.0028161837,0.99517375,0.99517375,False
Thankful for my bad hombres,2,Positive,Neutral,0.27111438,0.43000305,0.2988825,0.43000305,False
What People Are Missing About #Hamas’ Mahmoud Al-Zahhar “#Trump Is A #Jew” Interview via @USER,1,Neutral,Negative,0.9862217,0.012886279,0.00089208264,0.9862217,False
".@USER @USER @USER Yikes! No idea, but I don't have kids in the right age range. #Hatchimals",1,Neutral,Negative,0.98998296,0.008551678,0.0014653208,0.98998296,False
4) Kirk 3) Mrs. Kim 2) Luke 1) Richard Gilmore #GilmoreGirlsTop4,2,Positive,Neutral,0.0014370937,0.97864324,0.019919638,0.97864324,False
Move enthusiastically to your scariest worthwhile #dreams![URL] #DominatingYourMind #DYM…,1,Neutral,Positive,0.0027401752,0.02579809,0.9714617,0.9714617,False
I liked a @USER video Trump hit by media for choosing billionaires for Cabinet,1,Neutral,Positive,0.06740474,0.46470478,0.46789047,0.46789047,False
"Yes, Raul Castro is still in charge, but he's been warming up to the Obama Admin's offerings of normalcy in relations.",2,Positive,Neutral,0.019121487,0.8575689,0.123309664,0.8575689,False
Need me a niffler to pay for my last 2 years of pharmacy school. #FantasticBeasts,1,Neutral,Positive,0.05077858,0.31655607,0.6326654,0.6326654,False
ANONYMOUS - The truth on the MEXICAN BORDER BIULD THE WALL!!@USER @USER @USER @USER,0,Negative,Neutral,0.029091343,0.93280125,0.038107373,0.93280125,False
"@USER @USER @USER @USER @USER @USER @USER I thot ""bad hombres"" was racist now.",1,Neutral,Negative,0.9909464,0.008076214,0.0009774526,0.9909464,False
Explore The World With Google Earth VR Whenever You Want #DigitalPower,1,Neutral,Positive,0.000709107,0.13728644,0.8620044,0.8620044,False
"I honestly don't know much about the Italian referensum, but anything that makes Marine Le Pen happy scares me",0,Negative,Neutral,0.16210665,0.7497775,0.088115916,0.7497775,False
"@USER nope. Results are decided by electoral college-NOT popular vote. If it was by pop vote,they would've campaigned in only a few areas",1,Neutral,Negative,0.92670023,0.07017208,0.0031276296,0.92670023,False
"Saakashvili talking about the risk of ""5,000 people taking over Kharkiv and Odesa"" and calls for early elections.[URL]",1,Neutral,Negative,0.985683,0.0136084445,0.0007085596,0.985683,False
Fantastic idea. Imagine Tory UK trying this? More likely to push for euthanasia law....,2,Positive,Neutral,0.16280282,0.5030399,0.33415726,0.5030399,False
Sure-enough positively get an earful vegetarianism loans wavelike among miserable notation list!: AKQw,1,Neutral,Negative,0.52729166,0.3129272,0.1597812,0.52729166,False
"So sad for Tim Duncan said, We played through it.",0,Negative,Neutral,0.30185565,0.6733558,0.024788532,0.6733558,False
Amm I seeing this right? Is trump really trying to fill his cabinet with the GOP picks he put out of the race...,0,Negative,Neutral,0.22979952,0.76141816,0.008782268,0.76141816,False
"#ObamasLegacy: The decimation of the #Democratic Party, visualized[URL] #tcot #uniteblue #maga #pjnet #p2 #LiberalLogic",1,Neutral,Negative,0.98073167,0.01828627,0.0009820943,0.98073167,False
dat fiddle doe.so rad.#NowPlaying Hurricane by Bob Dylan ♫,1,Neutral,Positive,0.0024131022,0.017184377,0.98040247,0.98040247,False
And I'm melania trump,1,Neutral,Positive,0.0012347804,0.23988488,0.75888026,0.75888026,False
@USER @USER the video wasn't aimed about gun control rather mental issues that this young boy struggle w/,0,Negative,Neutral,0.37810466,0.6141982,0.0076971175,0.6141982,False
Why the Electoral College must choose Clinton. #faithlesselectors #hamiltonelectors #ElectoralCollege #StillWithHer,2,Positive,Neutral,0.015673323,0.92460626,0.059720416,0.92460626,False
"Everyone Google STEVE BANNON and shock, it time lookin out to share a lady today means so much to Date at the stage America.",1,Neutral,Positive,0.0016080672,0.015334022,0.9830579,0.9830579,False
@USER @USER @USER @USER @USER @USER @USER @USER @USER gay marriage then this....,0,Negative,Neutral,0.013372196,0.97839236,0.008235487,0.97839236,False
@USER @USER @USER @USER Glad to see you agree that the electoral college is BS. :],1,Neutral,Positive,0.05190048,0.20880009,0.7392994,0.7392994,False
They don't mind as long as Trump signs off on their tax cuts and gutting Medicare.,0,Negative,Neutral,0.12947209,0.4818523,0.3886756,0.4818523,False
"The Roundup—Jazz 108, Nuggets 83 #nba @USER The Utah Jazz tipped off Thanksgiving weekend in style, dominating…",1,Neutral,Positive,0.0010557687,0.022263415,0.9766808,0.9766808,False
@USER An early abortion has none of that. It's still a tiny blob of cells at that point. I know because I've been there & seen it,1,Neutral,Negative,0.9613697,0.03593738,0.0026929372,0.9613697,False
Trump's cabinet. #AttorneyGeneral #NotMyPresident #JeffSessions #TrumpTransitionTeam,1,Neutral,Negative,0.7154663,0.27737498,0.007158632,0.7154663,False
With whom u can ralate to with this emoji 💪?? #3YearsofMidnightMemories #MPN #OneDirection AMÉM LIAM PAYNE,2,Positive,Neutral,0.0013133922,0.6512676,0.34741902,0.6512676,False
Imagine being the dude with a recent DUI in the age of self driving cars.,1,Neutral,Negative,0.98425275,0.014538136,0.0012090822,0.98425275,False
Our debate is no on recreational use of marijuana..... like uhm no bc get a medical card???????,1,Neutral,Negative,0.9632408,0.035321396,0.0014377945,0.9632408,False
Because I couldn't make it on #NationalFastFoodDay the other day. Shake Shack 😍😍😍😍😍#HappyFridayToMe,1,Neutral,Positive,0.002289837,0.0018191312,0.995891,0.995891,False
"@USER The people have spoken. 30 states check, Dems flipped and voted for Trump like I did Prof. Latina from Central PA #NeverHer",2,Positive,Neutral,0.047032695,0.8317697,0.121197544,0.8317697,False
@USER Cuba would have thrived if not for the US embargo. US elites fear socialism. They destroy socialist govs before they prosper.,1,Neutral,Negative,0.94585294,0.051639907,0.0025070664,0.94585294,False
Grandma and Grandpa. Mig....BITCH! #ThisIsUs,0,Negative,Neutral,0.059365775,0.47100937,0.46962488,0.47100937,False
I need a hatchimal please!!!#Hatchimals #isnttheresomeonthatcanhelp #payitforward,2,Positive,Neutral,0.012718621,0.6165319,0.37074953,0.6165319,False
You can accept love![URL] #DominatingYourMind #DYM @USER #NBAwards,1,Neutral,Positive,0.0014206611,0.009640404,0.9889389,0.9889389,False
"Of all things ESPN's resident style guru picks, it's my vest? I'm wearing TONY ROMO SOCKS!",1,Neutral,Positive,0.0020861898,0.40282243,0.5950914,0.5950914,False
"I know this is seen as a football holiday, but really?• @USER win• @USER drops 40/11• @USER w/ 45• @USER w/ 45",2,Positive,Neutral,0.017813195,0.9519661,0.030220645,0.9519661,False
@USER @USER better develop wind and solar,1,Neutral,Positive,0.0030665852,0.25810793,0.73882544,0.73882544,False
Perhaps it's time to depose Pope Francis and elect a faithful priest to be his successor: Robert Cardinal Sarah.,0,Negative,Neutral,0.034709357,0.950169,0.015121592,0.950169,False
@USER Congrats 2 U! Finally #NewsHour acknowledging the US embargo on #Cuba. #Fidel #polisci #opengov #TPOT,1,Neutral,Positive,0.0023322073,0.026308404,0.9713594,0.9713594,False
My #GilmoreGirlsTop4 4) Madeline 3) Kirk2) Luke 1) Richard,2,Positive,Neutral,0.00090997515,0.96417654,0.034913465,0.96417654,False
@USER @USER @USER expect a lot this from the revered wwc when Medicare gets flushed,1,Neutral,Positive,0.010892623,0.29654709,0.6925602,0.6925602,False
Several dozen protest Donald Trump at Friday afternoon rally,1,Neutral,Negative,0.9837346,0.015367079,0.0008982355,0.9837346,False
@USER LIKE IF YOU LOVE TRUMP AND PENCE @USER,2,Positive,Neutral,0.08229031,0.8639161,0.053793665,0.8639161,False
LOCK HIM UP #UniteBlue #Resist #LibCrib #p2 #PDMFNB #CORRUPTION,1,Neutral,Negative,0.9901031,0.008835855,0.0010611011,0.9901031,False
"Philippines VP resigns from cabinet over 'differences' with Duterte, condemns war on drugs, reimposing death penalty",1,Neutral,Negative,0.97526306,0.023598114,0.0011388379,0.97526306,False
Please sign and share!,1,Neutral,Positive,0.00079817907,0.17071559,0.82848626,0.82848626,False
@USER @USER Why get rid of Obamacare?,1,Neutral,Negative,0.9802304,0.018810343,0.00095918623,0.9802304,False
funny but i just realized he looks like zac efron,1,Neutral,Positive,0.007824986,0.08821675,0.90395826,0.90395826,False
@USER @USER full of herself? I mean it is a book about her life. Everything that happened w her in last year was newsworthy,0,Negative,Positive,0.01041491,0.17758802,0.8119971,0.8119971,False
Hillary Clinton’s Thanksgiving surprise spearheaded by 6-year-old boy #p2 #uniteblue,1,Neutral,Positive,0.0024455602,0.23323116,0.7643233,0.7643233,False
Trump Tower security may take over 2 floors -- and cost millions via nypmetro #DonaldTrump #UniteBlue #MAGA #college,1,Neutral,Negative,0.69714296,0.2949667,0.007890444,0.69714296,False
A picture is worth a thousand words. #notmypresident #ThankYouObama,1,Neutral,Positive,0.042321607,0.2740356,0.68364286,0.68364286,False
"You owe Steve Bannon a quarter for this tweet, Coach...",1,Neutral,Negative,0.9081629,0.088934146,0.0029029425,0.9081629,False
Pope Francis has no authority to Allow anything. Seek Jesus not men. Priest can't forgive anything only God!!!,0,Negative,Neutral,0.3163006,0.62649816,0.05720123,0.62649816,False
@USER @USER Maybe UPHD should introduce income protection for its members as this is not the first time #Uber has stalled on payroll,0,Negative,Neutral,0.037455298,0.9504333,0.012111386,0.9504333,False
Valentines don't fase me 😭🙄but wya 2017,1,Neutral,Positive,0.036738977,0.44914836,0.51411265,0.51411265,False
"me, in 2008, a liberal: gay marriage, obama, society is Alright!me, in 2016, a socialist: it would be nice to avoid a nuclear holocaust.",0,Negative,Neutral,0.037298486,0.78473127,0.17797025,0.78473127,False
@USER Actually I don’t the polling does show Leave supporters put immigration above economic prosperity.,1,Neutral,Negative,0.6078904,0.38508543,0.0070241466,0.6078904,False
"Post-election Trump protest, NYC. 11/13/2016. #ICPwethepeople #flakphotoresistance #lensculturestreets @USER",0,Negative,Neutral,0.028423244,0.9591649,0.012411888,0.9591649,False
Yes he's excited about doing it even tho social security helped him&his family when his father died! He deserves to…,1,Neutral,Positive,0.0048272195,0.030729549,0.96444327,0.96444327,False
"Residents of Nataf, town near #Jerusalem, evacuated due to blaze; firebombing suspected[URL]",1,Neutral,Negative,0.9861221,0.01304453,0.0008334283,0.9861221,False
"@USER @USER basically Melania gave a speech, and it was the EXACT SAME word for word as a speech Michelle Obama made😂",1,Neutral,Positive,0.018916462,0.17678136,0.8043022,0.8043022,False
"One by One, #ISIS Social Media Experts Are Killed as Result of F.B.I. Program",1,Neutral,Negative,0.9929092,0.0062826276,0.00080820534,0.9929092,False
"Among #Libya’s politically relevant elites today, I doubt there is 1 group that hasn’t committed atrocities; so . .",1,Neutral,Negative,0.9912389,0.007748508,0.0010125162,0.9912389,False
"Ok, I know a lot of you think a wall on the Mexican border is insane, but hear me out... What if instead of Mexico it was California?😂😂😂😂",1,Neutral,Negative,0.9705742,0.0247869,0.004638816,0.9705742,False
Samuel Eto faces 10 years jail term #fcb #fcblive #inter #laliga #efc #pl #serieA #soccer #football #Cameroon,1,Neutral,Negative,0.9916823,0.0075329323,0.0007847456,0.9916823,False
#duke Duke Highlight: Grayson Allen leads the way with 17 points in an 88-67 win over William & Mary Wednesday (ES…,1,Neutral,Positive,0.00090480375,0.48431927,0.514776,0.514776,False
Ben Carson wonders if his campaign was a scam- BY ALL MEANS-let's put a self-proclaimed dilettante in CHARGE of HUD.,1,Neutral,Negative,0.9906165,0.0084275985,0.00095588766,0.9906165,False
"Pitchers are a different world, my friend Cy Young tells me. Larry Walker is up there. Have to compare stats, and d…",2,Positive,Neutral,0.0141978115,0.9674701,0.018332131,0.9674701,False
"RT @USER This weekend, Neo-Nazi Richard Spencer (who coined the term ""alt-right"") led the crowd at his conference in DC in a ""Heil Trump…",0,Negative,Neutral,0.014822463,0.96460074,0.020576812,0.96460074,False
@USER @USER @USER interesting news is exciting - doesn't mean she is being dishonest in her work.,1,Neutral,Positive,0.0059284135,0.019138288,0.9749333,0.9749333,False
David Blaine's Frog Trick - Illuminati Exposed ( Satanic / Demonic Rituals) [LINK IN BIO]…,0,Negative,Neutral,0.0022370082,0.9870445,0.0107184155,0.9870445,False
"I've used Black Friday to pick up some Tim Duncan, James Harden and Giannis Antetokounmpo merch. Allegiances all over the shop.",2,Positive,Neutral,0.003426119,0.8523532,0.1442207,0.8523532,False
@USER We need an electoral diversity college,1,Neutral,Negative,0.5871753,0.40508834,0.0077363397,0.5871753,False
"If You Are In China, You Will Not Be Allowed To Web Search ""Fatty Kim The Third"":",1,Neutral,Negative,0.95689297,0.04157164,0.0015353537,0.95689297,False
"""How Ronaldo stole El Clasico spotlight with troll"" EL CLASICO WRAP: Cristiano Ronaldo failed to score and missed a golden chance to win th…",1,Neutral,Negative,0.92632586,0.071664475,0.002009623,0.92632586,False
Trudeau Liberals even will remove mandatory minimum sentences on sex crimes against children - 😮 - did you vote for…,0,Negative,Neutral,0.23035331,0.62328047,0.14636622,0.62328047,False
Regime blasts Aleppo; aid urgently needed -,1,Neutral,Negative,0.94771445,0.0506847,0.001600881,0.94771445,False
"@USER Im not pro-fossil fuels, perhaps that's where you're getting confused here.",1,Neutral,Negative,0.640304,0.35196438,0.007731621,0.640304,False
Hillary won the popular vote by over 3 million votes... But people still ask me why I'm not even registered to vote... Cause it don't matter,0,Negative,Neutral,0.123402044,0.48613214,0.39046577,0.48613214,False
"LEAKED?! THIS #LiamPayne’s debut solo single? #OneDirection ""Shawn Mendes"" #MTVStarsFifthHarmony #ARIASONEDIRECTION",2,Positive,Neutral,0.0897033,0.9030556,0.007241151,0.9030556,False
"#Daesh has called on its militants to travel to #Libya, Sinai in #Egypt, #Yemen, Khorasan & West Africa if they are unable to reach #Iraq",1,Neutral,Negative,0.9858235,0.013295056,0.00088141684,0.9858235,False
@USER wasn't it raised in 2-3 days?? Report said George Soros cyber bots contributed $165k per hour for a couple days.,0,Negative,Neutral,0.022140834,0.96026105,0.017598163,0.96026105,False
It's a Bob Dylan kind of night,1,Neutral,Positive,0.0011908013,0.042103358,0.9567058,0.9567058,False
@USER @USER lolHillary cost the dems the election,1,Neutral,Negative,0.98928934,0.0096355,0.0010750832,0.98928934,False
#WVIAPublicMedia Trump's Rejection Of TPP Paves Way For China To Strike Asian Trade Deals. Read Blog:,0,Negative,Neutral,0.03559413,0.94735354,0.017052354,0.94735354,False
Anybody get feeling that @USER is being paid by someone to file for recount ... George Soros? #Recount2016,1,Neutral,Negative,0.82291657,0.1737421,0.0033413456,0.82291657,False
The latest The Pink Sugar Miami Daily! Thanks to @USER #trumptransitionteam,1,Neutral,Positive,0.00085705944,0.0067803157,0.9923626,0.9923626,False
"@USER @USER @USER @USER @USER 🚨Romney is a Trump competitor, not Trumpworthy!",1,Neutral,Negative,0.98968315,0.009427704,0.0008891311,0.98968315,False
Le Pen & right-wingers hail rejection of Renzi's Italy referendum as the 'END' for the EU,1,Neutral,Negative,0.88440686,0.111055374,0.0045378157,0.88440686,False
@USER @USER why not use for voter ID...could take the print at time of registration,1,Neutral,Negative,0.9577975,0.040445484,0.0017569353,0.9577975,False
Ariana Grande KIIS FM Yours Truly CD listening party in Burbank #ArianaGrande,2,Positive,Neutral,0.00078982074,0.82772315,0.17148715,0.82772315,False
War & Cyber #SDF #YPG #ISIS #News,1,Neutral,Negative,0.60816467,0.3887685,0.0030668464,0.60816467,False
Putin calls Saakashvili’s appointment as Odessa governor ‘spit in Ukraine’s face’[URL],1,Neutral,Negative,0.90379834,0.09386908,0.0023326296,0.90379834,False
.Ricky Gervais speaks out against animal testing #CambridgeKillers,1,Neutral,Negative,0.9701203,0.028412225,0.0014674574,0.9701203,False
Colour #3DPrinting is en vogue for luxury eyewear makers @USER,1,Neutral,Positive,0.0016112148,0.053825315,0.9445635,0.9445635,False
Valuing #staff and providing #security: social enterprises in #socialcare - #Socent,1,Neutral,Positive,0.0012182252,0.02640449,0.97237724,0.97237724,False
Recap from last night's Messi masterclass in Glasgow #CelticFCB #Messi #FCBlive,2,Positive,Neutral,0.00086960586,0.70665836,0.29247203,0.70665836,False
@USER @USER @USER @USER it's you who doesn't understand why the electoral college was set up.,1,Neutral,Negative,0.990489,0.008544153,0.0009667635,0.990489,False
#Breaking #ISIS#IraqiForces #Mosul #IraqRepelled #Rafidi Mobilization Attempt to Advance on #Masayid Village Nort…,1,Neutral,Negative,0.8648597,0.13301562,0.0021246357,0.8648597,False
George Soros' Son Pictured At Anti-Trump Riot? (PHOTO) via @USER,0,Negative,Neutral,0.058028452,0.9337845,0.008187062,0.9337845,False
Markets have learned their lessons from Brexit and Trump and are keeping it cool,1,Neutral,Positive,0.0088925855,0.18567215,0.80543524,0.80543524,False
@USER @USER And everybody wondered what kind of rabbit hole we were going down in legalizing gay marriage.,0,Negative,Neutral,0.15780209,0.8277737,0.014424228,0.8277737,False
This is @USER 2034 1st round draft pick. Gonna be a strong RHP,1,Neutral,Positive,0.00069020246,0.04112018,0.9581896,0.9581896,False
Imagine missing thanksgiving for the drop and then them canceling it. Rip,1,Neutral,Negative,0.9863559,0.012708604,0.00093554636,0.9863559,False
I wanna be 16 again with no real responsibilities but to work a minimum wage job and buy makeup & clothes with every check😭😭,0,Negative,Positive,0.08156915,0.3429427,0.5754881,0.5754881,False
MT @USER 300 attend Thanksgiving Day Dakota Access pipeline protest #Fracking,1,Neutral,Negative,0.95554334,0.043322805,0.0011338622,0.95554334,False
ben carson is so wild i can't,0,Negative,Positive,0.020376502,0.04497869,0.93464476,0.93464476,False
"Marine Le Pen suggests Italians rejected the EU, showing she doesn't understand what the #referendumcostituzionale…",1,Neutral,Negative,0.98691165,0.01212007,0.00096823747,0.98691165,False
@USER @USER @USER Please read the article about Steve Bannon and his adoration of sarah palin on the @USER,2,Positive,Neutral,0.023695875,0.94914985,0.027154291,0.94914985,False
Well I take that back maybe cuz @USER isn't here a few of you might make minimum wage ev,1,Neutral,Negative,0.5466671,0.44591814,0.0074148206,0.5466671,False
"The week's top fashion moments on Instagram, like @USER rocking @USER",1,Neutral,Positive,0.0010721912,0.004665813,0.994262,0.994262,False
When your friends come back from college for thanksgiving break😬😂😂 @USER @USER @USER,1,Neutral,Positive,0.0144376885,0.07725628,0.90830606,0.90830606,False
#VIDEO Of the Israel occupation check point at Anata village east of #Jerusalem were the occupation forces shot...,1,Neutral,Negative,0.9907041,0.0086325575,0.00066323485,0.9907041,False
@USER Forget the pipeline. There is endless sunshine and plentiful wind to provide us with power. Why fossil fuels? That's crazy!,0,Negative,Positive,0.014548005,0.047320515,0.93813145,0.93813145,False
@USER @USER tell @USER Tony Romo is not clutch. You can't be clutch and not win a Championship. #FACT,1,Neutral,Negative,0.9848155,0.013853182,0.0013312681,0.9848155,False
Happy funeral to all Liam's girls.AMÈM LIAM PAYNE #MtvStarsNiallHoran #MPN #OneDirection,1,Neutral,Positive,0.0011347643,0.0034439669,0.99542123,0.99542123,False
@USER @USER @USER Point missed totally...after Port Arthur national strategies abt gun control were set up. No changes.,1,Neutral,Negative,0.98598355,0.012978827,0.001037621,0.98598355,False
"@USER And in good news tonight, Fidel Castro assumed room temperature. Now we just need his brother and Maduro to follow. Quickly.",0,Negative,Positive,0.010588237,0.21963313,0.7697786,0.7697786,False
MOST IMPORTANT TWEET - Please read & call - @USER report on election: Mass Voter Suppression - collaborat…,1,Neutral,Positive,0.005583614,0.3274403,0.6669761,0.6669761,False
Thanks to the draconian decades long embargo on Cuba- Bee's are flourishing in the absence of pesticides.[URL],1,Neutral,Positive,0.013351285,0.15596445,0.8306843,0.8306843,False
"@USER And sure, as always, some liberals and rightists have exploited this to assail the Left as a whole, but that obscures much.",1,Neutral,Negative,0.96721053,0.031552054,0.0012373943,0.96721053,False
Buy Abortion Pill online | Cheap Price | Fast Delivery | Fast Shipping | Overnight Delivery | @USER,1,Neutral,Positive,0.0023936203,0.09890956,0.89869684,0.89869684,False
Gaston and Belle in a New Beauty and the Beast Photo #Disney #BeautyAndTheBeast,1,Neutral,Positive,0.0011032664,0.30632854,0.69256824,0.69256824,False
#TexasAbortionLaw is attempt to make people face reality of #Abortion #AbortionISMurder of #HumanBeing[URL],0,Negative,Neutral,0.08737368,0.9060651,0.0065612197,0.9060651,False
@USER @USER @USER LOL when Dems accuse other people of election rigging.,1,Neutral,Negative,0.97552323,0.02230626,0.0021706314,0.97552323,False
dream: rap twinks sets fire both end uo desd gay marriage unsolved?,0,Negative,Neutral,0.028121518,0.95964134,0.01223713,0.95964134,False
NEW: Trump's Pick for Secretary of Education Is Sister of Blackwater FounderOLD: Half the Muslim Brotherhood works for the Obama Admin!...,0,Negative,Neutral,0.12570213,0.85669845,0.017599437,0.85669845,False
"Messi: “It's clear that I always like to win, but there are more important things than a win or a loss.” #fcblive",1,Neutral,Positive,0.0026696776,0.06487172,0.9324586,0.9324586,False
It’s weird watching the Spurs without Tim Duncan.,0,Negative,Neutral,0.16201457,0.7895238,0.048461635,0.7895238,False
"#FrankGaffney, 2 Others Replace #MikeRogers on #TrumpTransitionTeamFANTASTIC!! WE NEED #PROUSA #ISLAMIC #SCHOLARS",2,Positive,Neutral,0.33490887,0.5222734,0.14281775,0.5222734,False
"@USER Two genetic(?) types,RIGHTISTS&LEFTISTS,seem part ploy of Nature to sustain conflict in lives of men:[URL]",1,Neutral,Negative,0.6306289,0.3645921,0.004779022,0.6306289,False
"2 weeks ago: I'm going to build a YUUUGE wall on the Mexican border, a beautiful wall, YUUUGE Now: Well, maybe a couple of fences",1,Neutral,Positive,0.0014428686,0.017967775,0.9805894,0.9805894,False
"Marlon: ""I’ll take away this shirt, get my team mates to sign it and then hang it on the wall."" #fcblive",2,Positive,Neutral,0.004558446,0.8223824,0.1730592,0.8223824,False
My #GilmoreGirlsTop4 1. Richard 2. Gil 3. Jess 4. Luke,2,Positive,Neutral,0.0009947335,0.9789144,0.02009097,0.9789144,False
@USER @USER it felt like a scene from #BeautyAndTheBeast #inLOVEwithSWITZERLAND #travelblogger…,1,Neutral,Positive,0.0066510215,0.030871697,0.96247727,0.96247727,False
No such thing as a better Obamacare plan.,0,Negative,Positive,0.3030666,0.34570393,0.35122946,0.35122946,False
Samsung is rolling out the Note 7’s software to the Galaxy Note 5 in Korea,1,Neutral,Positive,0.0007483811,0.09010509,0.90914655,0.90914655,False
@USER Dems have a lot of rethinking to do in order to win. Let this recount settle our minds on the distressful pres election results,0,Negative,Neutral,0.32347634,0.65468967,0.02183398,0.65468967,False
"@USER @USER Got that covered, too.",1,Neutral,Positive,0.0008570769,0.010431068,0.98871183,0.98871183,False
"Stay classy, Deplorables!",1,Neutral,Positive,0.000994851,0.0030961805,0.995909,0.995909,False
That's true. It helps me stick to vegetarianism 😂,1,Neutral,Positive,0.0013695717,0.047921117,0.9507093,0.9507093,False
.@USER Michelle must love to hear about your adventures with gay teens! #GOPHypocrite #GodsNotSavingYourCareer #UniteBlue,1,Neutral,Negative,0.47427538,0.36467505,0.16104959,0.47427538,False
What? Randall's heart was broken on Thanksgiving??? Why?!!! 😩😢😭 #ThisIsUs,1,Neutral,Negative,0.9539625,0.033550285,0.012487241,0.9539625,False
"@USER yes yes, call the bomoh all. use homeopathy for the extreme illnesses. bagus sangat",1,Neutral,Negative,0.94920576,0.047447953,0.003346327,0.94920576,False
Happy Black Friday idiot hookers love Chanel Oberlin 💋 #ScreamQueens #BlackFriday,1,Neutral,Positive,0.0040715216,0.0029776397,0.9929509,0.9929509,False
"@USER I found that for Medicaid, the largest welfare program for poor Americans only had a fraud rate of 9.8%-- NOT a majority",1,Neutral,Negative,0.98832613,0.010572505,0.0011013289,0.98832613,False
"Op-Ed: Obamacare isn't about health care, it's about power via @USER",0,Negative,Neutral,0.040067278,0.923362,0.036570802,0.923362,False
@USER Many of the Anti-Trump riots are led by REVCOM (Communist Party)!!,1,Neutral,Negative,0.9822739,0.016326576,0.0013995031,0.9822739,False
"MSM, @USER et al, is it partisan of me to be alarmed by this?: Bannon, Darth Vader & Satan via @USER",1,Neutral,Negative,0.9409368,0.057727437,0.0013357239,0.9409368,False
@USER Poor Abby. Fidel dead. Maduro will be overthrown. What's a commie lover to do?,1,Neutral,Negative,0.99025905,0.008563931,0.0011770943,0.99025905,False
Are we going to have fireworks #ThisIsUs,2,Positive,Neutral,0.0032205293,0.8954827,0.1012968,0.8954827,False
#Barca Fans To Face Disciplinary Action After Directing Homophobic Chants Towards #Ronaldo During #ElClasico…,1,Neutral,Negative,0.9256571,0.07241624,0.0019266709,0.9256571,False
@USER Gasland. It's on oil fracking. Homeowners are able to set their faucet water on fire because it's so contaminated,1,Neutral,Negative,0.9933541,0.0057945307,0.0008513799,0.9933541,False
Make no mistake: China is turning against Singapore given our government's outspoken stance on the TPP. Beijing...,0,Negative,Neutral,0.19207588,0.7914114,0.016512694,0.7914114,False
Homes evacuated in northern town as rash of wildfires persists #Jerusalemhills #Jerusalem,1,Neutral,Negative,0.98581725,0.013549281,0.00063341134,0.98581725,False
"#Raqqa : Injury, ""Mohammad Ali AlTaqqh"" and his son ""Ali"" Daesh #isis shot while crossing to the north of the city of Raqqa Ein Issa",1,Neutral,Negative,0.9904364,0.008863383,0.00070032635,0.9904364,False
"Okay, I've been thinking a lot about this. Here we go...#GilmoreGirlsTop4 #4 Richard Gilmore #3 Paris #2 Sookie #1 my main girl Mrs. Kim",2,Positive,Neutral,0.0020263214,0.8354134,0.16256033,0.8354134,False
"Muhammad Ali 😂.. it's time to go to sleep ,Bitch ! @USER",0,Negative,Neutral,0.37482294,0.50754076,0.11763636,0.50754076,False
@USER Please sign this poster we're going to give it to #TheWalkingDead fans <3 #CCXP2016,1,Neutral,Positive,0.0017940698,0.1732103,0.8249956,0.8249956,False
@USER @USER Funny how #Egypt/#Jordan never intervened when #Israel was burning #Palestine,0,Negative,Neutral,0.19954118,0.7875857,0.012873135,0.7875857,False
"Wait, Mike Pence is a caramel corn salesman, right?",1,Neutral,Negative,0.9824734,0.016207341,0.0013193046,0.9824734,False
"@USER @USER @USER @USER @USER @USER They have an agenda too, I ran out of characters. Fox has Libs posing as Conservatives.",1,Neutral,Negative,0.9658549,0.032637667,0.0015073624,0.9658549,False
"@USER @USER Stay at his hotel in DC.....and maybe you get a special meeting. Hmmmmm, sounds like Clinton Foundation?",0,Negative,Neutral,0.019176653,0.944246,0.03657734,0.944246,False
@USER The shade! Lol! #MariahsWorld,1,Neutral,Positive,0.0051683006,0.17476861,0.82006305,0.82006305,False
"You say this that endo, but it smell like that outdo.",1,Neutral,Negative,0.9722364,0.026177706,0.0015859233,0.9722364,False
@USER @USER *places bulk order* #FantasticBeasts #beastsofuon,1,Neutral,Positive,0.0035958632,0.14826337,0.84814084,0.84814084,False
Samsung Unveils The New Galaxy Note 7 And You Can Unlock It With Your Eyes via @USER Nerd,1,Neutral,Positive,0.0014537653,0.029085442,0.9694607,0.9694607,False
"The 'e' word, Stephen Hawking catapults self reflection into solutions, iconic negotiators needed @USER",1,Neutral,Positive,0.00569545,0.08852006,0.9057845,0.9057845,False
"move over radioisotope, glycotargeting and aberrant glycosylation may be the new gold standard for diagnosis and cu…",1,Neutral,Positive,0.009824249,0.19345625,0.7967195,0.7967195,False
hey kim jong-un put down the bioculars big guy-parties over-c r nukey nukeys-your ass is grass big boy.yep never fear-the donald's here- :O),0,Negative,Positive,0.05365825,0.14565949,0.80068225,0.80068225,False
"#GilmoreGirlsTop4 Jess, Michel, Paris, Dave. Gosh it's so hard only choosing 4!",2,Positive,Neutral,0.3558628,0.54114187,0.10299539,0.54114187,False
Russia says will treat as terrorists rebels who refuse to leave Aleppo,1,Neutral,Negative,0.97404826,0.025081284,0.0008704299,0.97404826,False
On this Thanksgiving let's give thanks to President Obama for giving Iran the money and planes to ship terrorism abroad. #ThankYouObama,0,Negative,Positive,0.074617855,0.22276033,0.7026218,0.7026218,False
"@USER especially when those practices waste energy, require more drilling/fracking, and produce gasses causing climate change.",1,Neutral,Negative,0.9918018,0.007249716,0.00094847643,0.9918018,False
"@USER @USER hey zerohedge ! Marine Le Pen is at 30% and had no political space to go further, France is not Italy.",1,Neutral,Negative,0.97440606,0.02389583,0.0016981054,0.97440606,False
✨✔😘😘Defeat The Ghost For Me! 👻 🔥🐠John Smith🔱🇨🇦:Zac Efron & bea[URL],1,Neutral,Positive,0.0030457878,0.07207181,0.9248825,0.9248825,False
#Iraq #Erbil More #civilians casualties left un-attended and as hospitals lack resources[URL] #journalism,1,Neutral,Negative,0.9928469,0.0064347335,0.0007183727,0.9928469,False
@USER @USER @USER air pope respects the play 👏🏼👏🏼👏🏼,1,Neutral,Positive,0.0011110648,0.008165965,0.99072295,0.99072295,False
I had no idea U.S. children are required to have this many vaccines... 😯,1,Neutral,Negative,0.83095723,0.12627824,0.042764507,0.83095723,False
Pope Francis has declined to answer four cardinals’ ‘doubts’ about his teaching on marriage. The Church is now in...,0,Negative,Neutral,0.013808505,0.9729911,0.013200359,0.9729911,False
"There was also the white guy with a smoking Samsung in his pocket, but let's freak out about the black guy w/ a sho…",0,Negative,Neutral,0.43049124,0.550556,0.018952735,0.550556,False
Bookends to a Disastrous Presidency[URL] #Obama's pathetic final non-victory lap around the world. #UniteBlue #TCOT,1,Neutral,Negative,0.9948959,0.004240357,0.0008637986,0.9948959,False
"stephen colbert just called kim jong un ""kim fatty the third"" im goigng to throw up i cant stop laughing",1,Neutral,Positive,0.0038635535,0.02884914,0.96728736,0.96728736,False
Watching #MichaelMoore in #Trumpland. #resist #protest #trump,1,Neutral,Negative,0.8724343,0.12391128,0.0036544588,0.8724343,False
"@USER @USER @USER I would too but agree with UR take. So far, what I've seen & heard leaves a bad taste.",0,Negative,Neutral,0.2135199,0.7292075,0.057272516,0.7292075,False
"In this article, our Content Strategist, Michele Baker, takes an intriguing look at Google Earth VR, and where...",1,Neutral,Positive,0.0008434878,0.20734969,0.7918068,0.7918068,False
"I guess Gary didn't donate to the Dems so he wasn't a candidate for the Presidential Medal of Honor,&he helps the t…",0,Negative,Neutral,0.061228994,0.8594441,0.07932699,0.8594441,False
@USER would swap our deplorables for him anyday...:) :) :),1,Neutral,Negative,0.56083655,0.23493564,0.20422782,0.56083655,False
Ha somewhat amusing- guess it is an in-dash tablet after all // Tempered Glass Screen Protector for Tesla Model S,1,Neutral,Positive,0.001560179,0.025296768,0.97314304,0.97314304,False
@USER You're from Norway. Do you even understand how the US Constitution and Electoral College works? Big Trump win. Massive.,1,Neutral,Positive,0.040850833,0.2472763,0.7118729,0.7118729,False
@USER *ambiguous french chubby teen surrenders to a nazi aryan XXX*,0,Negative,Neutral,0.40472043,0.58911777,0.0061618276,0.58911777,False
I'm making a PowerPoint on how vegetarianism isn't as unhealthy as people think,0,Negative,Neutral,0.015181748,0.6897232,0.29509503,0.6897232,False
"Days after its launch in Bangladesh, #Uber gets branded as ""illegal"". Read more:",1,Neutral,Negative,0.98603743,0.012963473,0.0009991882,0.98603743,False
#humanrights #UnitedNations ♐️deporting israelis2 their original homes/BelfoureDeclaration ![URL],0,Negative,Neutral,0.017788578,0.97560424,0.006607157,0.97560424,False
@USER *from under Mike Pence's legislative boot* yeah! that'll show him!,1,Neutral,Positive,0.007369556,0.17254001,0.8200904,0.8200904,False
@USER @USER @USER bring the draft back! Deport all refuges & illegals out! Death penalty 4killing officers!,1,Neutral,Negative,0.9908578,0.0079320865,0.0012101391,0.9908578,False
"The highly diluted form of homeopathic remedies are virtually safe and can be given to babies, pregnant women, and the elderly. #homeopathy",1,Neutral,Positive,0.0014669581,0.065001085,0.93353194,0.93353194,False
"Cristiano Ronaldo and Jose Mourinho are ""fully compliant with their tax obligations"", their agent Jorge Mendes'...",1,Neutral,Positive,0.0015851022,0.10132032,0.8970946,0.8970946,False
"@USER If it stays, the workers will be replaced with robots.",1,Neutral,Negative,0.99054354,0.008573432,0.000883031,0.99054354,False
@USER #Trump #Bds #Palestine #ps4blackfriday ... here more about zionists lies... link ->…,1,Neutral,Negative,0.9822599,0.016845057,0.00089491403,0.9822599,False
@USER from @USER - 🍑Shake your Bon-bon 🍑 @USER #rickymartin #onewor…,2,Positive,Neutral,0.0067275083,0.98580164,0.00747089,0.98580164,False
It is very important to know that vaccines do not cause autism,2,Positive,Neutral,0.05860347,0.63458014,0.30681643,0.63458014,False
vaccines cows power point PPT Slides - #vaccines #cows #power #point,1,Neutral,Negative,0.9492393,0.04892692,0.0018338686,0.9492393,False
"@USER @USER ""alt-right is white supremacy, but I like certain other white supremacists better than them"" ?",1,Neutral,Negative,0.9699082,0.028520713,0.0015710504,0.9699082,False
Comeee onnnnn kim jong un😭😭😭😭,0,Negative,Positive,0.0015376479,0.017193707,0.9812687,0.9812687,False
Pump Up the volume🎬🎞📽📀Usé TrackID™ para buscar Everybody Knows de Leonard Cohen.[URL],1,Neutral,Positive,0.0017805619,0.1437372,0.8544823,0.8544823,False
Rally in #Toronto condemns the massacre in #Aleppo & urges #Canada to #StandwithAleppo & act to stop the bombings,1,Neutral,Negative,0.94497633,0.05311476,0.0019088872,0.94497633,False
Big Triplets in #Sports are in my #FCBarcelona & #DallasCowboys #FCBlive #CowboysNation,1,Neutral,Positive,0.0008194455,0.015910199,0.9832704,0.9832704,False
Tbf.... Leonard Cohen and Prince were never supposed to die. Tbf... They didn't.,1,Neutral,Positive,0.03466967,0.29469073,0.67063963,0.67063963,False
I love when the #BiasedMedia fall all over them selves speculating on the #TrumpTransitionTeam #Trump playing them…,1,Neutral,Negative,0.34122875,0.32066807,0.33810318,0.34122875,False
We have achieved rapprochement w Cuba under Obama.What does the future hold for US-Cuba relations w Fidel dead & US…,1,Neutral,Positive,0.009499004,0.37976608,0.6107349,0.6107349,False
"Here comes Marine Le Pen, she is hoping for a similar upset next year in the French election, says Italy votes against EU...",0,Negative,Neutral,0.044221625,0.92643106,0.029347355,0.92643106,False
"""#Samsung starts rolling out its first firmware update for the #Galaxy Note 7"" #tech #android #mobile",1,Neutral,Positive,0.0008659135,0.23873186,0.7604022,0.7604022,False
"""Walls work. A wall of geothermal plants on the Mexican border. BOOM. Mother Nature pays for it."" #TrumpNarratesPlanetEarth",1,Neutral,Positive,0.0026564316,0.05924633,0.93809724,0.93809724,False
Medically caused death in America - Every case of SIDS - the made up phenomena to cover up Death by Vaccines.,1,Neutral,Negative,0.99471563,0.0044367947,0.00084755715,0.99471563,False
#DakotaAccessPipeline Will Be Re-Routed In A Victory For #StandingRock Tribe #NoDAPL…,1,Neutral,Positive,0.0043555363,0.47087836,0.5247661,0.5247661,False
"@USER is a joke and the left's equivalent to ""Dr"" Ben Carson. Lots of people just got got. @USER",1,Neutral,Negative,0.9894449,0.009466431,0.0010887448,0.9894449,False
"Reading ""The Vegetarian"" by Han Kang -- and the biggest risk might be converting to vegetarianism",1,Neutral,Negative,0.91455996,0.082437426,0.0030025824,0.91455996,False
@USER if goal is integrity then why not cross-reference voter registration list with citizenship status while they're at it?,1,Neutral,Negative,0.55139625,0.4399917,0.008612087,0.55139625,False
"Jill Stein is proving that she's Ben Carson, but with a less impressive medical career.",0,Negative,Neutral,0.15388334,0.8125091,0.033607543,0.8125091,False
I don't know how I feel about it. He was quoting or attempting to quote Steve Bannon and in fact denouncing the quote itself.,1,Neutral,Negative,0.9780928,0.0209491,0.0009580689,0.9780928,False
.@USER gets #TrumpTravesty. #BlindTrustOrBust #NotMyPresidentElect #UniteBlue #LibCrib #FightTrump…,1,Neutral,Negative,0.96187335,0.036351707,0.0017750072,0.96187335,False
Happy Black Friday to everyone except deplorables.,1,Neutral,Positive,0.3282489,0.033126388,0.63862467,0.63862467,False
"Tweet later . . . euthanasia comes to America soon, and Thank God.",2,Positive,Negative,0.80623984,0.16232069,0.031439412,0.80623984,False
“Facebook is what propelled Breitbart to a massive audience. We know its power.” - Steve Bannon. (Scary article.),1,Neutral,Positive,0.029851252,0.2532818,0.71686697,0.71686697,False
@USER 🇺🇦#Ukraine#yanukovich's REGIME: illicit $ outflows.➤2012: Min. of #Economy- #poroshenko!@USER @USER #EU #РАДА8,0,Negative,Neutral,0.033429533,0.9596058,0.006964589,0.9596058,False
"Message to #Poroshenko: women who lost her child, husband from Ukrainian shelling #ukraine #war",1,Neutral,Negative,0.98733705,0.011914851,0.0007480888,0.98733705,False
@USER He sits with a clear and clean soul at the apple garden in Heaven learning about the future of deep Grace with angels..,1,Neutral,Positive,0.0008719034,0.032679357,0.9664488,0.9664488,False
@USER @USER he needs money to actually sustain work if robots replace him and he still gets money he wont complain,1,Neutral,Negative,0.604244,0.37449658,0.021259481,0.604244,False
British firms warned of ISIS chemical drone strikes via @USER,1,Neutral,Negative,0.9882819,0.010931743,0.0007864049,0.9882819,False
"@USER Typo: ""government meets with business to manufacture a gas crisis to help their fracking buddies""",1,Neutral,Negative,0.9828985,0.016195947,0.0009056495,0.9828985,False
when your aunt tells you the christmas lighting is tonight in tipp but it isn't til december 2nd so you find yourself in downtown tipp :-),1,Neutral,Positive,0.0026118397,0.34154895,0.6558392,0.6558392,False
"Messi's 100 international goals for Barcelona: left foot (81), right foot (14), header (4), chest (1) #fcblive [via @USER",1,Neutral,Positive,0.0010616108,0.2006542,0.7982842,0.7982842,False
Young Barça fans in Glasgow who managed to get autograph from Messi and take selfie with him. #fcblive,1,Neutral,Positive,0.0016548841,0.076512456,0.9218327,0.9218327,False
#(JIGGA MAN) Paris L. Wilson The Gold Standard Artist.,2,Positive,Neutral,0.0011570397,0.8627052,0.13613772,0.8627052,False
@USER I'm totally looking forward to Yakuza 0 and Persona 5! But after XIII I'm not sure I can ever love again,1,Neutral,Positive,0.0037533245,0.0052550714,0.9909916,0.9909916,False
#MosulOffensive it will be a great day to see him dead in a cave.,1,Neutral,Negative,0.6570379,0.22159372,0.121368416,0.6570379,False
Not stolen. Saved from Extreme Leftists. Wall Streets up! People's spirits up. Hope is up! 8 years of regression st…,1,Neutral,Positive,0.015801078,0.13507862,0.8491203,0.8491203,False
RT @USER why are we pretending 'alt-right' is both a concrete movement and has some level of hierarchy,1,Neutral,Negative,0.8995265,0.098992564,0.001480932,0.8995265,False
"Ben Carson got the last job on the list, why? Housing ,URBAN DEVELOPMENT, ALL BLACK MEN CAN DO THIS JOB. He will stay out of OUR WAY. 🎺 SAID",0,Negative,Neutral,0.29600087,0.4883424,0.21565667,0.4883424,False
"Chavez, Castro ... feeling nervous, Maduro?",1,Neutral,Negative,0.5899344,0.4057408,0.004324735,0.5899344,False
@USER Just part & parcel of GOP voter fraud plan:Voter suppressionGerrymandering Voter IDHeavy Dem areas: Limit polling stations,1,Neutral,Negative,0.993095,0.006162963,0.0007420695,0.993095,False
Is this what happens to a brain born into war? @USER #MiamiBookFair2016 #NBAwards,1,Neutral,Negative,0.85726887,0.14017351,0.0025576032,0.85726887,False
@USER seriously guys homeopathy?,0,Negative,Neutral,0.0508517,0.93571633,0.013431885,0.93571633,False
Leonard Cohen - Best of Leonard Cohen (R. I. P) via @USER,2,Positive,Neutral,0.0008905554,0.9338252,0.06528419,0.9338252,False
Still Report # 1113 – NY Prosecutor Preet Bharara Goes After Corrupt Clinton Foundation....[URL] via @USER,0,Negative,Neutral,0.020070255,0.9694657,0.010464095,0.9694657,False
"If there is a higher power out there, his name is David Blaine",1,Neutral,Positive,0.0036772885,0.05278546,0.9435372,0.9435372,False
"2Pac Outsold Babe Ruth, Michael Jordan, Muhammad Ali & Kobe Bryant At An Auction #tupac #hiphop #westside #rap #2pac",1,Neutral,Positive,0.0015034423,0.32037032,0.67812616,0.67812616,False
@USER looks like a young Sylvester Stallone #thisisus,2,Positive,Neutral,0.008213552,0.8218763,0.16991015,0.8218763,False
"@USER @USER brb, BAWLING on the train #StillWithHer",1,Neutral,Positive,0.008887274,0.2613855,0.72972727,0.72972727,False
BÄÄÄÄM I love it 😊 what a bunch of assholes 😂😂 @USER #thewalkingdead #normanreedus…,1,Neutral,Positive,0.008300825,0.0036392536,0.98805994,0.98805994,False
"Misha likely right about this, sadly for Kiev. ""Saakashvili: Ukraine faces chaos if no snap elections held"" KyivPost",1,Neutral,Negative,0.9628092,0.0357551,0.0014357796,0.9628092,False
We have a Constitutional right to film police. #blacklivesmatter #stopracism #stopfascism #notonmywatch,1,Neutral,Negative,0.54445404,0.42870337,0.026842602,0.54445404,False
Newt Scamander stole my haircut! #fierce #FantasticBeasts,2,Positive,Negative,0.9869322,0.011538603,0.0015291917,0.9869322,False
Why dogs love Bob Dylan?,2,Positive,Neutral,0.09914534,0.70619416,0.19466054,0.70619416,False
Top 10 Most Terrifying Robots Ever Built - #Technology,0,Negative,Positive,0.0014962304,0.0077200653,0.9907837,0.9907837,False
@USER @USER @USER @USER good thing he's not taking up baseball like #MichaelJordan 😂,1,Neutral,Positive,0.07885453,0.45516828,0.4659772,0.4659772,False
No Candy for Valentines Day? No problem! - A food-free holiday - #eczema #Eczema #Allergies,1,Neutral,Positive,0.0011713594,0.0387027,0.960126,0.960126,False
"Pope Francis reminds us that the time has come for us Catholics to bite the bullet, and prove our mettle.",1,Neutral,Positive,0.0015484196,0.029806478,0.9686451,0.9686451,False
When you see something and it's a couple of days late for #NationalFastFoodDay,1,Neutral,Negative,0.53823906,0.44087481,0.020886151,0.53823906,False
"Putin-Troll Marcel Sardo, one of the top-top Kremlin #trolls , operating from #switzerland , look his customer list…",0,Negative,Neutral,0.0183789,0.8642728,0.11734839,0.8642728,False
Quality Sunday evening topic: How this successful ganjapreneur convinced his physician dad medical pot is legit.…,1,Neutral,Positive,0.002606129,0.17441234,0.82298154,0.82298154,False
Visiting Pittsburgh? Lyft is giving new users TEN FREE RIDES!! The Code: LICK #uber #lyft #taxi #cab,1,Neutral,Positive,0.00091353536,0.020850252,0.9782362,0.9782362,False
"@USER I 100 percent agree! And passion, articulate, hell, Melania plagiarized her mo's speech even!",0,Negative,Positive,0.20721656,0.27876687,0.5140166,0.5140166,False
The latest Daily Insights on Ancestral Health from @USER Thanks to @USER #uniteblue,1,Neutral,Positive,0.0007004537,0.15716591,0.8421336,0.8421336,False
[WCCFtech] Samsung Is Releasing Galaxy Note 7 Software for the Note 5 – Images,1,Neutral,Positive,0.0009030301,0.30596483,0.6931321,0.6931321,False
'PRECIATE YOU LOOKING OUT !,1,Neutral,Positive,0.005452076,0.04231501,0.9522329,0.9522329,False
Reminiscent of Palin. At least she was entertaining. #StillWithHer #TrumpTransition,2,Positive,Neutral,0.4617177,0.49333864,0.04494362,0.49333864,False
@USER @USER @USER no one yet talks about #Pizzagate in the open. It'll fall out of the closet from Clinton Foundation,0,Negative,Neutral,0.4196231,0.5713374,0.009039543,0.5713374,False
.. Kim Fatty The Third. #KimFattyTheThird.. #America is keeping an eye on you. and #KimFattyTheSecond. and #KimFattyTheFirst.,0,Negative,Neutral,0.003486275,0.78950703,0.2070067,0.78950703,False
Gonna watch #ThisIsUs,1,Neutral,Positive,0.00096481,0.3740246,0.62501067,0.62501067,False
Help stop the #TPP in #Peru | About to vote on ratification of the disastrous (TPP) deal,1,Neutral,Negative,0.98226625,0.016212966,0.0015206696,0.98226625,False
@USER @USER she clearly does! she did better & now has a better life. work hard & look after what you really need & want,1,Neutral,Positive,0.0012953107,0.004663706,0.9940409,0.9940409,False
Should we bring back the death penalty for convicted paedophiles? The answer is simple. It's ... #EVENTS,1,Neutral,Negative,0.98822904,0.010418112,0.0013528933,0.98822904,False
"In 2016, population in control of ISIS shrunk from 10 to 6 million Territory shrank by 16%. 10 major cities to 5.#ThankYouObama",2,Positive,Neutral,0.10777907,0.8515934,0.040627554,0.8515934,False
Many large scale companies (such as MAC) that are listed as non CF dont do any animal testing in countries where it's not mandated by law,1,Neutral,Negative,0.91599107,0.082337044,0.001671872,0.91599107,False
"Trump can save these jobs either--Hello, self-driving cars, and goodbye to 4.1 million jobs? - MarketWatch",0,Negative,Neutral,0.02707733,0.94087225,0.032050434,0.94087225,False
Well said #Muhammad Ali Jinnah,2,Positive,Neutral,0.0051635993,0.96448505,0.030351385,0.96448505,False
@USER @USER @USER @USER @USER if it's good enuff for chuck... I'm in,1,Neutral,Positive,0.0012415936,0.19618094,0.8025775,0.8025775,False
Liberals and #ThemDems need an attitude adjustment.,1,Neutral,Negative,0.81620187,0.18106973,0.0027283246,0.81620187,False
"As Standing Rock Protests Turn Bloodier, Trump Stands To Cash In On Dakota Pipeline #NotMyPresident #BoycottTrump",0,Negative,Neutral,0.08965715,0.88507676,0.025266107,0.88507676,False
40 of Messi's 471 goals for Barca have been assisted by his striking partners Neymar (20) and Suarez (20) #fcblive…,1,Neutral,Positive,0.0009980124,0.20789771,0.79110426,0.79110426,False
@USER Is part of The Open Society. Bought and paid for by George Soros.They're in deep and favors are due.…,0,Negative,Neutral,0.2343564,0.7270981,0.03854541,0.7270981,False
Le Pen & right-wingers celebrate the rejection of Renzi's #Italy #referendum in yet another blow to Brussels bigwig…,1,Neutral,Negative,0.9145016,0.08113251,0.004365971,0.9145016,False
"#GilmoreGirlsTop4 Kirk, Sookie, Luke and Jess",2,Positive,Neutral,0.0013187423,0.98380893,0.014872414,0.98380893,False
"@USER , sorry man ...Have to learn everthing about @USER this Kim Jong-un is not into Soccer ???…",1,Neutral,Negative,0.987379,0.011702046,0.00091892417,0.987379,False
#Libya Under Pressure to Devalue Its Currency[URL],1,Neutral,Negative,0.93732876,0.061519936,0.0011512183,0.93732876,False
Mike Pence is Trumps permanent bulletproof vest.,1,Neutral,Negative,0.96904224,0.02864682,0.0023110115,0.96904224,False
#Israel the most humane soldiers in the #world laugh as a #Palestine man is crushed at a #segregation gate.,1,Neutral,Negative,0.54413515,0.39576218,0.06010276,0.54413515,False
"I Tried The College Thing & Minimum Wage Thing, Not My Cup Of Tea, Sowwy,",0,Negative,Neutral,0.116716966,0.83432,0.048962995,0.83432,False
@USER @USER Suspect all those blocking euthanasia debate in Parl. also. No representation of our lives by them.,1,Neutral,Negative,0.9897746,0.009227275,0.0009981198,0.9897746,False
"C'mon, Silver. ""Probabaly?"" Hard to weight the slow, sustained drip of Wikileaks vs the poignant timing of Comey.…",1,Neutral,Negative,0.50219375,0.48850393,0.00930235,0.50219375,False
FAM MY NIGGA WAS BURNT @USER @USER @USER @USER @USER #MannequinChallenge,0,Negative,Neutral,0.048916534,0.8300202,0.121063344,0.8300202,False
@USER DAVID BLAINE DOES MAGIC AT KANYE WEST. Kanye doesn't really have a *great* time.,1,Neutral,Negative,0.9861217,0.012272319,0.0016059184,0.9861217,False
Ireland: Legal Medical Marijuana Possible In The Near Future,1,Neutral,Positive,0.0018236317,0.30634198,0.6918344,0.6918344,False
@USER @USER @USER I hear this argument from lot of pakistanis that we never elect rightists .. its in your laws ffs,1,Neutral,Negative,0.6661674,0.32829523,0.0055374196,0.6661674,False
Rightists plan mega-Jerusalem in 2040 - with invisible Palestinians,0,Negative,Neutral,0.037257515,0.9546826,0.00805996,0.9546826,False
#BlackLivesmatter is it any wonder why cops are wary and ready to shoot first. It's not an easy job to protect the…,1,Neutral,Negative,0.98366886,0.015324242,0.0010069377,0.98366886,False
"Every time I read ""Trump Transition"" I always laugh inside",1,Neutral,Positive,0.018565536,0.09133907,0.8900954,0.8900954,False
#Spurs #GoSpursGo TIM DUNCAN 2009-10 PANINI CERTIFIED MIRROR BLUE #25 1/100 FIRST ONE !!! #TimDuncan #NBA,2,Positive,Neutral,0.0014331586,0.6168438,0.38172302,0.6168438,False
"#NationalFastFoodDay I don't care, I don't really like fast food...",1,Neutral,Negative,0.9876496,0.010457905,0.0018925165,0.9876496,False
The new Ukip leader wants to bring back the death penalty,1,Neutral,Negative,0.9864608,0.012526446,0.0010127585,0.9864608,False
"Microsoft joins the Linux Foundation, works to democratize AI and invests in clean energ...",1,Neutral,Positive,0.001143394,0.028758831,0.9700978,0.9700978,False
Season 4 of arrested development (2013) announced the building of a wall on the American-Mexican border. Original. @USER,0,Negative,Neutral,0.0018831786,0.92006046,0.07805637,0.92006046,False
"FACT: Robots cannot, and then shipped worldwide for global communism.",1,Neutral,Negative,0.9581387,0.04012768,0.0017335681,0.9581387,False
Motivational Quote by Muhammad Ali #HannesGerber,2,Positive,Neutral,0.001871558,0.9512677,0.04686075,0.9512677,False
@USER @USER @USER For anyone who asks if the embargo against Cuba was worth it. Show them this picture and laugh YES!!,2,Positive,Neutral,0.060262453,0.67578614,0.26395142,0.67578614,False
"""The taste of victory has become sweeter in your bullets, O Aleppo"". #SyrianArmySaves",1,Neutral,Positive,0.007253854,0.023652576,0.9690936,0.9690936,False
Fracking in Fermanagh: Council plan ‘too weak’ on fracking (From Impartial Reporter),1,Neutral,Negative,0.9864405,0.012779312,0.0007801775,0.9864405,False
@USER @USER @USER so it's #DrainTheSwamp of lobbyists unless you're Rudy Giuliani?,1,Neutral,Negative,0.58582723,0.40485623,0.009316604,0.58582723,False
@USER If the electoral college system had been removed before the elections Trump would have played the game differently. 3/,1,Neutral,Negative,0.89453125,0.10262138,0.0028474105,0.89453125,False
"Wikileaks email: Obama Administration ""scared"" Chief Justice Roberts into Obamacare decision",1,Neutral,Negative,0.98454595,0.014415556,0.0010384185,0.98454595,False
"Count third party votes, and he lost the popular vote by approximately 7 million votes!",1,Neutral,Negative,0.99065113,0.008374705,0.0009741607,0.99065113,False
Ham should be the main dish of Thanksgiving not some dry ass turkey 😂,2,Positive,Neutral,0.1692355,0.7413023,0.08946216,0.7413023,False
Google Earth VR – Our World as a Virtual Reality Playground and Resource #inst525,2,Positive,Neutral,0.0009368848,0.8356549,0.16340816,0.8356549,False
"Congress will abandon Trans-Pacific Partnership deal, White House concedes",1,Neutral,Negative,0.9744076,0.024541803,0.0010505702,0.9744076,False
I JUST TIPP D KIMCHI AND CRIED,0,Negative,Positive,0.0022208237,0.0091943275,0.9885848,0.9885848,False
Capitalism at its finest:Mexican cement maker ready to help build the wall on the US southern border.,1,Neutral,Positive,0.004520952,0.052362375,0.94311666,0.94311666,False
The truth is out there: there is a wall on the US Mexico border. #truthBlog,0,Negative,Neutral,0.078525454,0.88626385,0.03521067,0.88626385,False
Let LE officers protect their communities! Pundits merely upset at law enforcement for doing its job.,2,Positive,Negative,0.9715191,0.025882257,0.0025985998,0.9715191,False
Here Is Everything You Should Know About Melania Trump[URL],2,Positive,Neutral,0.0039188545,0.96894675,0.02713439,0.96894675,False
Linux and Microsoft on common ground.,1,Neutral,Positive,0.0028472524,0.4490648,0.54808795,0.54808795,False
#NBA #Cards 1996-1997 #Topps Finest Tim Duncan RC San Antonio #Spurs With Cover #Spurs,2,Positive,Neutral,0.0009728256,0.9658016,0.033225555,0.9658016,False
"@USER @USER Yes, because Obamacare and race is the only reason to vote for or against Trump 'sarcasm'.",0,Negative,Neutral,0.238293,0.7392919,0.022415072,0.7392919,False
"@USER @USER the Michael Moore part? If so, I agree emphatically.",1,Neutral,Positive,0.0013642133,0.018213002,0.9804228,0.9804228,False
marine le pen celebrating the referendum result along with... paul mason,1,Neutral,Positive,0.0009445735,0.05119263,0.94786274,0.94786274,False
Doesn't the tree look like a lung? We breathe their air all the time! #tree #britishpilgrimage #jerusalem,2,Positive,Neutral,0.4055822,0.57104856,0.023369264,0.57104856,False
"@USER @USER ...to be the Dem leaders again. Talking about you Schumer and Pelosi. With them in charge, nothing changes.",0,Negative,Positive,0.027595052,0.19300522,0.7793997,0.7793997,False
'Homeopathy is not about small white pills or placebo. It is a profound process where you will feel fully...,1,Neutral,Positive,0.0026749372,0.40845615,0.58886886,0.58886886,False
A dedicated Team PKR Tebrau has over the last 2 years brought voter registration services to the Rakyat of South...,1,Neutral,Positive,0.0009892709,0.28734267,0.7116681,0.7116681,False
#TRUMP2016 #Hillary #BlackLivesMatter #Trump is #NOTMYPRESIDENT DECAL #tpp #tpp #sgp #nra #rnc,1,Neutral,Negative,0.9930842,0.006111178,0.0008046954,0.9930842,False
"#Palestinian ministry of health announces death of man shot earlier by #IsraeliForces in Shuafat #refugee camp, illegaly annexxed #Jerusalem",1,Neutral,Negative,0.8990796,0.099498965,0.0014213923,0.8990796,False
.Hundreds march in Cambridge against vivisection #CambridgeKillers,1,Neutral,Negative,0.95292586,0.04561583,0.0014583247,0.95292586,False
#PicOfTheDay No place anymore on cemeteries in Aleppo.,1,Neutral,Negative,0.9774638,0.021705765,0.00083047966,0.9774638,False
The swamp is bought AND paid for-Major #gop donor Rebekah Mercer part of the #TrumpTransitionTeam. #ThisIsNotNormal…,1,Neutral,Negative,0.98996663,0.008878194,0.0011551975,0.98996663,False
"Army Corps Issued Dec. 5th Deadline for ALL Camps at Standing Rock to Clear Out. Funny, this isn't the line Obama admin took w/Bundy #NoDAPL",0,Negative,Neutral,0.2857186,0.68747455,0.026806895,0.68747455,False
Convinced that #Hatchimals are simply unsold Furbies wrapped in old styrofoam. What's your holiday #fadremixidea?,1,Neutral,Negative,0.71973467,0.27764344,0.0026219133,0.71973467,False
And in another top breaking story: hell has just frozen over...,1,Neutral,Negative,0.7251749,0.15829392,0.11653117,0.7251749,False
@USER daughter swears he's almost 10. I don't believe n euthanasia for ppl.As a nurse I've seen too much death not to believe that,1,Neutral,Negative,0.9831602,0.015404783,0.0014350429,0.9831602,False
"@USER @USER In NH, repugnants r trying to change same day voter registration law. Another example of voter suppression #Resist",1,Neutral,Negative,0.9930045,0.0061525386,0.0008429323,0.9930045,False
"Oops - it was a matter of time.""hackers have taken remote control of a Tesla Model S from a distance of 12...",1,Neutral,Negative,0.960439,0.036569502,0.0029914603,0.960439,False
Carson diamond & silk & the inner cities need you God needs you to rejuvenate the inner city decline.plz accept,1,Neutral,Positive,0.0065890863,0.2904708,0.7029401,0.7029401,False
Christopher Bollyn page #911 #falseflag #mossad #israel #gaza #palestine #israel #BDS,1,Neutral,Negative,0.97135365,0.02775407,0.00089228054,0.97135365,False
Examples of injuries sustained during animal testing?! Anybody?!,1,Neutral,Negative,0.9295163,0.06922669,0.001256986,0.9295163,False
"@USER Sarandon, Fake News, Bernie, non voters, the press, Comey, voter suppression , Green Party...Your list is spot on.",1,Neutral,Negative,0.9747133,0.021482676,0.0038040169,0.9747133,False
"Steve Bannon would make a great villain on ""The Walking Dead"".",1,Neutral,Negative,0.8230139,0.15639932,0.02058674,0.8230139,False
Neither #romney nor #Giuliani For Sec of StatePick someone else@USER @USER @USER,0,Negative,Neutral,0.012576281,0.9807195,0.006704149,0.9807195,False
Seeing nature's true colours using 3D-printed nanostructures @USER,1,Neutral,Positive,0.0036023662,0.38384172,0.61255586,0.61255586,False
2014 Tesla Model S P85 now in stock.,1,Neutral,Positive,0.00075532077,0.18945034,0.80979437,0.80979437,False
Alt-right = racists / white supremacistsbut decent article,1,Neutral,Negative,0.9732295,0.024830768,0.001939733,0.9732295,False
"The Dogon Speak on Being Happy, Diet and Vegetarianism",1,Neutral,Positive,0.0011091265,0.09704613,0.90184474,0.90184474,False
"@USER respect you, but I hope you're not unaware of the hypocrisy of not covering the protests at the Dakota Access Pipeline yesterday",0,Negative,Neutral,0.19970445,0.7639517,0.036343776,0.7639517,False
Its a friday nite and most of you will be drinking now just make sure you do it at home or take an #uber or a #lyft,2,Positive,Neutral,0.0057352143,0.9529515,0.041313276,0.9529515,False
@USER Things are hotting up in Europe too...people are fed up with the mass immigration madness and the Eurozone experiment.,0,Negative,Neutral,0.42911136,0.4862261,0.08466255,0.4862261,False
Say It Loud: Two New Books Look Back at #BlackPower from the age of #Trump and #BlackLivesMatter[URL],2,Positive,Neutral,0.012000177,0.9778431,0.010156644,0.9778431,False
"Just #ICYMI, the @USER punished the Nuggets in Hill's return[URL]",1,Neutral,Negative,0.4759288,0.47382733,0.050243884,0.4759288,False
"On a scale of 1-10, I'd give Steve Bannon a 1.5...",0,Negative,Neutral,0.0047212867,0.93871933,0.05655943,0.93871933,False
Ah we missed it this weekend #SmallBizSatUK! We'll be there next week. Check out our new website at…,1,Neutral,Negative,0.973216,0.022438617,0.004345345,0.973216,False
Pretty soon I'll just do what the rest of the conservatives are doing and just not login anymore.,1,Neutral,Negative,0.9398558,0.058184937,0.0019592254,0.9398558,False
What are the 5 biggest mistakes that people assume about homeopathy...[URL] #homeopathictreatments,1,Neutral,Negative,0.9839729,0.014940448,0.0010865971,0.9839729,False
@USER Its not racist. There are bad Hombres in Mexico.,0,Negative,Neutral,0.41290277,0.5582737,0.028823566,0.5582737,False
.@USER Galaxy Note 7 & 3 more smartphones of the year,1,Neutral,Positive,0.0010684503,0.021097308,0.9778342,0.9778342,False
"@USER @USER @USER @USER Please, dude. You probably loved her until she stood up to your boy.",1,Neutral,Positive,0.06325505,0.32956392,0.607181,0.607181,False
@USER Time is not a human concept because Kim Jong-un is a God who is immortal thus your point is invalid.,0,Negative,Neutral,0.14876667,0.8106881,0.04054517,0.8106881,False
@USER pope Francis ministering to wicked afflicted and effected,0,Negative,Neutral,0.004546463,0.9036597,0.09179391,0.9036597,False
"With Persona 5 and FFXV on the horizon, it was very difficult not to...",1,Neutral,Positive,0.010394464,0.076207995,0.9133975,0.9133975,False
"To my leftist ""friends"" 😂 #TGIF #DrainTheSwamp",1,Neutral,Positive,0.0040512485,0.2249567,0.77099204,0.77099204,False
Lunes de The Walking Dead y Westworld.El mundo funciona bien.,2,Positive,Neutral,0.001788878,0.87145054,0.12676057,0.87145054,False
You Can’t Take an Uber Home From These Airports #traveltips #travel #uber,1,Neutral,Negative,0.98728675,0.011847361,0.0008658746,0.98728675,False
We need #NationalTakeAHikeDay after yesterday was #NationalFastFoodDay,2,Positive,Neutral,0.009025202,0.76293063,0.22804418,0.76293063,False
I say we elect David Blaine as president so he can make all of our problems disappear,1,Neutral,Positive,0.0036857778,0.020956805,0.9753574,0.9753574,False
"The average social security benefit was $1,341 in 2016. The average rent for a 1 bedroom in San Diego is $1,634.#seniors @USER",0,Negative,Neutral,0.0034470216,0.9707183,0.025834614,0.9707183,False
@USER I wanna sue the electoral college. Someone is...I asked if it could be class action. U R legal eagle..can we?,1,Neutral,Negative,0.756165,0.24015076,0.0036841573,0.756165,False
"@USER @USER @USER @USER hear,frustration?😀#Yemen#Iraq#Syria#Nigeria#BokoHaram #ISIS#Ansar#Hamas in #Gaza",1,Neutral,Negative,0.9843391,0.0144336205,0.0012272989,0.9843391,False
"Deeply flawed & elite centric GCC ws backd by UN & Intl Comunity.It kept Saleh n control&reshufled elite,ultimately…",1,Neutral,Negative,0.991206,0.007662361,0.0011316274,0.991206,False
I understand he has been asked to interview for a #Trump cabinet position. he should--he's a #TrumpPosterChild…,1,Neutral,Negative,0.57245487,0.4040156,0.023529533,0.57245487,False
There must be a band called Bad Hombres out there somewhere. #TrumpInauguralBand,0,Negative,Neutral,0.072672226,0.903796,0.023531765,0.903796,False
if insert coin sells persona 5 gear thats nice and not super garish im dropping so much coin on it,1,Neutral,Positive,0.034858126,0.40339744,0.5617445,0.5617445,False
@USER The real axis= Equality vs Hierarchy. Translates to leftists demanding forced equality & rightists comfortable w inequality,0,Negative,Neutral,0.1708589,0.8186123,0.010528907,0.8186123,False
"@USER @USER WE could add Henry Kissinger the Rothschild's, the Rockefeller's & George Soros !",1,Neutral,Positive,0.004293834,0.41379666,0.5819095,0.5819095,False
@USER @USER Please let go of the hatred and anger and quit bullying our president elect. America needs to help him help us.,1,Neutral,Negative,0.97553694,0.022589702,0.0018733711,0.97553694,False
"Random photos from #NBAwards, mostly of poetry judges and poets.",2,Positive,Neutral,0.0011559882,0.9820373,0.016806575,0.9820373,False
If you didn't want to do it that all you had to say,0,Negative,Neutral,0.051989425,0.91966325,0.028347349,0.91966325,False
Breastfed babies have better antibody response to vaccines than formula-fed.Call FREE #breastfeeding consultation.…,1,Neutral,Positive,0.0109564895,0.31680644,0.6722371,0.6722371,False
"#Breaking Footage from the scene of attempted #terror attack in #Shoafat #jerusalem , #israel",1,Neutral,Negative,0.6550149,0.34171066,0.0032744478,0.6550149,False
8 is the reason I'm a Linux user.,0,Negative,Positive,0.0026027919,0.31959063,0.67780656,0.67780656,False
United Nations Development Program (UNDP): South Korea offers USD 1M to support stability in #Libya.,2,Positive,Neutral,0.0010093026,0.7593551,0.23963563,0.7593551,False
"In other news, North Korea has been begging China to censor ""fatty Kim the third"" from its websites and China finally coalesced",0,Negative,Neutral,0.05173236,0.9399011,0.008366536,0.9399011,False
"What should a driverless car do in this situation? This game can help them ""learn"".",1,Neutral,Positive,0.0013276977,0.28169054,0.71698177,0.71698177,False
"#IslamicState ""#ISIS"" claims responsibility for terror attack on security checkpoint for Egyptian Army at #Arish in…",1,Neutral,Negative,0.9890203,0.01026583,0.0007138957,0.9890203,False
I Agree. We need voter registration I.Ds.,2,Positive,Neutral,0.033364784,0.8610192,0.105616,0.8610192,False
"@USER @USER @USER If you lower your minimum wage to $1 or are prepared to pay $3000 for an iphone, sure",0,Negative,Neutral,0.08057955,0.8909813,0.028439172,0.8909813,False
#Valentines #Gifts HugFun #TeddyBear Plush Brown #Valentine #Gift,1,Neutral,Positive,0.00065109914,0.030600213,0.9687487,0.9687487,False
The Trump Foundation was used as his personal slush fund. The Clinton foundation is a highly-rated charity that has…,0,Negative,Neutral,0.23912737,0.7256035,0.035269156,0.7256035,False
"Don't wait for the herd to act against vaccines because the herd takes their orders from government, newspapers,...",0,Negative,Neutral,0.13619933,0.8486547,0.015145975,0.8486547,False
"Our 'Sanctuary Saviors' tee, inspired by #TheWalkingDead, is shipping now! FREE RED NECK WARMER while stocks last!…",1,Neutral,Positive,0.0011799748,0.2589844,0.73983574,0.73983574,False
@USER why dont you protest terrorists to leave aleppo. war will over in minutes. No suffering.,1,Neutral,Negative,0.9789274,0.019558657,0.0015139361,0.9789274,False
WE ARE CRAZY MOFOS ! WE TAKE DOWN ALL HATERS! #ThisIsUs #WeAreDirectioners #directioner #onedirection @USER,1,Neutral,Positive,0.03859183,0.06746177,0.8939464,0.8939464,False
Airbus targeted for Israel arms trade links #gaza #palestine #israel #BDS,1,Neutral,Negative,0.9806662,0.01853768,0.0007961514,0.9806662,False
"@USER natural outcome of the developing theme among liberals & rightists that only they truly opposed fascism, but were forced into a +",1,Neutral,Negative,0.54104936,0.45259756,0.0063530784,0.54104936,False
Ya they don't disappoint.i love watching them make complete fools of themselves and show the American people what a…,1,Neutral,Positive,0.007411731,0.0040398254,0.9885485,0.9885485,False
#hatchimals #giveaway #gtk I wanna win,1,Neutral,Positive,0.00078963535,0.0078042834,0.9914061,0.9914061,False
"new tech trends- Microsoft joins the Linux Foundation - latest cell phone reviews , latest tech gadget,",1,Neutral,Positive,0.001237124,0.11282855,0.8859343,0.8859343,False
@USER gun control was born trying to keep blacks from having guns.,1,Neutral,Negative,0.6393204,0.34891337,0.011766176,0.6393204,False
Holla to all my bad hombres who decided to work today and get that money $$$ #blackgrinday,2,Positive,Negative,0.9898115,0.008262943,0.0019256142,0.9898115,False
Stop animal testing #worldwide,1,Neutral,Negative,0.993687,0.0054932106,0.0008198894,0.993687,False
@USER we don't want Romney #TheSnake ! We want Rudys loyalty! Retweet #MAGA #Trump2016 #NeverRomney #Fraud #Phony #DrainTheSwamp,1,Neutral,Negative,0.940147,0.056087192,0.0037658254,0.940147,False
#teens with fat pussys zac efron and vanessa have sex,0,Negative,Neutral,0.07051247,0.89295095,0.036536638,0.89295095,False
"OMG THE CUBS SCORED 4 RUNS. 9%Trump 61,820,845 46.",1,Neutral,Positive,0.002204396,0.109105214,0.88869035,0.88869035,False
@USER the Rugby Leaders also had a go at the #MannequinChallenge,2,Positive,Neutral,0.001395546,0.9774934,0.021111079,0.9774934,False
"Alfis Analisa >> Australian Dollar at Risk on US Data, Trump Cabinet Appointments",1,Neutral,Negative,0.96437496,0.03447008,0.001154946,0.96437496,False
NO ONE SAW THAT HAPPENING 😍 @USER #OneDirection,2,Positive,Negative,0.9917498,0.007124076,0.0011260434,0.9917498,False
All the proof we wanted!!!‘Plus-size’ model Ashley Graham fronts Vogue’s January issue,1,Neutral,Positive,0.0010224299,0.021432277,0.97754526,0.97754526,False
@USER @USER @USER I'm with you Karoli so much more going onTrump LIESRUSSIAMISOGYNYRACISMCOMEY (DIR. BY RUDY)MEDIA++,2,Positive,Neutral,0.0009938839,0.804982,0.19402416,0.804982,False
"Lighten up, censors in #China. How can you not love the #search term 'Fatty #Kim the Third'?",1,Neutral,Negative,0.9557466,0.038807943,0.0054455088,0.9557466,False
.@USER Award-winning author @USER will deliver Black History Month Lecture at #VCU #NBAwards,2,Positive,Neutral,0.0007740657,0.71791303,0.28131285,0.71791303,False
"@USER @USER It's sarcastic. You can't force people to take vaccines, you only can offer it and talk about benefits.",0,Negative,Neutral,0.30585957,0.6604389,0.033701587,0.6604389,False
#BeautyAndthebeast look lit but is still satanic as shit 🤘🏾😈,0,Negative,Positive,0.21290518,0.16487648,0.6222183,0.6222183,False
@USER even Obama is that way. noDAPL he silent. Drones he silent. Ehhh but we have Obamacare. Hard to figure out,1,Neutral,Negative,0.9415823,0.05614919,0.0022685165,0.9415823,False
Picture: Lionel Messi during Adidas event. #fcblive,1,Neutral,Positive,0.001543477,0.43702278,0.5614338,0.5614338,False
Putin and Obama exchange awkward handshake at Peru summit@USER video,1,Neutral,Negative,0.8955114,0.10202867,0.00245993,0.8955114,False
LOOPY LEFTY LIBERALS TAKE A THRASHING IN ITALY - When people have very little Wot have they got to lose! SIGN ARTICLE 50 NOW - BREXIT,0,Negative,Neutral,0.09587721,0.7953141,0.10880867,0.7953141,False
@USER @USER I'd prefer Ashley Graham if we're looking for curvy women to play Barbie,2,Positive,Neutral,0.099120766,0.87873435,0.022144966,0.87873435,False
<-The Magnificence Of Minka #nsfw #bath #bubble #onedirection,2,Positive,Neutral,0.025861705,0.9437445,0.030393882,0.9437445,False
I think the weirdest thing about the new David Blaine special is that these groups of celebrities hang out.,1,Neutral,Negative,0.97950965,0.018689174,0.0018010914,0.97950965,False
#GilmoreGirlsTop4 Can't be Lorelei or Rory 4)Mrs Kim 3) Miss Patty 2) Emily 1) Luke,2,Positive,Neutral,0.1270856,0.8628486,0.010065887,0.8628486,False
.@USER Eliminate #Obamacare √ Privatize #Medicare √ Privatize #SocialSecurity √ What #BlindTrust?√…,0,Negative,Neutral,0.18819751,0.79723495,0.0145675475,0.79723495,False
Fox & Friends 11\25\16: An Inquiry Already ? Dems Push Gao To Investigate Trump Transition: via @USER,0,Negative,Neutral,0.0043280637,0.985114,0.010557971,0.985114,False
@USER @USER The same McConnell who was minority leader as Obamacare was passed? Riiiight 😂,2,Positive,Negative,0.8868918,0.0960778,0.017030383,0.8868918,False
"look at that, one year of vegetarianism and i havent dropped deed from a lack of protein!!",2,Positive,Neutral,0.13821627,0.5628995,0.29888418,0.5628995,False
I had wanted to add Kim jong un. Should have swapped him with Mussolini,0,Negative,Neutral,0.022912208,0.9593762,0.0177116,0.9593762,False
"Again, just so we're clear. Banning abortion doesn't stop it happening, it just makes it unsafe.",1,Neutral,Negative,0.98809993,0.010813326,0.0010866969,0.98809993,False
He is only trying to clean up Philippines. What is death penalty compared to the threat of Islamic terrorism?,1,Neutral,Negative,0.9357151,0.061895967,0.002388941,0.9357151,False
"Lol I think Matty would lose by ""popular vote"". Outside his rural base in tipp where the likes of Lowry ""build my...",1,Neutral,Negative,0.9224941,0.073648185,0.0038577851,0.9224941,False
"@USER Fossil fuels are as problematic,but as they are finite it makes sense to improve on other sources that are not. #JustConversing",1,Neutral,Negative,0.66026336,0.3233215,0.016415156,0.66026336,False
When did #Thanksgiving turn into Valentines Day? So. Many. Couples. Pictures.,2,Positive,Neutral,0.026273524,0.8704605,0.103265986,0.8704605,False
#Uber for #Millennials who want an orchestra in their living rooms @USER,1,Neutral,Positive,0.0049051777,0.4040792,0.5910156,0.5910156,False
"@USER I have to, cuz Walmart has #TheWalkingDead season 6 for $10. Hopefully it's still there. 😑",1,Neutral,Positive,0.0032442405,0.05409927,0.9426565,0.9426565,False
"When you're a Trump, critics have the opposite effect. Melania avenged by bigger fashion designers than M. Obama's.",1,Neutral,Negative,0.67429113,0.31148827,0.014220596,0.67429113,False
@USER Random factoid from my brain: Ovechkin 05-11 goals-to-assists ratio = 0.96. 11-17? 1.79! He's turned into a Cy Young pitcher.,1,Neutral,Positive,0.008515152,0.16810587,0.823379,0.823379,False
I'm on this plane and they said u can't board the plane if have a galaxy note 7,1,Neutral,Negative,0.8627954,0.13454403,0.0026605409,0.8627954,False
David Blaine only thinks for himself. When has he looked at anybody?,0,Negative,Neutral,0.01849093,0.9642047,0.017304268,0.9642047,False
Travel the World with the all new Google Earth VR!Follow the link to read the Blog:,1,Neutral,Positive,0.0008257697,0.31115124,0.68802303,0.68802303,False
I really don't care. Final is on Tuesday and I'm watching westworld oops,2,Positive,Negative,0.63530874,0.26141673,0.103274584,0.63530874,False
#MMC/#YPG #Kabasin #ISIS clashes with #SDF in #Syria.,1,Neutral,Negative,0.9021982,0.095873885,0.0019280007,0.9021982,False
Please help our friend who was wrongfully arrested during an anti-Trump protest.,1,Neutral,Negative,0.9303686,0.06731159,0.002319721,0.9303686,False
New #GreenDay concept album: George Soros Glued a Wig on My Head and Made Love to My Face,2,Positive,Negative,0.97699374,0.021219006,0.0017872604,0.97699374,False
Hundreds Flee Wildfires Near #Jerusalem,1,Neutral,Negative,0.90876275,0.089497596,0.0017397407,0.90876275,False
Russia: Zenit stadium will be finished ‘by the end of this year’ – Putin... via @USER,2,Positive,Neutral,0.0022146304,0.9420689,0.05571656,0.9420689,False
"The NAZI's and Italian Fascists were coercive socialists, basically the communists. Don't confuse 1941 Stalin propaganda with history.",1,Neutral,Negative,0.98859286,0.010259627,0.0011475201,0.98859286,False
"Another good reason to control immigration.Racial segregation 'growing in UK', Dame Louise Casey warns -",2,Positive,Negative,0.8851899,0.108485594,0.0063245227,0.8851899,False
Intelligent analysis of possibilities:,1,Neutral,Positive,0.0028538695,0.15612526,0.8410209,0.8410209,False
4. Sookie3. Kirk2. Richard1. Luke#GilmoreGirlsTop4,2,Positive,Neutral,0.0010944039,0.9760467,0.02285884,0.9760467,False
The latest Pray To End Abortion! Thanks to @USER @USER @USER #prolife #tcot,1,Neutral,Positive,0.0043727593,0.0804153,0.915212,0.915212,False
"@USER @USER @USER @USER @USER @USER he tweeted facts, Melo isn't a top 8 SF in the NBA",1,Neutral,Negative,0.8897798,0.107102215,0.0031180398,0.8897798,False
#Palestine threatens #CAS claim over West Bank clubs:,0,Negative,Neutral,0.29348636,0.7026213,0.0038923381,0.7026213,False
#FantasticBeasts has us thinking of #Dementors. @USER explains our new theory,2,Positive,Neutral,0.014128465,0.8590192,0.12685235,0.8590192,False
Getting ready for European Tour 2017! With support from @USER and the #Trumptards! #MAGA #MERA…,1,Neutral,Positive,0.0005412632,0.018096287,0.98136246,0.98136246,False
Meanwhile...Obama Admin made them refugees:,0,Negative,Neutral,0.24054931,0.7501197,0.009331055,0.7501197,False
"10,000 vote win with cheating all around. That's the margin of that last rally. Steve Bannon earned everything he's…",0,Negative,Neutral,0.11471424,0.78703344,0.098252274,0.78703344,False
Had to allow myself one bit of online shopping today since they're only making one run of these Leonard Cohen homag…,2,Positive,Neutral,0.0041656108,0.71191263,0.2839218,0.71191263,False
"@USER No, Mo Ansar - ever the opportunist - is looking to reinvent himself as the new Leonard Cohen, hallellujah.",0,Negative,Neutral,0.1734032,0.7473044,0.07929246,0.7473044,False
@USER @USER 'grab her in the pussy because I can' is not locker room talk. Doesn't even compare to sexy pictures.,1,Neutral,Negative,0.9775648,0.019281127,0.003154071,0.9775648,False
@USER Unlike you I actually take Ephesians 6:12 seriously. You're just a slave to Pope Francis,1,Neutral,Negative,0.82885396,0.16147418,0.009671865,0.82885396,False
#RejectedBlackFridayDeals Tony Romo for a ball boy,1,Neutral,Negative,0.9835084,0.015364945,0.001126589,0.9835084,False
"Getting mad at @USER for impersonation is beyond me. It's ""admiration"" as it was said when Melania repeated that speech. 😌🙊👀 #teamgigi",0,Negative,Positive,0.055953305,0.32036313,0.6236836,0.6236836,False
ULTIMATE No Makeup #Makeup Look for Indian Skin I @USER #makeupgiveaway,2,Positive,Neutral,0.11819409,0.8707162,0.011089753,0.8707162,False
. @USER @USER #SMITHRADIO Debut single #HAHA 11/23 iTunes!,1,Neutral,Positive,0.0007131826,0.4078264,0.5914604,0.5914604,False
@USER Donald Trump is great for so many reasons. He will label #blacklivesmatter as a hate group that they are. Bye bye Obama. 😂👋,1,Neutral,Positive,0.28093386,0.32711956,0.39194655,0.39194655,False
I can GUARANTEE U Romney will NOT BE #SOS - Can we show a little unity behind the Man we elected to #draintheswamp…,1,Neutral,Negative,0.9838409,0.014547673,0.0016114889,0.9838409,False
"I find myself taking stock of the issues I care about most and hope to direct my efforts there. In that sense, I'm #StillWithHer",1,Neutral,Positive,0.0029590488,0.04530127,0.95173967,0.95173967,False
#Spurs #GoSpursGo LOT OF (13) TIM DUNCAN #CardS W/ ROOKIE INSERT SPURS FUTURE HOF #TimDuncan #NBA,2,Positive,Neutral,0.0011525949,0.72001064,0.27883673,0.72001064,False
@USER TRUMP WINS ELECTION NWO & POPE FRANCIS AND THE ELITE ROTHSCHILD WARNING hey buddy,1,Neutral,Negative,0.9748104,0.023438897,0.0017507782,0.9748104,False
"Duke is overrated.""Grayson Allen is trash.""UNC will beat y'all.""Wahoowa",1,Neutral,Negative,0.9944712,0.0045940243,0.00093482656,0.9944712,False
"PHOTOS: From the Rio Olympics to the Cubs' win, take a look back at the big sports events of 2016. #yearinreview…",2,Positive,Neutral,0.000946012,0.8779753,0.121078596,0.8779753,False
Drank so much beer yesterday that I somehow bypassed drunk + ended up completely sober? 🤔...I blame David Blaine,1,Neutral,Negative,0.98885846,0.009422525,0.0017190364,0.98885846,False
@USER @USER @USER Don't worry. Poroshenko made up for it.,1,Neutral,Positive,0.0022424855,0.040635563,0.9571219,0.9571219,False
@USER @USER Celebrating a Trump Presidency. #orangetheworld #DonaldTrump #orangebyelection #Trump2016 #UnitedNations,1,Neutral,Positive,0.001229014,0.0065920376,0.9921789,0.9921789,False
"@USER @USER Please no more Michael Moore pictures, I just ate",0,Negative,Neutral,0.06126924,0.91199166,0.02673907,0.91199166,False
#theRealBlackFriday is starting to fill up! Get your Black-Made merchandise while you can! #BlackFriday #Blexit…,1,Neutral,Positive,0.0013045452,0.016654689,0.98204076,0.98204076,False
Sen. Warren wants investigation of Trump's transition team i would Look at holder Powell Hillary's Aides Be Afraid,0,Negative,Neutral,0.47200587,0.51403135,0.013962796,0.51403135,False
Intelligence Suggests Obama Admin Facilitated Iran’s Smuggling of Weapons via Commercial Planes,1,Neutral,Negative,0.9826308,0.016381778,0.0009875182,0.9826308,False
The Chanelles in #ScreamQueens are more authentic medical practitioners than the Syrian White Helmets. #FakeNews,1,Neutral,Negative,0.98072225,0.017904745,0.00137305,0.98072225,False
My dad has been reading #TheWalkingDead nonstop for the past two days.,2,Positive,Neutral,0.010390872,0.89938194,0.0902273,0.89938194,False
"Microsoft joins the Linux Foundation, a new Firefox release, an... via @USER @USER",1,Neutral,Positive,0.00087244576,0.26129383,0.73783374,0.73783374,False
"@USER When will, the theme for Ryuji from Persona 5 be available in Europe? #BetterLateThanNever #P5 #Ryuji",2,Positive,Neutral,0.0017586292,0.9760696,0.022171704,0.9760696,False
"@USER @USER Indeed. If Steve Bannon followed Kissingers's orders, you'd hail him as great progressive.",1,Neutral,Positive,0.01848717,0.21403025,0.76748264,0.76748264,False
"@USER @USER @USER @USER Oh yeah, Clinton Foundation!",1,Neutral,Positive,0.0054031843,0.111865714,0.88273114,0.88273114,False
"Messi: ""To have a good team, everything starts there"" #fcblive",1,Neutral,Positive,0.0009516039,0.034906242,0.9641421,0.9641421,False
"""When we’re supposed to be talking about diversity for women, it feels purpose-defeating."" —@USER",1,Neutral,Negative,0.98864776,0.010306156,0.0010461248,0.98864776,False
@USER #isis and #BlackLivesMatter beware. It's now legal for #americans to protect themselves in this…,0,Negative,Neutral,0.010649079,0.9643092,0.02504167,0.9643092,False
"New lyric for 2016 ""So if I can shoot rabbits then I can shoot Alt-Rightists""[URL]",0,Negative,Neutral,0.115852535,0.86019486,0.023952661,0.86019486,False
It's time to do the right thing.,1,Neutral,Positive,0.0008892576,0.017552854,0.9815579,0.9815579,False
@USER Why don't you start with true voter registration and photo ID to vote. Hacking is not the issue.,1,Neutral,Negative,0.93744403,0.05963674,0.0029193468,0.93744403,False
@USER the #MuslimBrotherhood created #Hamas,1,Neutral,Negative,0.98620343,0.013063851,0.0007326161,0.98620343,False
<-Asian Slut Squirts A Lot While Fucked #nsfw #bath #bubble #onedirection,1,Neutral,Negative,0.98359436,0.015459737,0.00094588945,0.98359436,False
@USER @USER @USER @USER possibly utilize the Boston Globe Spotlight team for investigation !!!!,0,Negative,Neutral,0.00522373,0.9577749,0.037001405,0.9577749,False
Gigi Hadid apologizes for Melania Trump AMA impression Freedom Of Speech Takes Another Hit Under @USER,0,Negative,Neutral,0.2764895,0.7118897,0.011620808,0.7118897,False
It took me a second to realize that that drummer is not Justin Verlander😂,1,Neutral,Negative,0.54018575,0.43825093,0.021563329,0.54018575,False
"@USER although it'd be extra nice is Maduro (president of Venezuela, where i live) could be included in that pack with Fidel",0,Negative,Positive,0.013317682,0.2580539,0.72862846,0.72862846,False
Everyone start tweeting a picture of tRump to him and retweet all that you see #notmypresident #StillWithHer #nevertrump,0,Negative,Neutral,0.016159113,0.92169863,0.062142286,0.92169863,False
What hope for Belgium after permitting it's first child euthanasia?Ethics that Pándy&Dutroux may have balked at.Another European innovation!,0,Negative,Neutral,0.089231476,0.51186085,0.39890763,0.51186085,False
The #Iranian regime carries out acts of terror against its own people on a daily basis; money from the #irandeal we…,1,Neutral,Negative,0.99445564,0.004745979,0.0007984318,0.99445564,False
Obama lifts embargo on Cuba...a hero to libs everywhere. Trumps takes a call from Taiwan...uproar. get the joke? PC is dead people. We won!,0,Negative,Positive,0.0771014,0.14950345,0.77339524,0.77339524,False
The fact that Zac Efron wasn't Troy's singing voice in the first High School Musical is why I have trust issues,1,Neutral,Negative,0.98737913,0.011563349,0.0010575649,0.98737913,False
@USER @USER sweet jesus valentines day is gonna be a too lewd for titter,2,Positive,Negative,0.6316151,0.19513503,0.17324989,0.6316151,False
Happy @USER oppression day,1,Neutral,Positive,0.0035934097,0.0017128205,0.9946938,0.9946938,False
4. Kirk 3. Mrs. Kim 2. Emily 1. Michel #GilmoreGirlsTop4 and I'll throw in Sookie for good measure too as my #5,2,Positive,Neutral,0.0015667327,0.66963357,0.32879972,0.66963357,False
@USER @USER @USER Bet it will be another establishment Republican. So much for #draintheswamp y'all got conned LOLOLOL,1,Neutral,Negative,0.48412263,0.47022453,0.045652736,0.48412263,False
Speaking out may not be in the best interest of Jewish organizations and other groups.,1,Neutral,Negative,0.9131129,0.08519474,0.0016924654,0.9131129,False
LIVE on #Periscope: Justice for Kenneth Chamberlin Sr. #blacklivesmatter,2,Positive,Neutral,0.004113201,0.9816065,0.014280247,0.9816065,False
"Two years ago last night, police in Ferguson Missouri tear gassed and attacked three safe zones. I still remember!#BlackLivesMatter",1,Neutral,Negative,0.9915747,0.0073070494,0.0011182023,0.9915747,False
"if Muhammad Ali said it ,you better believe it..You dnt become the ""Greatest"" if you dnt believe..true Legend.",2,Positive,Neutral,0.07734096,0.52656555,0.39609346,0.52656555,False
Debating with anti-gun politicians be like:[URL] #guncontrol,1,Neutral,Negative,0.5200771,0.47235835,0.007564537,0.5200771,False
Still digesting #Westworld - will have to rewatch!,1,Neutral,Positive,0.0024044816,0.056943145,0.9406524,0.9406524,False
@USER Vegetarianism is better for the planet and that's why I resent it. It makes me face up to my own hypocracy,1,Neutral,Negative,0.7469238,0.22778,0.02529617,0.7469238,False
@USER Gov. Moonbeam's goal was to turn CA blue by handing out driver's licenses to illegals along with a voter registration form.,1,Neutral,Negative,0.5630394,0.41579306,0.021167496,0.5630394,False
"Nuclear explosions lead to nuclear winter, a man caused effect to be sure, but not warming. Warming caused by burni…",1,Neutral,Negative,0.9442626,0.05354739,0.002190013,0.9442626,False
Realizing The Potential of Humanoid Robots as a Full-time Healthcare Providers #robots,2,Positive,Neutral,0.052575402,0.852396,0.09502855,0.852396,False
"@USER Same lib whingers who say Hillary should be POTUS because she won the ""popular vote"" won't accept the Brexit popular vote.",1,Neutral,Negative,0.9897299,0.0093229655,0.0009472368,0.9897299,False
#unitednations Secretary-General #BanKiMoon expressed serious concern over d prevailing situation at the Line of Control in Jammu & Kashmir.,1,Neutral,Negative,0.9444306,0.054247636,0.0013217763,0.9444306,False
@USER @USER @USER -you openly support #Hamas & #Hezbollah - good luck w/the 72 virgin boys u get in 'paradise' 🖕from🇺🇸,1,Neutral,Positive,0.012969396,0.28131592,0.7057146,0.7057146,False
.@USER if DJT is really trying to make u apologize then u should decline and please share this with the world. Don't be .@USER,1,Neutral,Negative,0.87189806,0.12599283,0.0021091183,0.87189806,False
Immigration through Mexico is disgusting border patrol told to stand down 45 days ago back to work border patrol very happy🇺🇸🇺🇸🇺🇸🇺🇸🇺🇸🇺🇸🇺🇸,1,Neutral,Negative,0.9903549,0.0073311185,0.002313918,0.9903549,False
#DAPL is a waste of time & money. We need to focus our time & money on reusable energy and get away from fossil fuels.,1,Neutral,Negative,0.99033,0.008447035,0.0012229198,0.99033,False
#Yemen The selling of Huey's to Yemen including training and even leasing the mega Cargo aircraft to deliver…,1,Neutral,Negative,0.54097605,0.4529925,0.0060315253,0.54097605,False
Tiny Ripples of Hope: Happy Thanksgiving; Now Get Back to Being Poor#p2 #UniteBlue,1,Neutral,Positive,0.0015131268,0.007918942,0.990568,0.990568,False
I DIDN'T KNOW RICKY MARTIN WAS A GUEST AT THE 1989 WORLD TOUR OH MY FUCKING GOD,1,Neutral,Negative,0.9617056,0.026828654,0.011465684,0.9617056,False
@USER Cracks me up that these *intellectuals* support the EC as long as it confirms popular vote. Then what's the point of having EC!,1,Neutral,Negative,0.9809919,0.017454097,0.0015539747,0.9809919,False
"Retweeted AFV (@USER):""Um, yes, I'll take it to go."" #NationalFastFoodDay",2,Positive,Neutral,0.0011161255,0.5737148,0.42516905,0.5737148,False
Each of us has a vision of good and of evil. We have to encourage pe... #PopeFrancis #aphorisms,1,Neutral,Positive,0.0021170706,0.2055803,0.79230267,0.79230267,False
.Why animal testing doesn't work! #CambridgeKillers,1,Neutral,Negative,0.99468213,0.004442668,0.00087522255,0.99468213,False
Give it a listen! Raw project from one of the realest 🙌🏽✊🏽 #blacklivesmatter #unapologeticallyblack…,1,Neutral,Positive,0.0012928324,0.010476634,0.9882306,0.9882306,False
"@USER @USER Miguel, tell me about this guy, and what he means to you as a fellow PuertoRiqueño",2,Positive,Neutral,0.0019120879,0.8844011,0.11368688,0.8844011,False
Argentina to revamp railway line to support shale fracking[URL],0,Negative,Neutral,0.0060456633,0.97101563,0.022938687,0.97101563,False
"@USER English has opposed abortion voluntary euthanasia ,physician assisted suicide,.Your new boss will oppose it ....",1,Neutral,Negative,0.9740656,0.02467886,0.0012555416,0.9740656,False
"Send all info to US attorneys, to @USER to @USER PROTEST the fraud & corruption. Our country is what we…",0,Negative,Neutral,0.018814486,0.9117487,0.069436766,0.9117487,False
I had no other interests but baseball because I never thought I'd no... #JustinVerlander #quote,1,Neutral,Positive,0.087108225,0.4325986,0.48029315,0.48029315,False
WestWorld is even more meta than Community.,2,Positive,Neutral,0.021619199,0.7920987,0.18628211,0.7920987,False
"@USER He already has a friend, the blamee who ""wrote"" Melania's RNC speech.",0,Negative,Neutral,0.021576526,0.92376405,0.054659482,0.92376405,False
Humans No Longer Need to Tell Machines What to Look For vía @USER #robots,1,Neutral,Negative,0.60564107,0.38430655,0.010052378,0.60564107,False
.This will make you rethink animal testing #CambridgeKillers,1,Neutral,Negative,0.9362039,0.059934344,0.0038617416,0.9362039,False
Romney is part of the swamp. #DrainTheSwamp#NeverRomney,1,Neutral,Negative,0.99183196,0.0071322904,0.0010357493,0.99183196,False
Retweeted #StillWithHer (@USER):Republicans Cannot Claim a Mandate When Hillary Clinton Has a...,1,Neutral,Negative,0.5359331,0.45650145,0.007565418,0.5359331,False
"Todd Staples: “We have an unprecedented level of energy security now."" #fracking #shale",1,Neutral,Positive,0.0039458266,0.059153598,0.9369006,0.9369006,False
I'd like to have lived in the time when bob dylan was at the top of the charts,2,Positive,Neutral,0.008813161,0.664463,0.32672384,0.664463,False
"With picks of Steve Bannon & Micheal Flynn, @USER unpopular win radically alters Obama's post-presidency plans via @USER",0,Negative,Neutral,0.28140727,0.68999606,0.028596662,0.68999606,False
"#Syria #Kurdistan #Yemen - do something this weekend to get the word out about these conflicts! No #BlackFriday over-consumption, please!",1,Neutral,Negative,0.9537172,0.044064455,0.0022183566,0.9537172,False
"Essential report from @USER connecting policy discourses on race, religion & migration to a spike in hate crimes",1,Neutral,Negative,0.8393621,0.1539741,0.0066638095,0.8393621,False
@USER & the WALL Trump wants to build? I researched. It would take $45+ billion to build his 1900 mile wall on Mexican border....,0,Negative,Neutral,0.39178205,0.59816146,0.010056497,0.59816146,False
"rumor #trump will import the Great Wall of China, and install it on the Mexican Border #maga #Mexicanwall",0,Negative,Neutral,0.0920446,0.8949498,0.01300563,0.8949498,False
@USER @USER Clinton is ahead over 2 million in popular vote.,2,Positive,Neutral,0.005706281,0.7222071,0.27208653,0.7222071,False
@USER Kind of like Kim Jong Un...,0,Negative,Neutral,0.017410735,0.96739364,0.015195539,0.96739364,False
Zac Efron & Seth Rogen Flex Their Muscles In Short Shorts — 'Neighbors 2' Pic #ZacEfron #ZacEfron,2,Positive,Neutral,0.0015696185,0.9387144,0.059715934,0.9387144,False
It's so funny watching all the White Supremacists and conspiracy theory nuts attack Mitt Romney.Romney is the only GOP with a spine left.,2,Positive,Negative,0.91697145,0.07551143,0.0075171497,0.91697145,False
Anti #Houthi fighters are setting military positions near #medical facilities in #Taiz #Yemen @USER,1,Neutral,Negative,0.9892295,0.0101333475,0.00063712406,0.9892295,False
"New #AQAP film Harvest of Spies no.5 shows drone victims, outs 5 spies but aims to keep spies' tribes neutral by is…",1,Neutral,Negative,0.5340233,0.4619501,0.0040265373,0.5340233,False
Don't need make up to cover up. #WhatMakesYouBeautiful #OneDirection #1DHarry,1,Neutral,Positive,0.003968845,0.031713933,0.9643172,0.9643172,False
"Awesome @USER .The media blasted Melania & the Obama's done the same""just words"" @USER U put Melani…",0,Negative,Positive,0.019221481,0.30404782,0.6767307,0.6767307,False
"#LeonardCohen a tribute, and Jennifer Warnes",2,Positive,Neutral,0.0013737753,0.66364795,0.33497834,0.66364795,False
fuck me up. he's drop dead gorgeous. #ScreamQueens,1,Neutral,Positive,0.0109186005,0.0045593935,0.984522,0.984522,False
"PhD Studentship in Additive Manufacturing/3D Printing for the Development of Innovative Antenna Technology, 2017",1,Neutral,Positive,0.0011275099,0.44996855,0.54890394,0.54890394,False
@USER @USER @USER @USER zillion dolla chicks aka (destiny's abortion) back it,1,Neutral,Negative,0.98022103,0.017819326,0.0019595502,0.98022103,False
Instagram copying Snapchat is like Melania Trump copying Michelle Obama's speech,0,Negative,Neutral,0.43592957,0.5450317,0.01903875,0.5450317,False
"""Microsoft joins the Linux Foundation"" #microsoft #feedly",1,Neutral,Positive,0.0010292355,0.3211092,0.6778615,0.6778615,False
These people keep shadow boxing imaginary leftists thinking they're heavy weight champs smh,1,Neutral,Negative,0.9931329,0.006073945,0.00079325814,0.9931329,False
michael moore is gay,0,Negative,Neutral,0.11077316,0.874864,0.014362901,0.874864,False
"Now don't be offended, but what America needs is less Frank Costanza and more Mike Pence. My weekend column:",1,Neutral,Negative,0.9207207,0.07574233,0.0035369413,0.9207207,False
"Marine Le Pen: ""The Italians have disavowed the EU and Renzi. We must listen to this thirst for freedom of nations.""(Dangerous times)",1,Neutral,Negative,0.89798886,0.09894813,0.0030630191,0.89798886,False
Kate Upton Can't Stop Complaining About The Cy Young Vote #sports,1,Neutral,Negative,0.7991763,0.1872364,0.013587297,0.7991763,False
"The education system of #KRG in a perilous, the question should be pass to #UNISEF #UnitedNations about that case. #UNAMI",0,Negative,Neutral,0.047810864,0.9447206,0.007468517,0.9447206,False
"Everyone's thanksgiving this year: mannequin challenge, faceswaps with grandma and pictures/videos of the food they ate",1,Neutral,Positive,0.0008961197,0.06896882,0.9301351,0.9301351,False
"Fine, FINE edge! Can't blame Verlander for challenging #ausvrsa",1,Neutral,Positive,0.0020968236,0.018597174,0.97930604,0.97930604,False
cool tip: playing cards against humanity with conservatives isn't actually as fun,0,Negative,Neutral,0.35020018,0.5882376,0.061562225,0.5882376,False
"Label scan for Bob Dylan's 12th biggest hit, Subterranean Homesick Blues.",2,Positive,Neutral,0.0012468921,0.7200616,0.27869153,0.7200616,False
"Hell yes #TWDFamily @USER The Official Magazine followed me and liked a few of my Drawings, honored…",1,Neutral,Positive,0.0014428406,0.0049264994,0.9936307,0.9936307,False
Get a gift card today and we'll add 20% at no charge @USER #Christmas #FantasticBeasts @USER,1,Neutral,Positive,0.0008700212,0.045227006,0.953903,0.953903,False
Wow! Back in '99 this thought didn't even cross tech futurists! Microsoft joins the Linux Foundation via @USER,1,Neutral,Positive,0.0028969678,0.029403584,0.9676994,0.9676994,False
Hatchimals Free on Black Friday and Cyber Monday with a Catch #Hatchimals #BlackFriday #CyberMonday…,2,Positive,Neutral,0.0006942247,0.60979354,0.3895122,0.60979354,False
#SaudiArabia controls its image by monitoring media/buying loyalties. #Qatif #Bahrain #Yemen,1,Neutral,Negative,0.9755215,0.023492815,0.0009856608,0.9755215,False
"Saakashvili is pushing his own agenda here.The Ukrainian economy is growing, although corruption is still a problem…",0,Negative,Neutral,0.022398587,0.92290354,0.05469788,0.92290354,False
@USER Drops leaked #Yemen files from @USER -2015Should be interesting,1,Neutral,Positive,0.0026164404,0.044679508,0.9527041,0.9527041,False
"history is like your social Security number. long, useless, but needed.",1,Neutral,Negative,0.55235016,0.41152564,0.036124256,0.55235016,False
@USER @USER @USER You mean #Hezbollah jihadists? Or Iranian jihadists? Or Assad Shabiha jihadists?,1,Neutral,Negative,0.78002447,0.21786083,0.0021146506,0.78002447,False
How Larry King and Ed Schultz May Have Helped Russia Create Fake Anti-Hillary News[URL] #uniteblue #notmypresident,1,Neutral,Negative,0.98181087,0.017011873,0.0011771839,0.98181087,False
[Infodocket] Go Flying: Google Introduces a Virtual Reality Version of #GoogleEarth (Google Earth VR),1,Neutral,Positive,0.0011173526,0.087215565,0.9116671,0.9116671,False
"Read that #Westworld may not be back til 2018 which is a big problem because it was a B+ show with neat ideas, but not all that fun to watch",1,Neutral,Negative,0.99098736,0.007626112,0.0013865802,0.99098736,False
Obvious Celine Dion should be the #BeautyAndTheBeast movie sound track ..come on bitches is her song 😒,0,Negative,Positive,0.0045405477,0.043279845,0.9521796,0.9521796,False
"#DylannRoof People are saying, if Dylann Roof gets the death sentence, Breitbart News and Steve Bannon will demand national day of mourning",1,Neutral,Negative,0.9806146,0.018255113,0.0011302476,0.9806146,False
"@USER Megyn, Please interview Halderman from the Univ of Michigan re:discrepancy in the results in counties with e-voting machines.",0,Negative,Neutral,0.19218488,0.80020225,0.00761293,0.80020225,False
@USER you know... deep learning promises us heaven but I can't talk my through the neural net code yet :/,1,Neutral,Negative,0.52771264,0.34918886,0.12309849,0.52771264,False
THE END IS COMING SOON . #Palestine❤️,1,Neutral,Positive,0.022343686,0.20156074,0.77609557,0.77609557,False
CAME T/SOMETHING INTERESTING TODAY?ALL CHARITY F/@USER MEDIA NEVER FOUND?MAYBE QUIETLY SHUTTLED MELANIA & JR?SHYOF PUBLIC RECOGNITION !,1,Neutral,Negative,0.980206,0.018070027,0.0017240029,0.980206,False
I miss [Spoiler]. 😭 #thewalkingdead,0,Negative,Neutral,0.26714656,0.38061655,0.35223696,0.38061655,False
@USER @USER Thank goodness for the wisdom of our founding fathers. They never even mention the popular vote.,1,Neutral,Positive,0.0022719847,0.014574689,0.9831533,0.9831533,False
@USER only you can stop politics-as-usual. #DrainTheSwamp #MAGA,2,Positive,Neutral,0.32024926,0.61394876,0.06580196,0.61394876,False
@USER @USER I have a great life & I'll be fine.Many of friends dont feel that security. People like Steve Bannon don't help.,2,Positive,Neutral,0.3649442,0.417865,0.21719089,0.417865,False
@USER Over here regular cabs ask how much you want to pay them 😏 has to be #uber all the time 👌🙏,1,Neutral,Positive,0.0053186617,0.120752655,0.87392867,0.87392867,False
I think sometimes the best training is to rest.... #CristianoRonaldo #quote,1,Neutral,Positive,0.0036448226,0.15169862,0.8446566,0.8446566,False
It's not because Trump was elected or because Brexit happened that the Anglo-American superiority complex ceases to be a problem. Not at all,1,Neutral,Negative,0.95247424,0.045318786,0.0022070534,0.95247424,False
Kris Bryant CHICAGO CUBS 2016 WORLD SERIES CHAMPIONS BOBBLEHEAD TROPHY NEW,1,Neutral,Positive,0.0008101839,0.1267047,0.87248516,0.87248516,False
Samsungs galaxy note 7 smartphone banned from all #TechNews #Tech #News #Gadget #Apps,1,Neutral,Negative,0.5628272,0.4271593,0.010013396,0.5628272,False
@USER you are in it... #beastsofuon #squirrelpinup #beastiesrule #FantasticBeasts @USER,1,Neutral,Positive,0.0011641452,0.048969466,0.94986635,0.94986635,False
"Gee whiz, Ricky Martin! Stare at my back!!!",1,Neutral,Positive,0.005174764,0.15948534,0.83533984,0.83533984,False
"My mom used to say,""Lay down with dogs, get up with fleas."" Just sayin' . #TrumpTransitionTeam #DrainTheSwamp",0,Negative,Neutral,0.14126696,0.8009327,0.057800394,0.8009327,False
Lmk when u can refute the overwhelming scientific evidence that fossil fuels are warming our planet 🙃,1,Neutral,Negative,0.7417114,0.24002138,0.018267216,0.7417114,False
Director Martin Scorsese discusses meeting Pope Francis,1,Neutral,Positive,0.0018978397,0.2604823,0.7376198,0.7376198,False
Confirmed - #ISIS #IS surrounded in #Mosul - #MosulOp #MosulOffensive #MosulOperation,1,Neutral,Negative,0.98023,0.018841049,0.0009289861,0.98023,False
i read the first line and thought it was from melania's speech,0,Negative,Neutral,0.010103234,0.945318,0.04457876,0.945318,False
Remember when Chanel owned the mall for herself during Black Friday. Lol #ScreamQueens,1,Neutral,Positive,0.008687633,0.27466765,0.7166447,0.7166447,False
@USER @USER now we just need similar news about George Soros!,1,Neutral,Negative,0.952707,0.044485956,0.0028069885,0.952707,False
@USER @USER don't call walk any more. C Grayson Allen 2 game winners last year,1,Neutral,Positive,0.00639855,0.19889963,0.7947018,0.7947018,False
Essay on invading aliens and self-driving cars.@USER @USER @USER @USER @USER,1,Neutral,Negative,0.9772654,0.021314025,0.001420583,0.9772654,False
on the euthanasia list #whybuywhentheydie #adoptdon'tshop 🐩🐕🐶,1,Neutral,Negative,0.9912816,0.0070575248,0.0016607373,0.9912816,False
In line with other cabinet picks @USER has picked Madoff for Treasury. #NeverTrump #Democrat #UniteBlue…,1,Neutral,Negative,0.95285344,0.045927446,0.0012191639,0.95285344,False
I hate when companies create a #falsedemand; this is a #marketing ploy often utilized this time of yr. Examples: #Hatchimals & #NintendoNES,1,Neutral,Negative,0.9939137,0.0051614037,0.00092489464,0.9939137,False
"Gracing the red carpet, Andrew Aydin, Congressman John Lewis and Nate Powell at the #nbawards…",1,Neutral,Positive,0.00079478807,0.29832873,0.7008765,0.7008765,False
How will voter suppression happen in the Trump dystopia?Don't miss @USER report on GOP voter DEFAMATION,1,Neutral,Negative,0.94259846,0.051645573,0.005755994,0.94259846,False
That time @USER arrived in #Russia and the FSB's Olga Kostina was waiting at the airport to facilitate his defec…,0,Negative,Neutral,0.0063068355,0.98119974,0.012493508,0.98119974,False
Did anybody else know that the green meanie was Taylor Lautner?? #ScreamQueens,1,Neutral,Negative,0.8887822,0.106698826,0.0045189857,0.8887822,False
CLASSIFIED Report: U.S. Drone Strikes not against al-Qaeda,1,Neutral,Negative,0.5345394,0.46159416,0.003866399,0.5345394,False
"@USER @USER @USER @USER I'm GOD'S Voice! God says:""EU was converted into SATANIC Unions by godless LIBERALS:Tusk",0,Negative,Positive,0.03614324,0.3078714,0.65598536,0.65598536,False
"I live in an echo chamber so where do I begin my research to study if any ""alt-rightists"" are actual people with human like qualities",1,Neutral,Negative,0.9390031,0.05955657,0.001440277,0.9390031,False
Here's our #BeautyAndTheBeast trailer breakdown:,2,Positive,Neutral,0.0014903053,0.97330284,0.025206897,0.97330284,False
North Dakota Fracking Company Fined $2.1 Million For Pollution Of Native American Reservation,1,Neutral,Negative,0.98784465,0.01127149,0.0008837859,0.98784465,False
"@USER America, Wake Up! Trump& GOP Secretly Executed this VOTE Count Tampering Plan 2 Defeat Hillary & DEMs Down the Ballot",1,Neutral,Negative,0.99070686,0.0081685465,0.001124589,0.99070686,False
LOT of 2 Allen Edmonds Grayson leather dress loafters Brown/Black career office #AllenEdmonds #Grays,2,Positive,Neutral,0.0011618235,0.9871066,0.011731592,0.9871066,False
@USER @USER @USER rinos make $$$ w CommonCore kids supposed to be on anti-depressants watching tv getting vaccines,1,Neutral,Negative,0.95448166,0.044016805,0.001501548,0.95448166,False
@USER perfect @USER,1,Neutral,Positive,0.0018645092,0.0035418137,0.9945937,0.9945937,False
Ariana lips💄#mac #ariana #arianagrande,1,Neutral,Positive,0.0009466919,0.08731873,0.9117346,0.9117346,False
Chicken tenders... and frozen custard and crinkle cuts and cheese curds and 😋 @USER #TenderMomentsSweepstakes…,2,Positive,Neutral,0.0010738957,0.97829366,0.020632487,0.97829366,False
IMAGE: As ISIS takes your life Obama is on the links. #tcot #isis #islamisevil #nobama #fail #incompetent #golf,1,Neutral,Negative,0.9880334,0.010889407,0.0010772415,0.9880334,False
"Couple from #Wyoming Said: Voted for Trump, Steve Bannon Must Graciously Step Down On His own to Support @USER Start Right !",1,Neutral,Negative,0.49112567,0.4755145,0.03335982,0.49112567,False
"@USER plan against the coming horror of climate change. Obama just this June approved 1,500 offshore fracking wells. They guy",0,Negative,Positive,0.11426749,0.26491958,0.62081295,0.62081295,False
Today is the feast of St Barbara! Exit #euthanasia Action suggests you make your @USER barbiturates see:ch2…,2,Positive,Neutral,0.013466072,0.819851,0.16668293,0.819851,False
I suspect the reason why Putin denounced bitcoin is b/c countries manipulate their currency value to help each other with regards to trade.,1,Neutral,Negative,0.9777759,0.021226441,0.000997707,0.9777759,False
A new report finds that immigration is no evidence to back Trump's claim.,1,Neutral,Negative,0.70152533,0.29218912,0.006285506,0.70152533,False
@USER @USER @USER wait - what are we talking about? Syrian refugees or anti trump riots?,1,Neutral,Negative,0.8204944,0.17723773,0.0022678298,0.8204944,False
"@USER she is obviously right. putin does the same with le pen, fpö. afd etc. in europa. you are now the same @USER",1,Neutral,Positive,0.0054272125,0.11767426,0.8768985,0.8768985,False
"AMERICA controlled by KGB moles?No White House, but Red House?Demand the Popular Vote no Electoral Vote!SAVE THE USA NOW!",1,Neutral,Negative,0.9919776,0.006737134,0.0012852474,0.9919776,False
@USER @USER hahaha! #gamed Green Party funded by the heartbroken Dems- salt in the wound!,1,Neutral,Negative,0.8024464,0.16322549,0.03432816,0.8024464,False
"""You Can't Achieve Million Dollar Dreams With Minimum Wage Work Ethic"" ~ real talk",1,Neutral,Negative,0.96773005,0.030323727,0.0019462823,0.96773005,False
"@USER @USER . Aka: Soros is paying the bills. To disrupt the Trump transition. Stein, bought & paid for by just like Bernie.",0,Negative,Neutral,0.084162414,0.8436726,0.07216496,0.8436726,False
@USER I hope they keep Pelosi so it's business as usual,2,Positive,Neutral,0.18015437,0.77596986,0.043875746,0.77596986,False
"They train their hounds with young fox cubs, they squeal as they die. They set their hounds on pregnant vixens in season #keeptheban",1,Neutral,Negative,0.948683,0.04588995,0.0054271063,0.948683,False
They smile at you @USER for selling arms to Saudi Arabia and at you @USER for defending BoomBoomB…,0,Negative,Neutral,0.22550318,0.7287277,0.045769148,0.7287277,False
@USER yeah that was interesting in Austria. But does it have much influence on Italy elxn/potential for Marine le Pen to win in France?,1,Neutral,Positive,0.006778104,0.4417179,0.55150396,0.55150396,False
@USER #Liberals #Premier #KathleenWynne helped #AG @USER escape her #FailureOfDuties! via,0,Negative,Neutral,0.0070702275,0.5299845,0.46294525,0.5299845,False
"Check out 32GB Samsung Galaxy Note 5 SM-N920P Sprint Unlocked GSM Smartphone 5.7"" #Samsung #Bar",1,Neutral,Positive,0.0007006093,0.33778727,0.66151214,0.66151214,False
Which altogether uncommonly wants so as to go through the candor regarding needful trafficking robots: oEJe,0,Negative,Neutral,0.099745005,0.88355273,0.01670228,0.88355273,False
Take Beer!! Takbeer!!!#ISIS #IS #daeshbags,1,Neutral,Negative,0.9843354,0.013771338,0.0018932394,0.9843354,False
"You promised #draintheswamp, NO MITT, YES RUDY for SOS @USER @USER @USER",1,Neutral,Negative,0.97650844,0.021322293,0.002169316,0.97650844,False
"@USER It probably is, frankly. Possible endgame is to ride the wave of disppointed leftists when it fails. Use them to push for 1/",0,Negative,Neutral,0.35773018,0.6310471,0.01122268,0.6310471,False
At Any Price review – Zac Efron lifts a strained family drama... #ZacEfron,1,Neutral,Positive,0.007002104,0.35187304,0.64112484,0.64112484,False
Minimum wage is a bandaid. Minimum income is the goal.,2,Positive,Negative,0.9220542,0.074053705,0.003892224,0.9220542,False
@USER @USER @USER calling Taiwan (against policy) because of business deal. Did bus with Cuba during embargo.,1,Neutral,Negative,0.5129218,0.48265374,0.004424469,0.5129218,False
$HE $YELP $MY $FIG $TWO $CUBS $AGO$IM $MS $AXE $AT $A $ZEN$I $AM $FUN,1,Neutral,Positive,0.0033382822,0.18114439,0.81551737,0.81551737,False
Is #TPP really dead? Has Trump’s election affected Vietnam’s foreign policy?,1,Neutral,Negative,0.75278413,0.24479829,0.0024175935,0.75278413,False
"@USER @USER @USER @USER @USER you won't mention aid to #Hamas, supplies, goods, electricity, medical?",1,Neutral,Negative,0.9183301,0.07995585,0.0017141184,0.9183301,False
"#shabbatshalom #Israel #Jerusalem s=SHABBAT SHALOM TO ALL, HASHEM'S BLESSINGS!!!",2,Positive,Negative,0.86990374,0.10648494,0.023611326,0.86990374,False
@USER @USER @USER @USER save the taxpayer millions and print only dimes!,1,Neutral,Positive,0.009760203,0.12439661,0.86584324,0.86584324,False
Election Interference Comey and she still won 2million+ popular vote #stillwithher #AuditTheVote #Recount2016,1,Neutral,Positive,0.0085722655,0.281994,0.7094337,0.7094337,False
#Japan Issues Emergency Pamphlets to Inform Citizens to Prepare for Possible #Nuclear #War with North #Korea:,0,Negative,Neutral,0.049114898,0.9454847,0.005400393,0.9454847,False
We used see-think-wonder to help us investigate the UNCRC. This week is the 25th anniversary of the UNCRC.…,2,Positive,Neutral,0.0019339349,0.92362005,0.074446045,0.92362005,False
I hope for the sake of all Venezuelans tonight that Maduro considers that he will have to face Him too.,0,Negative,Neutral,0.009361996,0.9446747,0.045963243,0.9446747,False
HHS nominee Tom Price belongs to Drs. group which believes vaccines cause autism & Obama care is socialized medicine.,1,Neutral,Negative,0.9892322,0.009887054,0.00088077143,0.9892322,False
Presumably we took all that gold for saving all those 'lives'. Sounds much better than saying we mugged #Libya and…,0,Negative,Neutral,0.17470235,0.74171937,0.08357822,0.74171937,False
"After this medical marijuana card, nothing has been the same.",1,Neutral,Negative,0.67866594,0.3102639,0.011070187,0.67866594,False
@USER any free market conservatives out there anymore? Perhaps they were always a myth.,1,Neutral,Negative,0.9796801,0.019299787,0.0010200923,0.9796801,False
SPLC's Christian Killer gets 25 years but SPLC gets a pass,0,Negative,Neutral,0.41491947,0.5756047,0.009475818,0.5756047,False
#ICYMI The #NBAwards winners for 2016 wereThe Underground Railroad by Colson WhiteheadStamped from the Beginning by Ibram X Kendi,1,Neutral,Positive,0.0010155481,0.07086156,0.92812294,0.92812294,False
Ricktatorship by TheMeeDes #art #illustration #popculture #coolpopsart #popart #thewalkingdead #rickgrimes,1,Neutral,Positive,0.0021146652,0.06807743,0.9298079,0.9298079,False
"Bankruptcy of wisdom promotes leftists media to ask opinion of Greece about economics,the country bailed out by Ger…",1,Neutral,Negative,0.97566843,0.02301539,0.001316105,0.97566843,False
See @USER sexiest fashion looks:,1,Neutral,Positive,0.0011093214,0.029690105,0.96920055,0.96920055,False
"Those criticizing her for the ""I thought I was the only one allowed to **** Verlander"" need to find a hobby, and maybe a job.",1,Neutral,Negative,0.96786994,0.030168183,0.001961948,0.96786994,False
#Microsoft announces that it's joining the #LinuxFoundation.[URL],1,Neutral,Positive,0.00088295416,0.20696649,0.79215056,0.79215056,False
Gun Control Endangers More Lives Than it Saves via @USER #2A,1,Neutral,Negative,0.98852587,0.010411456,0.0010626786,0.98852587,False
una de mis favoritas. #NowPlaying The (Shipped) Gold Standard de Fall Out Boy ♫,2,Positive,Neutral,0.0052828966,0.8287537,0.1659634,0.8287537,False
@USER @USER don't forget that minimum wage is not meant to be a living wage,1,Neutral,Negative,0.9616549,0.036406334,0.0019387326,0.9616549,False
"#GilmoreGirlsTop4 Luke, Lorelai, Jess, Lane",2,Positive,Neutral,0.0013518424,0.9835919,0.015056283,0.9835919,False
Senator calls on President Obama to reroute pipeline. What is more important @USER company profits or safe water?,0,Negative,Neutral,0.13465111,0.8538551,0.011493766,0.8538551,False
.Some companies engaged in animal testing #CambridgeKillers,1,Neutral,Negative,0.96918553,0.02979183,0.0010226339,0.96918553,False
"@USER @USER Apparently, euthanasia is compulsory...or something?",1,Neutral,Negative,0.9201747,0.078167975,0.0016573216,0.9201747,False
Retweeted Ben Verlander (@USER):Are you kidding me? Most first place votes and doesn't win?...,0,Negative,Neutral,0.2673233,0.7236378,0.00903888,0.7236378,False
Mind fucked!#BreakingBad #TheWalkingDead#BB #TWD,1,Neutral,Negative,0.9938228,0.005015139,0.0011619508,0.9938228,False
@USER MUHAMMAD BABAR ALI Howdy I invite you to this particular porn cam free sign up Click on my profile.,1,Neutral,Positive,0.0013122946,0.07162713,0.9270606,0.9270606,False
Tesla's latest Easter Egg enables hypercar-like sprints #tesla,1,Neutral,Positive,0.0022862044,0.028334742,0.96937907,0.96937907,False
"In China, King Jong Un is popularly referred to as ""Kim Fatty the Third"" which is probably the brightest world news you'll see in a while",1,Neutral,Positive,0.0029508965,0.043008793,0.9540403,0.9540403,False
Ashley Graham: Losing Weight Would Be Disloyal! | via @USER,1,Neutral,Negative,0.96418154,0.034032576,0.0017858933,0.96418154,False
Berry Thomas and Mathieu are the GOLD STANDARD of what an NFL safety should be in this new league,1,Neutral,Positive,0.0017984806,0.012587958,0.9856135,0.9856135,False
"@USER @USER 😂😂😂😂😂 he needs full name, number, address, and social security",1,Neutral,Negative,0.4017478,0.26868868,0.3295636,0.4017478,False
@USER @USER @USER @USER You do realize he lost the popular vote by 2 million. Most of that red is land.,1,Neutral,Negative,0.98583895,0.012964646,0.0011963496,0.98583895,False
I have yet to see a photo of Steve Bannon without a headset on.,1,Neutral,Negative,0.6423744,0.3512749,0.0063506793,0.6423744,False
Gen. Flynn alleged to have committed major breach of Pentagon security - @USER,1,Neutral,Negative,0.9823215,0.016823314,0.00085518125,0.9823215,False
3D printing at #BuzzConf. Got some 3D printed Squirtels for Jordan,2,Positive,Neutral,0.0009509719,0.88279223,0.11625679,0.88279223,False
New #BeautyandtheBeast Photo Has Gaston Wooing Belle[URL],2,Positive,Neutral,0.0011536217,0.95596975,0.042876575,0.95596975,False
@USER @USER @USER @USER no trump is pushing to get rid of most those fools hence #draintheswamp,1,Neutral,Negative,0.98991513,0.009212577,0.000872324,0.98991513,False
Holiday gifts for all the bad hombres and nasty women in your life via @USER,1,Neutral,Negative,0.9927878,0.0059601557,0.0012519667,0.9927878,False
@USER @USER she's buddies with Putin- she ain't messing with Trumps chances,1,Neutral,Negative,0.711531,0.26303822,0.025430782,0.711531,False
The other day I went on a date & this guy asked me why was I wearing my Cubs jersey if that already passed... niggaaaaa are you fr rn😐🙄,0,Negative,Neutral,0.11189353,0.5380347,0.35007176,0.5380347,False
Kim fatty the third 😂😂😂 @ CSIS | Center for Strategic & International Studies,0,Negative,Positive,0.017156217,0.48290086,0.4999429,0.4999429,False
THE A WORD #apartheid #gaza #palestine #israel #BDS,1,Neutral,Negative,0.9371645,0.061599847,0.0012356981,0.9371645,False
Got to show the boys in Tipp the way to the Kingdom of Kerry!,1,Neutral,Positive,0.001625199,0.45371017,0.5446646,0.5446646,False
Minimum wage braking at patriarchal of a piece: vXVMu,0,Negative,Neutral,0.016525077,0.9777591,0.0057157497,0.9777591,False
I think I have spent quite enough on Persona 5.,2,Positive,Neutral,0.078214176,0.87917906,0.04260665,0.87917906,False
"@USER @USER @USER Just in case someone is wondering what to get me 4 Xmas, NOT THIS.",1,Neutral,Negative,0.9808894,0.017359557,0.0017509897,0.9808894,False
@USER In other words a full EIS. Which is what was required in the 1st place + what will be nearly impossible for DAPL to obtain.,1,Neutral,Negative,0.91318035,0.08394347,0.0028761483,0.91318035,False
Be the 1st to check out our new look at Pl give ur feedback. #Ayurveda #Homeopathy…,2,Positive,Neutral,0.00076671067,0.8517282,0.14750516,0.8517282,False
#Spurs #GoSpursGo 1997 Wheels Tim Duncan RC Rookie #Card Lot #TimDuncan #NBA,2,Positive,Neutral,0.0008190908,0.8663721,0.13280885,0.8663721,False
That look on Putin's face shaking Obama's hand is priceless.,2,Positive,Neutral,0.11379143,0.69544464,0.19076382,0.69544464,False
there are many ways to not use fossil fuels & still strive in this economy but people are too money hungry so let's…,1,Neutral,Negative,0.5848436,0.39891556,0.01624088,0.5848436,False
George Hill returns from injury to score 22 points in the @USER 108-83 blowout win over Denver.…,2,Positive,Neutral,0.0016052115,0.7310716,0.26732314,0.7310716,False
@USER so many deplorables..need a basket the size of Russia,1,Neutral,Negative,0.9947018,0.0042620795,0.0010361902,0.9947018,False
#POTUSTrump voters are very comfortable with #TrumpTransitionTeam process because the drama reads a lot like #OldTestament:#MAGAforDummies,0,Negative,Positive,0.029296553,0.40851265,0.56219083,0.56219083,False
"After Trump Win, Parallel Path Is Seen for Marine Le Pen of France’s Far Right Glorious: Wir marchieren!",2,Positive,Neutral,0.015677534,0.5317306,0.45259193,0.5317306,False
Trip to Istanbul ✈️✈️✈️🏀🏀🏀#fcblive,1,Neutral,Positive,0.001188377,0.021912526,0.9768991,0.9768991,False
Cuban immigrants stranded for days at Reynosa-Hidalgo international bridge#Cuban #Immigration #reynosa #hidalgo…,1,Neutral,Negative,0.9874816,0.011932051,0.0005863915,0.9874816,False
@USER @USER Here's a need for voter suppression documentation.,1,Neutral,Negative,0.8889051,0.10894835,0.0021465751,0.8889051,False
@USER @USER @USER @USER 2018 may see the MOST ACTIVE Democratic primaries with more challenges than ever before.,1,Neutral,Positive,0.0020630844,0.03999875,0.9579382,0.9579382,False
Trump has been the recipient of generous political contributions from Energy Transfer chief executive Kelcy Warren.,1,Neutral,Positive,0.002716419,0.26171678,0.73556685,0.73556685,False
"#Aleppo slaughter: #Russia #Assad guilty of bombing civilians, world guilty of doing nothing #UN #POTUS #EU @USER",1,Neutral,Negative,0.99342644,0.0058097774,0.00076384033,0.99342644,False
But really... can't feel like we can #DrainTheSwamp with him around. #Cabal,1,Neutral,Negative,0.99235994,0.0067235595,0.0009164171,0.99235994,False
"MRC/YouGov Poll: Most Voters Saw, Rejected News #MediaBias[URL] #msm #tcot #uniteblue #maga #msmbias #p2 #liberalmedia",1,Neutral,Negative,0.9814135,0.017498814,0.0010876997,0.9814135,False
Really sounds like @USER doesn't want this job. Know who did? @USER It's why I'm #StillwithHer,1,Neutral,Negative,0.9851865,0.013388329,0.001425159,0.9851865,False
"#NeilPrakash, #Australia's most senior #ISIS recruiter has been arrested in the Middle East, months after the...",1,Neutral,Negative,0.9861119,0.013135687,0.00075248216,0.9861119,False
"@USER @USER If the #GOP dare to touch Social Security, I call for a massive class action suit. We might just sink the #GOP.",1,Neutral,Negative,0.99024266,0.008548059,0.0012092374,0.99024266,False
@USER In a roomful of Adolfs be a Ruth #ruthgruber #nytimes #TrumpTransitionTeam #SundayMorning,0,Negative,Neutral,0.07019074,0.9208594,0.008949882,0.9208594,False
"Yay, avocado smashers!!! make gun control tight tight tight!!!!!",1,Neutral,Positive,0.12223561,0.3900863,0.4876781,0.4876781,False
"The latest Art, Music & Culture in Lawrence Kansas! #nbawards #poetry",2,Positive,Neutral,0.0006783972,0.61501825,0.3843033,0.61501825,False
"...""radical acceptance"", a rigorous mental determination to meet head on the most powerful negatives in our lives...",0,Negative,Neutral,0.026681516,0.7256495,0.247669,0.7256495,False
The Elephant & Fly is out! #nationalfastfoodday #ad,1,Neutral,Positive,0.00070544786,0.079134986,0.9201596,0.9201596,False
"""Robots"" (2005) is a sensitive movie (B) #ConamaraViews <oh8qpr>",2,Positive,Neutral,0.009640353,0.9810426,0.009317059,0.9810426,False
@USER using brady as the gold standard? bills traded up and skipped over Mack. Hard not to see how big of a mistake that was. Oh well.,1,Neutral,Negative,0.98139393,0.016498588,0.0021074375,0.98139393,False
"@USER @USER If the electoral college is really acting to the benefit of the people they will have to do that. Legally, they can.",1,Neutral,Positive,0.0037979768,0.35131332,0.6448887,0.6448887,False
But the AP notes 'Kim Fat Fat Fat' still works,0,Negative,Neutral,0.0024686768,0.98172325,0.01580813,0.98172325,False
"Porcello nips Verlander, Scherzer romps in Cy Young win :Auto pickup by wikyou",2,Positive,Neutral,0.001155545,0.8242647,0.17457972,0.8242647,False
@USER @USER @USER @USER how have the obamas been anything but gracious to trump during the transition?,0,Negative,Neutral,0.14682478,0.7844703,0.06870495,0.7844703,False
"Trump Stock In Dakota Access Oil Pipeline Raises Questions via @USER And he was working on Carrier, Indians were hurt",1,Neutral,Negative,0.9798579,0.019072657,0.001069388,0.9798579,False
"The Cuban embargo remains for many sectors, as trade grows slowly @USER reports from…",0,Negative,Neutral,0.005875836,0.9845952,0.009529054,0.9845952,False
#Rich 15 Stunning Photos Of A Young Melania Trump,2,Positive,Neutral,0.0052944943,0.8383785,0.15632704,0.8383785,False
Learn more about how medical marijuana eases suffering for #Arthritis :,2,Positive,Neutral,0.005950512,0.78955853,0.20449091,0.78955853,False
@USER they went down to the last play against Kansas without 2 or 3 of their starters and Grayson Allen is winning POY,1,Neutral,Positive,0.003421818,0.073209554,0.9233686,0.9233686,False
@USER @USER @USER @USER @USER @USER @USER That didn't take long-GOP=Special interest.,0,Negative,Neutral,0.029600807,0.8356534,0.13474582,0.8356534,False
@USER @USER @USER Yeah Grayson Allen. 17 points vs W&M,2,Positive,Neutral,0.0012110294,0.9557077,0.043081146,0.9557077,False
Trump's excuse? Steve Bannon ate his homework.,1,Neutral,Negative,0.9891766,0.009858018,0.0009653789,0.9891766,False
Robots endanger up to two-thirds of emerging economy jobs: UN,1,Neutral,Negative,0.9921293,0.0070672724,0.00080340134,0.9921293,False
"8 essential #tech for biz: AI, VR, AR, Blockchain, IoT, Robot, Drones, 3D Printing",1,Neutral,Positive,0.0013407624,0.14235587,0.85630333,0.85630333,False
How appetising is a Full English Brexit? My latest 'Sideways View' for @USER,1,Neutral,Positive,0.0019651416,0.014996712,0.9830382,0.9830382,False
'Absurd & Evidence Free' (Polite way of saying Pack of Lies) - #Iran Rejects #Israel Claim of Arms for #Hezbollah on Commercial Flights,1,Neutral,Negative,0.9020607,0.09492984,0.0030094578,0.9020607,False
'The only leaders of church who would support gay marriage is churches of Satan' Pmsl #ItsSoTrue,0,Negative,Neutral,0.47522813,0.51425874,0.010513137,0.51425874,False
@USER @USER @USER I have yet to hear of any help from Obama admin. ..please post info if you have it. Thanks!,0,Negative,Neutral,0.17356898,0.8103589,0.016072236,0.8103589,False
"Euthanasia for alcoholics?! When life is devalued this is what can happen, all life is valuable @USER",1,Neutral,Negative,0.89508647,0.09943906,0.0054745106,0.89508647,False
#Spurs #GoSpursGo SAN ANTONIO SPURS #Card LOT TIM DUNCAN DAVID ROBINSON MANU GINOBILI AVERY JOHNSON #TimDuncan #NBA,2,Positive,Neutral,0.0015124164,0.9805971,0.017890522,0.9805971,False
Not too late to enjoy #thanksgiving! Buy your fave #sextoys @ using discount coupon codes @USER,1,Neutral,Positive,0.0010021762,0.0066805123,0.9923173,0.9923173,False
"on googling, 'police samsung galaxy note 4' looks popular7,000 West Yorks5,000 Wales2,000 Lancs1,500 Cumbria1,800 Essex2,000 Kent ?",1,Neutral,Positive,0.0023736611,0.2786683,0.718958,0.718958,False
"We might've 'stalled' a little, but it's here (we always knew our 'musical statues' skills would come in handy one…",1,Neutral,Positive,0.0021851026,0.06381763,0.9339973,0.9339973,False
""" #Refugees should just go home to #Syria "" they said. #Aleppo",1,Neutral,Negative,0.8708907,0.12713644,0.00197288,0.8708907,False
"Author @USER wins @USER award for ""The Underground Railroad"" via @USER #NBAwards",1,Neutral,Positive,0.0008723727,0.056575827,0.9425518,0.9425518,False
That's exactly how it is right this moment with a Trump cabinet! 🖕🏼🖕🏼🖕🏼🖕🏼🖕🏼,1,Neutral,Positive,0.0018122334,0.08408423,0.91410357,0.91410357,False
Fidel Castro's Apple Victory Could Be Short-Lived #fakeheadlinebot #learntocode #makeatwitterbot #javascript,1,Neutral,Negative,0.96437174,0.033983003,0.0016451711,0.96437174,False
Good enough for me. He told her to concede. And I thought. That is rushing it a bit. Same with Gore. Dems have to g…,2,Positive,Neutral,0.15846974,0.6520516,0.18947873,0.6520516,False
#Microsoft has become an active member of the open source community from #cloudcomputing to #networking to gaming. …,1,Neutral,Positive,0.0009699657,0.0118807275,0.9871493,0.9871493,False
"O dear. I wonder what ""fresh"" means in this context? ""Daniel Andrews: it’s time to ‘take fresh look’ at euthanasia""",1,Neutral,Negative,0.75506383,0.24134675,0.003589487,0.75506383,False
Picture | That time I took a photo of Zac Efron taking a photo of Zac Efron. Efronception. |,2,Positive,Neutral,0.0020196883,0.85683113,0.14114922,0.85683113,False
14. Whats Your Social Security Number ? 🌚😂😭😂😭😂😭😂,1,Neutral,Positive,0.013041247,0.13561684,0.8513419,0.8513419,False
@USER doesn't she know the whole DAPL protest was just to prevent it going on sacred land?? Not to protest fossil fuels,1,Neutral,Negative,0.9427233,0.055718437,0.0015583107,0.9427233,False
We cannot afford to ignore the conflict in #Yemen #protecthumanity #stopindifference,1,Neutral,Negative,0.96090317,0.037646372,0.0014504313,0.96090317,False
"@USER and, IF we don't, it's curtains for EVERYONE.Mother Nature does not ask for anyone's voter's registration.",1,Neutral,Negative,0.9315988,0.06585278,0.0025485135,0.9315988,False
@USER aint in support with Israel nor Palestine! Hope this fire is settled soon & there's no more massacre in #Palestine either...,1,Neutral,Negative,0.8412578,0.14978804,0.00895425,0.8412578,False
@USER @USER @USER #Israel #Jerusalem SHABBAT SHALOM & BLESSINGS EVERYONE!!!,2,Positive,Negative,0.9862266,0.011474958,0.0022984652,0.9862266,False
"Cristiano Ronaldo has been accused of tax evasion, Accodring to sources in Spain. Allegedly moving €63.5 mil. to V…",1,Neutral,Negative,0.90254647,0.09443882,0.0030147017,0.90254647,False
Image: Messi has been voted as the Champions League player of the week #fcblive [uefa],1,Neutral,Positive,0.0017305394,0.05914179,0.9391277,0.9391277,False
"spent 3 hours watching David Blaine youtube videos, THAT GUY IS FUCKING RIDICULOUS",0,Negative,Positive,0.22865622,0.103569604,0.66777414,0.66777414,False
@USER reports brush fire nearing community of Nataf in the #Jerusalem corridor. Some houses in Nataf went up in flames 4 days ago.,1,Neutral,Negative,0.9917436,0.0074757356,0.00078068435,0.9917436,False
Donald Trump is hiring all Mike pence's personnel friends to his cabinet???,1,Neutral,Negative,0.55274296,0.44029784,0.0069592013,0.55274296,False
Just prove it all wrong next year #cy young,1,Neutral,Negative,0.9721549,0.023586687,0.0042584124,0.9721549,False
How I feel after post #Thanksgiving headed to #BlackFriday looking for deals and doing my #cardio on... #Doyoueven?…,2,Positive,Neutral,0.0041068825,0.9040184,0.091874756,0.9040184,False
*Excellent* >> Europe: Let's Self-destruct! #EU #jihad #hijra #isis #muslims #migrants,1,Neutral,Negative,0.5381227,0.28626767,0.17560956,0.5381227,False
📷 “Cuba sends physicians all over the world. The U.S. responds with an embargo.” Via USSR 2.0,0,Negative,Neutral,0.009747488,0.9840157,0.0062367893,0.9840157,False
"Bearakeet, Burtle, Draggle, Penguala for sale! DM me before they are all gone! #Hatchimals #hatchimal #blackfriday…",2,Positive,Neutral,0.0049456554,0.9142835,0.08077079,0.9142835,False
Well - we shld be grateful for that home b/c most likely the DT admin will cut it from the budget/put them on the s…,0,Negative,Neutral,0.13420616,0.49642414,0.36936975,0.49642414,False
"@USER @USER trump already broke cuba embargo, so that part is taken care of i guess diplomacy in 140 in not good policy.",1,Neutral,Negative,0.93734646,0.059842017,0.0028115108,0.93734646,False
Coming Soon: Vengeance Against NLRB For Ruling Against Trump in Union Fight[URL] #uniteblue,1,Neutral,Negative,0.6535229,0.3419099,0.0045672115,0.6535229,False
5 Incidents of How Zac Efron Is Inspirational,1,Neutral,Positive,0.0011517229,0.012265903,0.9865824,0.9865824,False
@USER @USER @USER @USER Yes. US citizens happily employed for MINIMAL (not minimum) wage! I can see it now!,1,Neutral,Positive,0.0013669945,0.006021643,0.99261135,0.99261135,False
Hey Liberals. I'm going to ask for a recount and try get Hillary into the presidency. You can send me your money. Bank details later,0,Negative,Neutral,0.0888315,0.8694639,0.041704588,0.8694639,False
@USER unfortunately that requires a Galaxy Note 7,1,Neutral,Negative,0.64929694,0.3149684,0.035734702,0.64929694,False
Taking hella left overs for my break today thanksgiving pt.2 mf .,2,Positive,Neutral,0.02721439,0.6192785,0.35350704,0.6192785,False
@USER divest from the Bakken Dakota Access Pipeline. #NoDAPL #IStandWithStandingRock #WaterIsLife#divestdapl,1,Neutral,Negative,0.52396125,0.45893896,0.017099842,0.52396125,False
@USER you joke was funny I thought .Everyone took the piss out of melania trump for copying Michelle's speech .,1,Neutral,Negative,0.97897595,0.019608097,0.0014159818,0.97897595,False
Full Gallery: Mac - Learning to deep throat,0,Negative,Neutral,0.0016053175,0.9777504,0.0206442,0.9777504,False
Dementia and Mercury from vaccines #health #wellness #wujilife,1,Neutral,Negative,0.81010264,0.18396519,0.0059321695,0.81010264,False
HAHAHAHA Chanel #5 is running out of blood 😹 #ScreamQueens,1,Neutral,Negative,0.85426897,0.1013134,0.044417616,0.85426897,False
"Couple scorched earth w/voter obstruction, suppression & gerrymandering & you have GOP policy. They fear THE VOTE.",1,Neutral,Negative,0.9915262,0.0075323433,0.0009415029,0.9915262,False
@USER you shut your mouth Grayson Allen is a saint,0,Negative,Positive,0.0062612463,0.04954376,0.94419503,0.94419503,False
"@USER ""As conservatives, we also care about your sexuality though"".",0,Negative,Neutral,0.02438398,0.9522371,0.023379022,0.9522371,False
List of people I'd love to punch in the mouth:1. Grayson Allen2. Josh Norman3. Josh Norman again,0,Negative,Positive,0.13926704,0.40665033,0.45408264,0.45408264,False
inch NET [russian #NO] President SAAKASHVILI @USER attacked by @USER LOST 2 provinces said #YES to @USER i…,1,Neutral,Negative,0.9654188,0.033267003,0.0013141338,0.9654188,False
I'd love your thoughts on this!,1,Neutral,Positive,0.0015134615,0.002799306,0.9956872,0.9956872,False
Uno wen u finally get over the fact u were in Tipp for 8 wks on placement and then get an email to say u'll be in Kilkenny for another 8 wks,0,Negative,Neutral,0.025091209,0.9667946,0.008114263,0.9667946,False
@USER @USER sir serious concern must take to avoid fossil fuels solar cars and so on must come to india jai hind.,0,Negative,Neutral,0.28474525,0.69307536,0.02217939,0.69307536,False
I'm not going to sack Tony romo but I will sack dak,0,Negative,Neutral,0.018514855,0.96860963,0.012875471,0.96860963,False
Saakashvili passed the test for the maintenance drugs. Video -,1,Neutral,Positive,0.001860506,0.079562865,0.9185766,0.9185766,False
"@USER Lucky you don't have VR, then!",1,Neutral,Positive,0.04731724,0.1349591,0.81772363,0.81772363,False
Also low-key wanting to look into veganism & vegetarianism? I'm feeling like trash & want to do something good for my diet and the earth.,1,Neutral,Negative,0.98209643,0.016203996,0.0016996044,0.98209643,False
This man David Blaine can finesse you out your shoes,1,Neutral,Positive,0.0021097306,0.018915024,0.97897524,0.97897524,False
@USER @USER I don't know costs associated with security of a Pres. I do know 8 yrs of Obama admin has taken a huge toll on America.,1,Neutral,Negative,0.9909105,0.008066374,0.0010232183,0.9909105,False
The phoenix cried fat tears of pearlWhen the dragon snapped up his best girl 🎶 @USER #FantasticBeasts #FBNewt[URL],0,Negative,Neutral,0.028700992,0.6577191,0.31358,0.6577191,False
"#Yemen: hospitals being terrorised by US allied, #Saudi funded anti-Houthi forces in Ta'iz",1,Neutral,Negative,0.99307305,0.006251417,0.000675582,0.99307305,False
Match my grind 😏,1,Neutral,Positive,0.0010850974,0.0066387,0.99227625,0.99227625,False
The latest #NoTPP Today ([URL] Thanks to @USER @USER @USER #stoptpp #tpp,1,Neutral,Positive,0.0011937922,0.1958159,0.80299026,0.80299026,False
@USER 1. Emily 2. Michel 3. Kirk 4. TJ. Love the quirky ones and Emily coz she's such a BIATCH! #gilmoregirlstop4,1,Neutral,Positive,0.0018421286,0.0030648725,0.995093,0.995093,False
"‣ Chomsky and Hillary | ""Why are some leftists acting that Hillary was some great..."" | | #AngryArab",1,Neutral,Negative,0.98111457,0.017722301,0.001163129,0.98111457,False
BREAKING Fox NEWS: (WTF) President OBAMA at fault for ANTI TRUMP riots,1,Neutral,Negative,0.9913796,0.0077426387,0.0008777044,0.9913796,False
Cynthia Mckinney: AIPAC total control of US Gov't #aipac #lobby #israel #palestine #BDS,1,Neutral,Negative,0.6791813,0.31654358,0.0042751865,0.6791813,False
Killer Robots and Rebel Wieners: Did Hollywood’s Working-Class Revolt Fantasies Fuel Trump’s Rise?,1,Neutral,Negative,0.5371228,0.45574304,0.0071341684,0.5371228,False
"Kelly Anne Conway is here reporting the wall is a glorious 10 meters high, while Ben Carson counters that 'meters' arent even a real thing",2,Positive,Neutral,0.025339318,0.8631695,0.111491255,0.8631695,False
Listen to #NBAwards Winner @USER interview on @USER,2,Positive,Neutral,0.00074247445,0.88478184,0.11447569,0.88478184,False
"@USER Nah, she's cool. Repeal won't kick in before summer, when she's old enough for Medicare. Oh, wait...",1,Neutral,Negative,0.97762305,0.019401925,0.0029750941,0.97762305,False
@USER where did you get the fact that there is infighting in the Trump transition team over SofS? @USER,1,Neutral,Negative,0.90027446,0.09750654,0.0022189538,0.90027446,False
Some NBA team is going to waste a 1st round pick on Grayson Allen. I'm guessing the Suns,1,Neutral,Negative,0.49809197,0.49393973,0.007968338,0.49809197,False
"@USER Corby - he was all for building a wall on the Mexican border, denying Muslims entry to the US, and against BLM.",1,Neutral,Negative,0.9794566,0.019011885,0.0015315404,0.9794566,False
Pelosi should go no matter,0,Negative,Neutral,0.10615834,0.8621193,0.031722333,0.8621193,False
The Reputation Doctor weighs in on Tony Romo #NFL @USER joins @USER on #TheMorningRush LISTEN:,2,Positive,Neutral,0.0018571354,0.98349285,0.0146500375,0.98349285,False
@USER ....they haven't read about his history with that wall in Scotland or his shabby business deals.#deplorables bought a lemon,1,Neutral,Negative,0.935152,0.06301068,0.0018372539,0.935152,False
One Of Us Cannot Be Wrong | Leonard Cohen,1,Neutral,Positive,0.003285241,0.031127872,0.96558696,0.96558696,False
The latest Bare Thoughts that matter!! Thanks to @USER @USER @USER #nodapl #nbawards,1,Neutral,Positive,0.0007249007,0.015600693,0.9836744,0.9836744,False
First Look at Neighbors 2 with Zac Efron Shirtless! (PHOTO)... #zacefron,1,Neutral,Positive,0.0010356132,0.19576342,0.803201,0.803201,False
I'm crying over Richard and Leonard Cohen 😭😭😭 #GilmoreGirlsRevival,1,Neutral,Positive,0.07487643,0.1482795,0.7768441,0.7768441,False
President-elect @USER has a conflict of interest in Dakota Access Pipeline. #IStandWithStandingRock,1,Neutral,Negative,0.9194521,0.07820929,0.0023387126,0.9194521,False
cause like euthanasia get it? lmaooo,1,Neutral,Negative,0.99028593,0.008254437,0.0014597247,0.99028593,False
Go fight 4 REAL women's rights like 4 the ones who suffer in human trafficking or from being raped by rapeugees.Or…,1,Neutral,Negative,0.96073073,0.037262738,0.002006522,0.96073073,False
Git 'em girls #BarackObama #blm #blacklivesmatter #mylifematters #therealskinnysuge #thepeopleschamp #skinnyup #pmd…,1,Neutral,Negative,0.80617917,0.18089245,0.012928372,0.80617917,False
Sentinel Editorial: FBI’s Comey ‘had no one of middle class families.,1,Neutral,Negative,0.97040176,0.028559804,0.001038432,0.97040176,False
perfect pussy clips #vanessa hudgens zac efron naked,1,Neutral,Positive,0.0023729326,0.03735329,0.9602738,0.9602738,False
